customerID,risk_score,ensemble_probability,gb_probability,rf_probability,lr_probability,risk_level,monthly_revenue,annual_revenue_risk,tenure_months,contract_type,payment_method,actual_churn,priority_rank,churn_drivers,recommended_action
5178-LMXOP,93.5,0.935,0.9128,0.9624,0.9496,Critical,95.1,1141.2,1,Month-to-month,Electronic check,1,2,Month-to-month contract | Manual payment method | New customer (0-12 months),Personal call within 24 hours. Offer 40% discount on annual plan upgrade. Escalate to senior retention specialist.
1069-XAIEM,91.4,0.9135,0.8893,0.9371,0.9387,Critical,85.05,1020.6,1,Month-to-month,Electronic check,1,12,Month-to-month contract | Manual payment method | New customer (0-12 months),Personal call within 24 hours. Offer 40% discount on annual plan upgrade. Escalate to senior retention specialist.
6861-XWTWQ,91.0,0.9101,0.8818,0.9356,0.9428,Critical,99.25,1191.0,7,Month-to-month,Electronic check,1,16,Month-to-month contract | Manual payment method | New customer (0-12 months),Personal call within 24 hours. Offer 40% discount on annual plan upgrade. Escalate to senior retention specialist.
5150-ITWWB,90.3,0.9035,0.8668,0.9331,0.9508,Critical,94.85,1138.2,3,Month-to-month,Electronic check,0,30,Month-to-month contract | Manual payment method | New customer (0-12 months),Personal call within 24 hours. Offer 40% discount on annual plan upgrade. Escalate to senior retention specialist.
2609-IAICY,90.2,0.9024,0.8912,0.9267,0.894,Critical,77.15,925.8,1,Month-to-month,Electronic check,1,33,Month-to-month contract | Manual payment method | New customer (0-12 months),Personal call within 24 hours. Offer 40% discount on annual plan upgrade. Escalate to senior retention specialist.
6023-YEBUP,90.1,0.9014,0.8793,0.9156,0.9353,Critical,100.95,1211.4,3,Month-to-month,Electronic check,1,37,Month-to-month contract | Manual payment method | New customer (0-12 months),Personal call within 24 hours. Offer 40% discount on annual plan upgrade. Escalate to senior retention specialist.
6857-VWJDT,90.1,0.9006,0.8903,0.926,0.8884,Critical,95.65,1147.8,1,Month-to-month,Mailed check,1,38,Month-to-month contract | Manual payment method | New customer (0-12 months),Personal call within 24 hours. Offer 40% discount on annual plan upgrade. Escalate to senior retention specialist.
6521-YYTYI,90.0,0.9003,0.8697,0.929,0.9337,Critical,93.3,1119.6,1,Month-to-month,Electronic check,1,39,Month-to-month contract | Manual payment method | New customer (0-12 months),Personal call within 24 hours. Offer 40% discount on annual plan upgrade. Escalate to senior retention specialist.
9057-SIHCH,89.4,0.894,0.8558,0.9326,0.9318,Critical,96.6,1159.2,3,Month-to-month,Electronic check,1,70,Month-to-month contract | Manual payment method | New customer (0-12 months),Personal call within 24 hours. Offer 40% discount on annual plan upgrade. Escalate to senior retention specialist.
4415-IJZTP,89.2,0.8922,0.872,0.9151,0.9083,Critical,74.5,894.0,1,Month-to-month,Electronic check,1,73,Month-to-month contract | Manual payment method | New customer (0-12 months),Personal call within 24 hours. Offer 40% discount on annual plan upgrade. Escalate to senior retention specialist.
8375-DKEBR,89.2,0.8924,0.8598,0.9412,0.9005,Critical,69.6,835.2,1,Month-to-month,Electronic check,1,79,Month-to-month contract | Manual payment method | New customer (0-12 months),Personal call within 24 hours. Offer 40% discount on annual plan upgrade. Escalate to senior retention specialist.
2865-TCHJW,89.1,0.891,0.8534,0.9228,0.937,Critical,89.2,1070.4,4,Month-to-month,Electronic check,1,86,Month-to-month contract | Manual payment method | New customer (0-12 months),Personal call within 24 hours. Offer 40% discount on annual plan upgrade. Escalate to senior retention specialist.
5539-TMZLF,89.0,0.89,0.8562,0.9407,0.8985,Critical,69.75,837.0,1,Month-to-month,Electronic check,1,87,Month-to-month contract | Manual payment method | New customer (0-12 months),Personal call within 24 hours. Offer 40% discount on annual plan upgrade. Escalate to senior retention specialist.
6372-RFVNS,88.4,0.8838,0.8633,0.9187,0.8825,Critical,78.8,945.6,1,Month-to-month,Electronic check,1,105,Month-to-month contract | Manual payment method | New customer (0-12 months),Personal call within 24 hours. Offer 40% discount on annual plan upgrade. Escalate to senior retention specialist.
3722-WPXTK,88.3,0.8826,0.8378,0.9265,0.9286,Critical,88.35,1060.2,1,Month-to-month,Electronic check,1,106,Month-to-month contract | Manual payment method | New customer (0-12 months),Personal call within 24 hours. Offer 40% discount on annual plan upgrade. Escalate to senior retention specialist.
0679-IDSTG,88.2,0.8816,0.8559,0.9257,0.8798,Critical,69.25,831.0,1,Month-to-month,Electronic check,1,114,Month-to-month contract | Manual payment method | New customer (0-12 months),Personal call within 24 hours. Offer 40% discount on annual plan upgrade. Escalate to senior retention specialist.
7180-PISOG,88.0,0.88,0.8588,0.9115,0.8855,Critical,74.5,894.0,1,Month-to-month,Electronic check,1,116,Month-to-month contract | Manual payment method | New customer (0-12 months),Personal call within 24 hours. Offer 40% discount on annual plan upgrade. Escalate to senior retention specialist.
4078-SAYYN,88.0,0.8799,0.8472,0.9075,0.9205,Critical,100.75,1209.0,11,Month-to-month,Electronic check,1,118,Month-to-month contract | Manual payment method | New customer (0-12 months),Personal call within 24 hours. Offer 40% discount on annual plan upgrade. Escalate to senior retention specialist.
0970-ETWGE,87.7,0.8772,0.8434,0.9026,0.9236,Critical,89.55,1074.6,1,Month-to-month,Electronic check,1,133,Month-to-month contract | Manual payment method | New customer (0-12 months),Personal call within 24 hours. Offer 40% discount on annual plan upgrade. Escalate to senior retention specialist.
1820-TQVEV,87.5,0.8751,0.834,0.941,0.8792,Critical,69.55,834.6,1,Month-to-month,Electronic check,1,139,Month-to-month contract | Manual payment method | New customer (0-12 months),Personal call within 24 hours. Offer 40% discount on annual plan upgrade. Escalate to senior retention specialist.
5542-TBBWB,87.4,0.8743,0.834,0.9395,0.877,Critical,69.9,838.8,1,Month-to-month,Electronic check,0,151,Month-to-month contract | Manual payment method | New customer (0-12 months),Personal call within 24 hours. Offer 40% discount on annual plan upgrade. Escalate to senior retention specialist.
9804-ICWBG,87.4,0.8743,0.834,0.9395,0.877,Critical,69.9,838.8,1,Month-to-month,Electronic check,1,152,Month-to-month contract | Manual payment method | New customer (0-12 months),Personal call within 24 hours. Offer 40% discount on annual plan upgrade. Escalate to senior retention specialist.
5196-SGOAK,87.0,0.8696,0.8562,0.9046,0.8504,Critical,75.7,908.4,1,Month-to-month,Electronic check,1,164,Month-to-month contract | Manual payment method | New customer (0-12 months),Personal call within 24 hours. Offer 40% discount on annual plan upgrade. Escalate to senior retention specialist.
7181-BQYBV,87.0,0.8702,0.8674,0.8501,0.9074,Critical,102.45,1229.4,1,Month-to-month,Electronic check,1,165,Month-to-month contract | Manual payment method | New customer (0-12 months),Personal call within 24 hours. Offer 40% discount on annual plan upgrade. Escalate to senior retention specialist.
8593-WHYHV,87.0,0.87,0.8265,0.9092,0.9196,Critical,85.3,1023.6,3,Month-to-month,Electronic check,1,169,Month-to-month contract | Manual payment method | New customer (0-12 months),Personal call within 24 hours. Offer 40% discount on annual plan upgrade. Escalate to senior retention specialist.
3244-DCJWY,86.9,0.8693,0.838,0.917,0.8762,Critical,70.25,843.0,1,Month-to-month,Electronic check,1,171,Month-to-month contract | Manual payment method | New customer (0-12 months),Personal call within 24 hours. Offer 40% discount on annual plan upgrade. Escalate to senior retention specialist.
7465-ZZRVX,86.9,0.8695,0.834,0.9257,0.874,Critical,70.35,844.2,1,Month-to-month,Electronic check,0,172,Month-to-month contract | Manual payment method | New customer (0-12 months),Personal call within 24 hours. Offer 40% discount on annual plan upgrade. Escalate to senior retention specialist.
1640-PLFMP,86.9,0.8693,0.838,0.917,0.8762,Critical,70.25,843.0,1,Month-to-month,Electronic check,0,173,Month-to-month contract | Manual payment method | New customer (0-12 months),Personal call within 24 hours. Offer 40% discount on annual plan upgrade. Escalate to senior retention specialist.
3716-BDVDB,86.8,0.8682,0.834,0.916,0.8821,Critical,69.1,829.2,1,Month-to-month,Electronic check,1,175,Month-to-month contract | Manual payment method | New customer (0-12 months),Personal call within 24 hours. Offer 40% discount on annual plan upgrade. Escalate to senior retention specialist.
0655-RBDUG,86.8,0.8678,0.847,0.9044,0.8646,Critical,98.05,1176.6,7,Month-to-month,Bank transfer (automatic),1,177,Month-to-month contract | New customer (0-12 months) | Fiber optic (premium price risk),Personal call within 24 hours. Offer 40% discount on annual plan upgrade. Escalate to senior retention specialist.
5376-DEQCP,86.7,0.867,0.838,0.9106,0.8738,Critical,70.6,847.2,1,Month-to-month,Electronic check,1,180,Month-to-month contract | Manual payment method | New customer (0-12 months),Personal call within 24 hours. Offer 40% discount on annual plan upgrade. Escalate to senior retention specialist.
1448-PWKYE,86.6,0.8664,0.848,0.9112,0.8454,Critical,80.0,960.0,1,Month-to-month,Electronic check,1,182,Month-to-month contract | Manual payment method | New customer (0-12 months),Personal call within 24 hours. Offer 40% discount on annual plan upgrade. Escalate to senior retention specialist.
4750-ZRXIU,86.3,0.8634,0.8024,0.9168,0.9356,Critical,84.6,1015.2,4,Month-to-month,Electronic check,1,189,Month-to-month contract | Manual payment method | New customer (0-12 months),Personal call within 24 hours. Offer 40% discount on annual plan upgrade. Escalate to senior retention specialist.
1853-UDXBW,86.3,0.8634,0.8296,0.9295,0.8487,Critical,70.0,840.0,1,Month-to-month,Electronic check,1,194,Month-to-month contract | Manual payment method | New customer (0-12 months),Personal call within 24 hours. Offer 40% discount on annual plan upgrade. Escalate to senior retention specialist.
5167-ZFFMM,86.0,0.8601,0.8541,0.901,0.8137,Critical,90.85,1090.2,1,Month-to-month,Credit card (automatic),1,202,Month-to-month contract | New customer (0-12 months) | Fiber optic (premium price risk),Personal call within 24 hours. Offer 40% discount on annual plan upgrade. Escalate to senior retention specialist.
6910-HADCM,85.8,0.8579,0.842,0.898,0.8376,Critical,76.35,916.2,1,Month-to-month,Electronic check,1,211,Month-to-month contract | Manual payment method | New customer (0-12 months),Personal call within 24 hours. Offer 40% discount on annual plan upgrade. Escalate to senior retention specialist.
2867-UIMSS,85.8,0.8575,0.8256,0.9,0.8739,Critical,80.5,966.0,1,Month-to-month,Electronic check,1,213,Month-to-month contract | Manual payment method | New customer (0-12 months),Personal call within 24 hours. Offer 40% discount on annual plan upgrade. Escalate to senior retention specialist.
6979-ZNSFF,85.7,0.8565,0.8078,0.907,0.9027,Critical,87.05,1044.6,8,Month-to-month,Electronic check,1,218,Month-to-month contract | Manual payment method | New customer (0-12 months),Personal call within 24 hours. Offer 40% discount on annual plan upgrade. Escalate to senior retention specialist.
7409-KIUTL,85.7,0.8568,0.8178,0.9129,0.8704,Critical,71.0,852.0,1,Month-to-month,Electronic check,1,221,Month-to-month contract | Manual payment method | New customer (0-12 months),Personal call within 24 hours. Offer 40% discount on annual plan upgrade. Escalate to senior retention specialist.
3296-SILRA,85.4,0.8542,0.8428,0.8997,0.8145,Critical,76.4,916.8,1,Month-to-month,Mailed check,1,227,Month-to-month contract | Manual payment method | New customer (0-12 months),Personal call within 24 hours. Offer 40% discount on annual plan upgrade. Escalate to senior retention specialist.
1768-ZAIFU,85.3,0.8535,0.8267,0.8787,0.8823,Critical,25.2,302.4,1,Month-to-month,Electronic check,1,231,Month-to-month contract | Manual payment method | New customer (0-12 months),Personal call within 24 hours. Offer 40% discount on annual plan upgrade. Escalate to senior retention specialist.
4587-VVTOX,85.2,0.8517,0.8033,0.8913,0.9133,Critical,105.3,1263.6,6,Month-to-month,Electronic check,1,237,Month-to-month contract | Manual payment method | New customer (0-12 months),Personal call within 24 hours. Offer 40% discount on annual plan upgrade. Escalate to senior retention specialist.
3319-DWOEP,85.1,0.851,0.7916,0.903,0.9213,Critical,95.75,1149.0,6,Month-to-month,Electronic check,1,242,Month-to-month contract | Manual payment method | New customer (0-12 months),Personal call within 24 hours. Offer 40% discount on annual plan upgrade. Escalate to senior retention specialist.
6969-MVBAI,85.1,0.8506,0.7871,0.9075,0.9242,Critical,90.1,1081.2,9,Month-to-month,Electronic check,0,243,Month-to-month contract | Manual payment method | New customer (0-12 months),Personal call within 24 hours. Offer 40% discount on annual plan upgrade. Escalate to senior retention specialist.
8380-PEFPE,85.1,0.8512,0.8221,0.9086,0.838,Critical,71.65,859.8,1,Month-to-month,Electronic check,1,246,Month-to-month contract | Manual payment method | New customer (0-12 months),Personal call within 24 hours. Offer 40% discount on annual plan upgrade. Escalate to senior retention specialist.
3006-XIMLN,85.1,0.8507,0.8185,0.9061,0.8479,Critical,94.2,1130.4,2,Month-to-month,Bank transfer (automatic),1,247,Month-to-month contract | New customer (0-12 months) | Fiber optic (premium price risk),Personal call within 24 hours. Offer 40% discount on annual plan upgrade. Escalate to senior retention specialist.
2034-GDRCN,85.1,0.8509,0.7834,0.9191,0.9173,Critical,90.4,1084.8,2,Month-to-month,Electronic check,1,248,Month-to-month contract | Manual payment method | New customer (0-12 months),Personal call within 24 hours. Offer 40% discount on annual plan upgrade. Escalate to senior retention specialist.
0841-NULXI,85.0,0.8502,0.8255,0.8708,0.8809,Critical,35.55,426.6,1,Month-to-month,Electronic check,1,250,Month-to-month contract | Manual payment method | New customer (0-12 months),Personal call within 24 hours. Offer 40% discount on annual plan upgrade. Escalate to senior retention specialist.
5052-PNLOS,85.0,0.8501,0.8383,0.8786,0.8369,Critical,105.35,1264.2,3,Month-to-month,Bank transfer (automatic),1,253,Month-to-month contract | New customer (0-12 months) | Fiber optic (premium price risk),Personal call within 24 hours. Offer 40% discount on annual plan upgrade. Escalate to senior retention specialist.
7398-SKNQZ,84.9,0.8491,0.7825,0.9134,0.9192,Critical,94.9,1138.8,3,Month-to-month,Electronic check,0,256,Month-to-month contract | Manual payment method | New customer (0-12 months),Personal call within 24 hours. Offer 40% discount on annual plan upgrade. Escalate to senior retention specialist.
3707-GNWHM,84.7,0.8467,0.8137,0.8868,0.869,Critical,74.25,891.0,1,Month-to-month,Mailed check,1,261,Month-to-month contract | Manual payment method | New customer (0-12 months),Personal call within 24 hours. Offer 40% discount on annual plan upgrade. Escalate to senior retention specialist.
1143-NMNQJ,84.6,0.8459,0.7747,0.9146,0.9204,Critical,85.7,1028.4,2,Month-to-month,Electronic check,1,262,Month-to-month contract | Manual payment method | New customer (0-12 months),Personal call within 24 hours. Offer 40% discount on annual plan upgrade. Escalate to senior retention specialist.
4445-ZJNMU,84.6,0.846,0.8437,0.8599,0.8309,Critical,99.3,1191.6,9,Month-to-month,Credit card (automatic),0,263,Month-to-month contract | New customer (0-12 months) | Fiber optic (premium price risk),Personal call within 24 hours. Offer 40% discount on annual plan upgrade. Escalate to senior retention specialist.
5419-CONWX,84.2,0.8416,0.8283,0.8644,0.8407,Critical,99.8,1197.6,4,Month-to-month,Credit card (automatic),1,280,Month-to-month contract | New customer (0-12 months) | Fiber optic (premium price risk),Personal call within 24 hours. Offer 40% discount on annual plan upgrade. Escalate to senior retention specialist.
0235-KGSLC,84.0,0.8398,0.8193,0.8962,0.8066,Critical,85.55,1026.6,1,Month-to-month,Credit card (automatic),1,286,Month-to-month contract | New customer (0-12 months) | Fiber optic (premium price risk),Personal call within 24 hours. Offer 40% discount on annual plan upgrade. Escalate to senior retention specialist.
9507-EXLTT,83.8,0.8385,0.8262,0.886,0.7979,Critical,79.35,952.2,1,Month-to-month,Bank transfer (automatic),1,294,Month-to-month contract | New customer (0-12 months) | Fiber optic (premium price risk),Personal call within 24 hours. Offer 40% discount on annual plan upgrade. Escalate to senior retention specialist.
3097-NQYSN,83.5,0.8354,0.767,0.9095,0.8952,Critical,86.85,1042.2,2,Month-to-month,Mailed check,1,302,Month-to-month contract | Manual payment method | New customer (0-12 months),Personal call within 24 hours. Offer 40% discount on annual plan upgrade. Escalate to senior retention specialist.
0390-DCFDQ,83.3,0.8333,0.7961,0.8847,0.8493,Critical,70.45,845.4,1,Month-to-month,Mailed check,1,309,Month-to-month contract | Manual payment method | New customer (0-12 months),Personal call within 24 hours. Offer 40% discount on annual plan upgrade. Escalate to senior retention specialist.
8622-ZLFKO,83.2,0.8316,0.7592,0.9132,0.8903,Critical,90.75,1089.0,6,Month-to-month,Electronic check,0,311,Month-to-month contract | Manual payment method | New customer (0-12 months),Personal call within 24 hours. Offer 40% discount on annual plan upgrade. Escalate to senior retention specialist.
8821-XNHVZ,83.2,0.8321,0.798,0.8913,0.8288,Critical,80.05,960.6,1,Month-to-month,Mailed check,1,315,Month-to-month contract | Manual payment method | New customer (0-12 months),Personal call within 24 hours. Offer 40% discount on annual plan upgrade. Escalate to senior retention specialist.
4060-LDNLU,83.2,0.8316,0.7562,0.9095,0.9032,Critical,96.2,1154.4,7,Month-to-month,Electronic check,0,318,Month-to-month contract | Manual payment method | New customer (0-12 months),Personal call within 24 hours. Offer 40% discount on annual plan upgrade. Escalate to senior retention specialist.
8258-GSTJK,83.1,0.831,0.7704,0.8815,0.9067,Critical,77.0,924.0,3,Month-to-month,Electronic check,1,323,Month-to-month contract | Manual payment method | New customer (0-12 months),Personal call within 24 hours. Offer 40% discount on annual plan upgrade. Escalate to senior retention specialist.
3727-RJMEO,83.1,0.8308,0.7709,0.8704,0.9208,Critical,82.85,994.2,6,Month-to-month,Electronic check,1,324,Month-to-month contract | Manual payment method | New customer (0-12 months),Personal call within 24 hours. Offer 40% discount on annual plan upgrade. Escalate to senior retention specialist.
2952-QAYZF,82.8,0.8283,0.7767,0.883,0.8752,Critical,85.3,1023.6,5,Month-to-month,Electronic check,1,336,Month-to-month contract | Manual payment method | New customer (0-12 months),Personal call within 24 hours. Offer 40% discount on annual plan upgrade. Escalate to senior retention specialist.
9940-RHLFB,82.8,0.8281,0.7845,0.8888,0.8461,Critical,75.3,903.6,1,Month-to-month,Electronic check,1,339,Month-to-month contract | Manual payment method | New customer (0-12 months),Personal call within 24 hours. Offer 40% discount on annual plan upgrade. Escalate to senior retention specialist.
7209-JCUDS,82.6,0.8264,0.7653,0.8761,0.9045,Critical,94.9,1138.8,10,Month-to-month,Electronic check,1,354,Month-to-month contract | Manual payment method | New customer (0-12 months),Personal call within 24 hours. Offer 40% discount on annual plan upgrade. Escalate to senior retention specialist.
3519-ZKXGG,82.5,0.8252,0.7655,0.8775,0.8958,Critical,75.85,910.2,3,Month-to-month,Electronic check,1,357,Month-to-month contract | Manual payment method | New customer (0-12 months),Personal call within 24 hours. Offer 40% discount on annual plan upgrade. Escalate to senior retention specialist.
4115-NZRKS,82.5,0.8253,0.7552,0.8753,0.9258,Critical,89.15,1069.8,7,Month-to-month,Electronic check,0,360,Month-to-month contract | Manual payment method | New customer (0-12 months),Personal call within 24 hours. Offer 40% discount on annual plan upgrade. Escalate to senior retention specialist.
1200-TUZHR,82.5,0.8249,0.7545,0.889,0.9046,Critical,85.2,1022.4,8,Month-to-month,Electronic check,0,361,Month-to-month contract | Manual payment method | New customer (0-12 months),Personal call within 24 hours. Offer 40% discount on annual plan upgrade. Escalate to senior retention specialist.
0187-QSXOE,82.4,0.8241,0.7429,0.892,0.9252,Critical,89.0,1068.0,7,Month-to-month,Electronic check,0,362,Month-to-month contract | Manual payment method | New customer (0-12 months),Personal call within 24 hours. Offer 40% discount on annual plan upgrade. Escalate to senior retention specialist.
2027-FECZV,82.2,0.8224,0.795,0.819,0.8958,Critical,106.7,1280.4,12,Month-to-month,Electronic check,1,371,Month-to-month contract | Manual payment method | New customer (0-12 months),Personal call within 24 hours. Offer 40% discount on annual plan upgrade. Escalate to senior retention specialist.
3177-LASXD,82.2,0.8221,0.7805,0.8814,0.837,Critical,71.35,856.2,1,Month-to-month,Electronic check,1,372,Month-to-month contract | Manual payment method | New customer (0-12 months),Personal call within 24 hours. Offer 40% discount on annual plan upgrade. Escalate to senior retention specialist.
2856-HYAPG,82.1,0.8214,0.7805,0.8652,0.8582,Critical,68.65,823.8,1,Month-to-month,Electronic check,1,373,Month-to-month contract | Manual payment method | New customer (0-12 months),Personal call within 24 hours. Offer 40% discount on annual plan upgrade. Escalate to senior retention specialist.
5698-BQJOH,82.0,0.8201,0.744,0.8871,0.9101,Critical,94.4,1132.8,9,Month-to-month,Electronic check,1,376,Month-to-month contract | Manual payment method | New customer (0-12 months),Personal call within 24 hours. Offer 40% discount on annual plan upgrade. Escalate to senior retention specialist.
9221-OTIVJ,81.9,0.8194,0.792,0.8188,0.889,Critical,104.85,1258.2,14,Month-to-month,Electronic check,1,382,Month-to-month contract | Manual payment method | Fiber optic (premium price risk),Personal call within 24 hours. Offer 40% discount on annual plan upgrade. Escalate to senior retention specialist.
6328-ZPBGN,81.7,0.8172,0.7788,0.8551,0.8563,Critical,95.15,1141.8,11,Month-to-month,Bank transfer (automatic),1,388,Month-to-month contract | New customer (0-12 months) | Fiber optic (premium price risk),Personal call within 24 hours. Offer 40% discount on annual plan upgrade. Escalate to senior retention specialist.
2123-AGEEN,81.6,0.8155,0.7427,0.8737,0.9103,Critical,84.35,1012.2,7,Month-to-month,Electronic check,0,392,Month-to-month contract | Manual payment method | New customer (0-12 months),Personal call within 24 hours. Offer 40% discount on annual plan upgrade. Escalate to senior retention specialist.
0616-ATFGB,81.6,0.8163,0.7711,0.869,0.8503,Critical,25.05,300.6,1,Month-to-month,Electronic check,1,394,Month-to-month contract | Manual payment method | New customer (0-12 months),Personal call within 24 hours. Offer 40% discount on annual plan upgrade. Escalate to senior retention specialist.
4234-XTNEA,81.2,0.8117,0.7266,0.8951,0.8995,Critical,79.95,959.4,2,Month-to-month,Electronic check,0,410,Month-to-month contract | Manual payment method | New customer (0-12 months),Personal call within 24 hours. Offer 40% discount on annual plan upgrade. Escalate to senior retention specialist.
9611-CTWIH,81.0,0.8103,0.7254,0.8795,0.9185,Critical,89.45,1073.4,3,Month-to-month,Electronic check,1,418,Month-to-month contract | Manual payment method | New customer (0-12 months),Personal call within 24 hours. Offer 40% discount on annual plan upgrade. Escalate to senior retention specialist.
4749-OJKQU,81.0,0.8096,0.7447,0.8621,0.8929,Critical,75.65,907.8,4,Month-to-month,Electronic check,0,419,Month-to-month contract | Manual payment method | New customer (0-12 months),Personal call within 24 hours. Offer 40% discount on annual plan upgrade. Escalate to senior retention specialist.
1320-HTRDR,80.8,0.8076,0.7389,0.863,0.8965,Critical,75.5,906.0,3,Month-to-month,Electronic check,1,425,Month-to-month contract | Manual payment method | New customer (0-12 months),Personal call within 24 hours. Offer 40% discount on annual plan upgrade. Escalate to senior retention specialist.
7249-WBIYX,80.7,0.8074,0.7378,0.8637,0.8971,Critical,85.6,1027.2,10,Month-to-month,Electronic check,1,431,Month-to-month contract | Manual payment method | New customer (0-12 months),Personal call within 24 hours. Offer 40% discount on annual plan upgrade. Escalate to senior retention specialist.
1731-TVIUK,80.5,0.8051,0.7198,0.8992,0.8775,Critical,93.5,1122.0,4,Month-to-month,Electronic check,1,438,Month-to-month contract | Manual payment method | New customer (0-12 months),Personal call within 24 hours. Offer 40% discount on annual plan upgrade. Escalate to senior retention specialist.
1062-LHZOD,80.5,0.8047,0.7593,0.8899,0.7905,Critical,69.9,838.8,1,Month-to-month,Mailed check,1,439,Month-to-month contract | Manual payment method | New customer (0-12 months),Personal call within 24 hours. Offer 40% discount on annual plan upgrade. Escalate to senior retention specialist.
7005-CCBKV,80.3,0.803,0.7341,0.8707,0.8735,Critical,84.4,1012.8,6,Month-to-month,Electronic check,1,446,Month-to-month contract | Manual payment method | New customer (0-12 months),Personal call within 24 hours. Offer 40% discount on annual plan upgrade. Escalate to senior retention specialist.
8443-ZRDBZ,80.3,0.8026,0.7283,0.8678,0.8904,Critical,76.05,912.6,4,Month-to-month,Electronic check,1,451,Month-to-month contract | Manual payment method | New customer (0-12 months),Personal call within 24 hours. Offer 40% discount on annual plan upgrade. Escalate to senior retention specialist.
2077-MPJQO,80.2,0.8023,0.7301,0.8568,0.9012,Critical,75.4,904.8,7,Month-to-month,Electronic check,0,454,Month-to-month contract | Manual payment method | New customer (0-12 months),Personal call within 24 hours. Offer 40% discount on annual plan upgrade. Escalate to senior retention specialist.
4813-HQMGZ,80.0,0.7996,0.7138,0.8938,0.8731,Critical,90.25,1083.0,8,Month-to-month,Electronic check,0,464,Month-to-month contract | Manual payment method | New customer (0-12 months),Personal call within 24 hours. Offer 40% discount on annual plan upgrade. Escalate to senior retention specialist.
6137-NICCO,79.9,0.7988,0.724,0.9014,0.8317,Critical,94.05,1128.6,6,Month-to-month,Mailed check,0,475,Month-to-month contract | Manual payment method | New customer (0-12 months),Personal call within 24 hours. Offer 40% discount on annual plan upgrade. Escalate to senior retention specialist.
6956-SMUCM,79.8,0.798,0.7672,0.8608,0.7808,Critical,99.0,1188.0,3,Month-to-month,Credit card (automatic),1,481,Month-to-month contract | New customer (0-12 months) | Fiber optic (premium price risk),Personal call within 24 hours. Offer 40% discount on annual plan upgrade. Escalate to senior retention specialist.
6435-SRWBJ,79.7,0.7969,0.7149,0.8808,0.876,Critical,82.75,993.0,5,Month-to-month,Electronic check,0,489,Month-to-month contract | Manual payment method | New customer (0-12 months),Personal call within 24 hours. Offer 40% discount on annual plan upgrade. Escalate to senior retention specialist.
9878-TNQGW,79.5,0.7954,0.6987,0.8902,0.8949,Critical,80.95,971.4,2,Month-to-month,Electronic check,1,496,Month-to-month contract | Manual payment method | New customer (0-12 months),Personal call within 24 hours. Offer 40% discount on annual plan upgrade. Escalate to senior retention specialist.
3841-CONLJ,79.5,0.7954,0.7582,0.8177,0.855,Critical,35.0,420.0,1,Month-to-month,Electronic check,0,499,Month-to-month contract | Manual payment method | New customer (0-12 months),Personal call within 24 hours. Offer 40% discount on annual plan upgrade. Escalate to senior retention specialist.
2959-MJHIC,79.4,0.7936,0.7199,0.8547,0.8861,Critical,80.35,964.2,4,Month-to-month,Electronic check,1,502,Month-to-month contract | Manual payment method | New customer (0-12 months),Personal call within 24 hours. Offer 40% discount on annual plan upgrade. Escalate to senior retention specialist.
7130-VTEWQ,79.3,0.7934,0.7217,0.8424,0.899,Critical,75.75,909.0,8,Month-to-month,Electronic check,1,508,Month-to-month contract | Manual payment method | New customer (0-12 months),Personal call within 24 hours. Offer 40% discount on annual plan upgrade. Escalate to senior retention specialist.
5186-SAMNZ,79.2,0.7916,0.7629,0.8396,0.7913,Critical,69.5,834.0,1,Month-to-month,Bank transfer (automatic),1,512,Month-to-month contract | New customer (0-12 months) | Fiber optic (premium price risk),Personal call within 24 hours. Offer 40% discount on annual plan upgrade. Escalate to senior retention specialist.
2135-DQWAQ,79.1,0.7911,0.7342,0.8676,0.8184,Critical,85.3,1023.6,5,Month-to-month,Mailed check,0,514,Month-to-month contract | Manual payment method | New customer (0-12 months),Personal call within 24 hours. Offer 40% discount on annual plan upgrade. Escalate to senior retention specialist.
8245-UMPYT,79.0,0.79,0.7307,0.8226,0.889,Critical,96.4,1156.8,16,Month-to-month,Electronic check,1,519,Month-to-month contract | Manual payment method | Fiber optic (premium price risk),Personal call within 24 hours. Offer 40% discount on annual plan upgrade. Escalate to senior retention specialist.
9050-IKDZA,79.0,0.79,0.7215,0.8692,0.8425,Critical,81.5,978.0,2,Month-to-month,Mailed check,0,522,Month-to-month contract | Manual payment method | New customer (0-12 months),Personal call within 24 hours. Offer 40% discount on annual plan upgrade. Escalate to senior retention specialist.
5159-YFPKQ,78.9,0.7888,0.7027,0.878,0.8705,Critical,75.8,909.6,2,Month-to-month,Electronic check,1,524,Month-to-month contract | Manual payment method | New customer (0-12 months),Personal call within 24 hours. Offer 40% discount on annual plan upgrade. Escalate to senior retention specialist.
8040-MNRTF,78.9,0.7887,0.7301,0.8943,0.7771,Critical,71.1,853.2,1,Month-to-month,Mailed check,0,525,Month-to-month contract | Manual payment method | New customer (0-12 months),Personal call within 24 hours. Offer 40% discount on annual plan upgrade. Escalate to senior retention specialist.
4229-CZMLL,78.8,0.7884,0.7207,0.8331,0.8905,Critical,74.9,898.8,6,Month-to-month,Electronic check,1,529,Month-to-month contract | Manual payment method | New customer (0-12 months),Personal call within 24 hours. Offer 40% discount on annual plan upgrade. Escalate to senior retention specialist.
9565-DJPIB,78.6,0.7862,0.7182,0.8871,0.8047,Critical,89.6,1075.2,4,Month-to-month,Mailed check,1,533,Month-to-month contract | Manual payment method | New customer (0-12 months),Personal call within 24 hours. Offer 40% discount on annual plan upgrade. Escalate to senior retention specialist.
5956-YHHRX,78.6,0.786,0.7333,0.8176,0.87,Critical,104.35,1252.2,21,Month-to-month,Electronic check,0,536,Month-to-month contract | Manual payment method | Fiber optic (premium price risk),Personal call within 24 hours. Offer 40% discount on annual plan upgrade. Escalate to senior retention specialist.
2984-AFWNC,78.5,0.7848,0.6961,0.872,0.876,Critical,95.4,1144.8,3,Month-to-month,Electronic check,0,539,Month-to-month contract | Manual payment method | New customer (0-12 months),Personal call within 24 hours. Offer 40% discount on annual plan upgrade. Escalate to senior retention specialist.
2761-OCIAX,78.4,0.7837,0.7187,0.8288,0.8785,Critical,74.7,896.4,2,Month-to-month,Electronic check,1,545,Month-to-month contract | Manual payment method | New customer (0-12 months),Personal call within 24 hours. Offer 40% discount on annual plan upgrade. Escalate to senior retention specialist.
4112-LUEIZ,78.4,0.7842,0.6951,0.8553,0.9003,Critical,89.5,1074.0,10,Month-to-month,Electronic check,1,547,Month-to-month contract | Manual payment method | New customer (0-12 months),Personal call within 24 hours. Offer 40% discount on annual plan upgrade. Escalate to senior retention specialist.
8083-YTZES,78.1,0.7811,0.7445,0.7651,0.8967,Critical,74.35,892.2,4,Month-to-month,Electronic check,1,557,Month-to-month contract | Manual payment method | New customer (0-12 months),Personal call within 24 hours. Offer 40% discount on annual plan upgrade. Escalate to senior retention specialist.
2674-MIAHT,78.1,0.7811,0.7363,0.8264,0.8254,Critical,80.3,963.6,4,Month-to-month,Mailed check,0,559,Month-to-month contract | Manual payment method | New customer (0-12 months),Personal call within 24 hours. Offer 40% discount on annual plan upgrade. Escalate to senior retention specialist.
3677-IYRBF,78.0,0.7798,0.7071,0.8346,0.8794,Critical,30.4,364.8,2,Month-to-month,Electronic check,1,563,Month-to-month contract | Manual payment method | New customer (0-12 months),Personal call within 24 hours. Offer 40% discount on annual plan upgrade. Escalate to senior retention specialist.
6892-XPFPU,77.9,0.7791,0.7372,0.7998,0.8527,Critical,104.25,1251.0,24,Month-to-month,Electronic check,1,566,Month-to-month contract | Manual payment method | Fiber optic (premium price risk),Personal call within 24 hours. Offer 40% discount on annual plan upgrade. Escalate to senior retention specialist.
4713-LZDRV,77.7,0.777,0.6606,0.8755,0.9203,Critical,79.6,955.2,2,Month-to-month,Electronic check,1,573,Month-to-month contract | Manual payment method | New customer (0-12 months),Personal call within 24 hours. Offer 40% discount on annual plan upgrade. Escalate to senior retention specialist.
4706-DGAHW,77.7,0.7768,0.7467,0.8389,0.7587,Critical,45.2,542.4,1,Month-to-month,Electronic check,0,575,Month-to-month contract | Manual payment method | New customer (0-12 months),Personal call within 24 hours. Offer 40% discount on annual plan upgrade. Escalate to senior retention specialist.
7273-TEFQD,77.7,0.7766,0.6988,0.8302,0.891,Critical,41.15,493.8,3,Month-to-month,Electronic check,1,576,Month-to-month contract | Manual payment method | New customer (0-12 months),Personal call within 24 hours. Offer 40% discount on annual plan upgrade. Escalate to senior retention specialist.
2485-ITVKB,77.6,0.7758,0.7069,0.8224,0.8784,Critical,35.1,421.2,2,Month-to-month,Electronic check,1,580,Month-to-month contract | Manual payment method | New customer (0-12 months),Personal call within 24 hours. Offer 40% discount on annual plan upgrade. Escalate to senior retention specialist.
9747-DDZOS,77.4,0.7737,0.7301,0.8814,0.7213,Critical,73.5,882.0,1,Month-to-month,Bank transfer (automatic),1,589,Month-to-month contract | New customer (0-12 months) | Fiber optic (premium price risk),Personal call within 24 hours. Offer 40% discount on annual plan upgrade. Escalate to senior retention specialist.
0365-BZUWY,77.2,0.772,0.7164,0.8022,0.8657,Critical,102.55,1230.6,17,Month-to-month,Electronic check,0,597,Month-to-month contract | Manual payment method | Fiber optic (premium price risk),Personal call within 24 hours. Offer 40% discount on annual plan upgrade. Escalate to senior retention specialist.
4342-HENTK,77.1,0.7715,0.6862,0.8336,0.8915,Critical,70.65,847.8,2,Month-to-month,Electronic check,1,604,Month-to-month contract | Manual payment method | New customer (0-12 months),Personal call within 24 hours. Offer 40% discount on annual plan upgrade. Escalate to senior retention specialist.
7668-XCFYV,77.0,0.7704,0.6956,0.8053,0.9049,Critical,92.55,1110.6,17,Month-to-month,Electronic check,0,608,Month-to-month contract | Manual payment method | Fiber optic (premium price risk),Personal call within 24 hours. Offer 40% discount on annual plan upgrade. Escalate to senior retention specialist.
5357-TZHPP,76.6,0.7656,0.6909,0.8377,0.8444,Critical,84.4,1012.8,9,Month-to-month,Credit card (automatic),1,625,Month-to-month contract | New customer (0-12 months) | Fiber optic (premium price risk),Personal call within 24 hours. Offer 40% discount on annual plan upgrade. Escalate to senior retention specialist.
6376-GAHQE,76.5,0.7648,0.6711,0.8458,0.8776,Critical,77.85,934.2,4,Month-to-month,Electronic check,1,629,Month-to-month contract | Manual payment method | New customer (0-12 months),Personal call within 24 hours. Offer 40% discount on annual plan upgrade. Escalate to senior retention specialist.
2897-DOVND,76.5,0.7649,0.681,0.8314,0.8748,Critical,69.8,837.6,2,Month-to-month,Electronic check,0,631,Month-to-month contract | Manual payment method | New customer (0-12 months),Personal call within 24 hours. Offer 40% discount on annual plan upgrade. Escalate to senior retention specialist.
3030-YDNRM,76.4,0.7643,0.6979,0.7971,0.8814,Critical,74.85,898.2,8,Month-to-month,Electronic check,0,632,Month-to-month contract | Manual payment method | New customer (0-12 months),Personal call within 24 hours. Offer 40% discount on annual plan upgrade. Escalate to senior retention specialist.
1746-TGTWV,76.1,0.7608,0.7345,0.8413,0.7057,Critical,75.35,904.2,1,Month-to-month,Credit card (automatic),0,640,Month-to-month contract | New customer (0-12 months) | Fiber optic (premium price risk),Personal call within 24 hours. Offer 40% discount on annual plan upgrade. Escalate to senior retention specialist.
9907-SWKKF,75.9,0.7588,0.7246,0.7904,0.7971,Critical,25.05,300.6,1,Month-to-month,Mailed check,1,644,Month-to-month contract | Manual payment method | New customer (0-12 months),Personal call within 24 hours. Offer 40% discount on annual plan upgrade. Escalate to senior retention specialist.
3877-JRJIP,75.9,0.7591,0.7526,0.708,0.8519,Critical,59.85,718.2,1,Month-to-month,Electronic check,1,646,Month-to-month contract | Manual payment method | New customer (0-12 months),Personal call within 24 hours. Offer 40% discount on annual plan upgrade. Escalate to senior retention specialist.
1024-GUALD,75.8,0.7584,0.7033,0.7826,0.8596,Critical,24.8,297.6,1,Month-to-month,Electronic check,1,651,Month-to-month contract | Manual payment method | New customer (0-12 months),Personal call within 24 hours. Offer 40% discount on annual plan upgrade. Escalate to senior retention specialist.
7198-GLXTC,75.8,0.7576,0.6518,0.8549,0.8763,Critical,79.0,948.0,2,Month-to-month,Electronic check,1,652,Month-to-month contract | Manual payment method | New customer (0-12 months),Personal call within 24 hours. Offer 40% discount on annual plan upgrade. Escalate to senior retention specialist.
6198-ZFIOJ,75.8,0.7584,0.6577,0.8557,0.8645,Critical,75.6,907.2,5,Month-to-month,Electronic check,0,653,Month-to-month contract | Manual payment method | New customer (0-12 months),Personal call within 24 hours. Offer 40% discount on annual plan upgrade. Escalate to senior retention specialist.
7044-YAACC,75.6,0.7565,0.6745,0.8083,0.8836,Critical,70.2,842.4,4,Month-to-month,Electronic check,0,663,Month-to-month contract | Manual payment method | New customer (0-12 months),Personal call within 24 hours. Offer 40% discount on annual plan upgrade. Escalate to senior retention specialist.
2985-FMWYF,75.6,0.7555,0.689,0.7921,0.8669,Critical,93.5,1122.0,23,Month-to-month,Electronic check,0,665,Month-to-month contract | Manual payment method | Fiber optic (premium price risk),Personal call within 24 hours. Offer 40% discount on annual plan upgrade. Escalate to senior retention specialist.
4633-MKHYU,75.5,0.7551,0.6439,0.8625,0.872,Critical,88.4,1060.8,9,Month-to-month,Mailed check,0,671,Month-to-month contract | Manual payment method | New customer (0-12 months),Personal call within 24 hours. Offer 40% discount on annual plan upgrade. Escalate to senior retention specialist.
6608-QQLVK,75.5,0.7552,0.7162,0.814,0.7646,Critical,50.5,606.0,1,Month-to-month,Electronic check,1,673,Month-to-month contract | Manual payment method | New customer (0-12 months),Personal call within 24 hours. Offer 40% discount on annual plan upgrade. Escalate to senior retention specialist.
3721-CNEYS,75.4,0.7544,0.6759,0.8102,0.8669,Critical,70.95,851.4,2,Month-to-month,Electronic check,1,675,Month-to-month contract | Manual payment method | New customer (0-12 months),Personal call within 24 hours. Offer 40% discount on annual plan upgrade. Escalate to senior retention specialist.
2737-YNGYW,75.4,0.7543,0.6288,0.8832,0.8748,Critical,80.55,966.6,2,Month-to-month,Electronic check,1,676,Month-to-month contract | Manual payment method | New customer (0-12 months),Personal call within 24 hours. Offer 40% discount on annual plan upgrade. Escalate to senior retention specialist.
9402-ORRAH,75.2,0.7519,0.6823,0.7974,0.8575,Critical,91.5,1098.0,15,Month-to-month,Electronic check,0,683,Month-to-month contract | Manual payment method | Fiber optic (premium price risk),Personal call within 24 hours. Offer 40% discount on annual plan upgrade. Escalate to senior retention specialist.
0004-TLHLJ,75.1,0.7515,0.6732,0.8018,0.8715,Critical,73.9,886.8,4,Month-to-month,Electronic check,1,688,Month-to-month contract | Manual payment method | New customer (0-12 months),Personal call within 24 hours. Offer 40% discount on annual plan upgrade. Escalate to senior retention specialist.
8111-RKSPX,75.1,0.7513,0.6767,0.8348,0.8123,Critical,72.2,866.4,4,Month-to-month,Bank transfer (automatic),1,690,Month-to-month contract | New customer (0-12 months) | Fiber optic (premium price risk),Personal call within 24 hours. Offer 40% discount on annual plan upgrade. Escalate to senior retention specialist.
5928-QLDHB,75.1,0.7512,0.6718,0.8044,0.87,Critical,76.25,915.0,9,Month-to-month,Electronic check,0,691,Month-to-month contract | Manual payment method | New customer (0-12 months),Personal call within 24 hours. Offer 40% discount on annual plan upgrade. Escalate to senior retention specialist.
3750-CKVKH,74.7,0.7468,0.6905,0.749,0.8843,Critical,67.75,813.0,2,Month-to-month,Electronic check,1,700,Month-to-month contract | Manual payment method | New customer (0-12 months),Personal call within 24 hours. Offer 40% discount on annual plan upgrade. Escalate to senior retention specialist.
3191-CSNMG,74.7,0.7473,0.6389,0.8459,0.8705,Critical,80.7,968.4,3,Month-to-month,Electronic check,0,706,Month-to-month contract | Manual payment method | New customer (0-12 months),Personal call within 24 hours. Offer 40% discount on annual plan upgrade. Escalate to senior retention specialist.
6856-RAURS,74.6,0.7456,0.6964,0.7512,0.8599,Critical,74.9,898.8,2,Month-to-month,Mailed check,0,712,Month-to-month contract | Manual payment method | New customer (0-12 months),Personal call within 24 hours. Offer 40% discount on annual plan upgrade. Escalate to senior retention specialist.
0685-MLYYM,74.5,0.7446,0.6404,0.8377,0.8656,Critical,70.75,849.0,2,Month-to-month,Electronic check,1,716,Month-to-month contract | Manual payment method | New customer (0-12 months),Personal call within 24 hours. Offer 40% discount on annual plan upgrade. Escalate to senior retention specialist.
2919-HBCJO,74.5,0.7452,0.7101,0.8499,0.6761,Critical,76.65,919.8,4,Month-to-month,Bank transfer (automatic),1,717,Month-to-month contract | New customer (0-12 months) | Fiber optic (premium price risk),Personal call within 24 hours. Offer 40% discount on annual plan upgrade. Escalate to senior retention specialist.
4706-AXVKM,74.3,0.7432,0.6743,0.797,0.8346,Critical,84.8,1017.6,11,Month-to-month,Credit card (automatic),1,728,Month-to-month contract | New customer (0-12 months) | Fiber optic (premium price risk),Personal call within 24 hours. Offer 40% discount on annual plan upgrade. Escalate to senior retention specialist.
8699-ASUFO,74.3,0.7428,0.6506,0.8142,0.8662,Critical,74.4,892.8,7,Month-to-month,Mailed check,1,729,Month-to-month contract | Manual payment method | New customer (0-12 months),Personal call within 24 hours. Offer 40% discount on annual plan upgrade. Escalate to senior retention specialist.
9685-WKZGT,73.9,0.7391,0.6574,0.8105,0.8362,Critical,74.95,899.4,14,Month-to-month,Electronic check,1,745,Month-to-month contract | Manual payment method | Fiber optic (premium price risk),Personal call within 24 hours. Offer 40% discount on annual plan upgrade. Escalate to senior retention specialist.
0923-PNFUB,73.8,0.7376,0.6306,0.8346,0.8596,Critical,83.75,1005.0,3,Month-to-month,Electronic check,1,747,Month-to-month contract | Manual payment method | New customer (0-12 months),Personal call within 24 hours. Offer 40% discount on annual plan upgrade. Escalate to senior retention specialist.
3908-BLSYF,73.8,0.7378,0.6135,0.8579,0.8683,Critical,83.9,1006.8,6,Month-to-month,Electronic check,1,749,Month-to-month contract | Manual payment method | New customer (0-12 months),Personal call within 24 hours. Offer 40% discount on annual plan upgrade. Escalate to senior retention specialist.
7881-EVUAD,73.7,0.7372,0.6747,0.7847,0.8222,Critical,42.6,511.2,2,Month-to-month,Electronic check,1,752,Month-to-month contract | Manual payment method | New customer (0-12 months),Personal call within 24 hours. Offer 40% discount on annual plan upgrade. Escalate to senior retention specialist.
0018-NYROU,73.7,0.7369,0.6576,0.782,0.8674,Critical,68.95,827.4,5,Month-to-month,Electronic check,0,753,Month-to-month contract | Manual payment method | New customer (0-12 months),Personal call within 24 hours. Offer 40% discount on annual plan upgrade. Escalate to senior retention specialist.
2055-PDADH,73.7,0.7368,0.6629,0.7587,0.8888,Critical,70.4,844.8,3,Month-to-month,Electronic check,1,754,Month-to-month contract | Manual payment method | New customer (0-12 months),Personal call within 24 hours. Offer 40% discount on annual plan upgrade. Escalate to senior retention specialist.
8266-VBFQL,73.5,0.7352,0.5977,0.8869,0.8517,Critical,90.4,1084.8,4,Month-to-month,Electronic check,0,758,Month-to-month contract | Manual payment method | New customer (0-12 months),Personal call within 24 hours. Offer 40% discount on annual plan upgrade. Escalate to senior retention specialist.
8325-QRPZR,73.5,0.735,0.6382,0.8175,0.8534,Critical,75.15,901.8,7,Month-to-month,Electronic check,0,760,Month-to-month contract | Manual payment method | New customer (0-12 months),Personal call within 24 hours. Offer 40% discount on annual plan upgrade. Escalate to senior retention specialist.
5288-AHOUP,73.3,0.7332,0.6292,0.7978,0.896,Critical,78.5,942.0,11,Month-to-month,Electronic check,0,769,Month-to-month contract | Manual payment method | New customer (0-12 months),Personal call within 24 hours. Offer 40% discount on annual plan upgrade. Escalate to senior retention specialist.
8107-KNCIM,73.3,0.7333,0.6521,0.8035,0.8309,Critical,75.1,901.2,14,Month-to-month,Electronic check,0,771,Month-to-month contract | Manual payment method | Fiber optic (premium price risk),Personal call within 24 hours. Offer 40% discount on annual plan upgrade. Escalate to senior retention specialist.
7495-OOKFY,73.3,0.7326,0.6557,0.8343,0.7725,Critical,80.65,967.8,8,Month-to-month,Credit card (automatic),1,773,Month-to-month contract | New customer (0-12 months) | Fiber optic (premium price risk),Personal call within 24 hours. Offer 40% discount on annual plan upgrade. Escalate to senior retention specialist.
0258-NOKBL,73.3,0.7334,0.6189,0.8502,0.8442,Critical,90.4,1084.8,3,Month-to-month,Electronic check,0,775,Month-to-month contract | Manual payment method | New customer (0-12 months),Personal call within 24 hours. Offer 40% discount on annual plan upgrade. Escalate to senior retention specialist.
5091-HFAZW,73.0,0.7297,0.6476,0.8051,0.8215,Critical,91.15,1093.8,2,Month-to-month,Electronic check,0,784,Month-to-month contract | Manual payment method | New customer (0-12 months),Personal call within 24 hours. Offer 40% discount on annual plan upgrade. Escalate to senior retention specialist.
0506-LVNGN,72.8,0.7279,0.6671,0.8019,0.7688,Critical,75.55,906.6,5,Month-to-month,Credit card (automatic),1,794,Month-to-month contract | New customer (0-12 months) | Fiber optic (premium price risk),Personal call within 24 hours. Offer 40% discount on annual plan upgrade. Escalate to senior retention specialist.
7952-OBOYL,72.8,0.7277,0.6134,0.8679,0.8031,Critical,89.85,1078.2,3,Month-to-month,Mailed check,0,797,Month-to-month contract | Manual payment method | New customer (0-12 months),Personal call within 24 hours. Offer 40% discount on annual plan upgrade. Escalate to senior retention specialist.
8720-RQSBJ,72.7,0.7267,0.6845,0.7668,0.7718,Critical,44.0,528.0,1,Month-to-month,Electronic check,0,803,Month-to-month contract | Manual payment method | New customer (0-12 months),Personal call within 24 hours. Offer 40% discount on annual plan upgrade. Escalate to senior retention specialist.
7571-YXDAD,72.6,0.7256,0.6335,0.8522,0.7658,Critical,74.9,898.8,2,Month-to-month,Credit card (automatic),1,806,Month-to-month contract | New customer (0-12 months) | Fiber optic (premium price risk),Personal call within 24 hours. Offer 40% discount on annual plan upgrade. Escalate to senior retention specialist.
6000-APYLU,72.6,0.7255,0.6115,0.8193,0.87,Critical,80.8,969.6,9,Month-to-month,Electronic check,1,807,Month-to-month contract | Manual payment method | New customer (0-12 months),Personal call within 24 hours. Offer 40% discount on annual plan upgrade. Escalate to senior retention specialist.
1867-BDVFH,72.5,0.7252,0.6255,0.8097,0.8479,Critical,74.35,892.2,11,Month-to-month,Electronic check,1,813,Month-to-month contract | Manual payment method | New customer (0-12 months),Personal call within 24 hours. Offer 40% discount on annual plan upgrade. Escalate to senior retention specialist.
5712-PTIWW,72.4,0.7244,0.6244,0.8219,0.8283,Critical,79.85,958.2,2,Month-to-month,Electronic check,1,815,Month-to-month contract | Manual payment method | New customer (0-12 months),Personal call within 24 hours. Offer 40% discount on annual plan upgrade. Escalate to senior retention specialist.
3063-QFSZL,72.3,0.7228,0.6548,0.7808,0.8056,Critical,55.4,664.8,1,Month-to-month,Electronic check,1,819,Month-to-month contract | Manual payment method | New customer (0-12 months),Personal call within 24 hours. Offer 40% discount on annual plan upgrade. Escalate to senior retention specialist.
6047-YHPVI,72.3,0.7231,0.6487,0.7559,0.8598,Critical,69.7,836.4,5,Month-to-month,Electronic check,1,820,Month-to-month contract | Manual payment method | New customer (0-12 months),Personal call within 24 hours. Offer 40% discount on annual plan upgrade. Escalate to senior retention specialist.
9822-OAOVB,72.3,0.7227,0.6548,0.7808,0.8052,Critical,55.45,665.4,1,Month-to-month,Electronic check,0,821,Month-to-month contract | Manual payment method | New customer (0-12 months),Personal call within 24 hours. Offer 40% discount on annual plan upgrade. Escalate to senior retention specialist.
2025-JKFWI,72.1,0.7205,0.6735,0.7513,0.7918,Critical,99.0,1188.0,13,Month-to-month,Mailed check,1,828,Month-to-month contract | Manual payment method | Fiber optic (premium price risk),Personal call within 24 hours. Offer 40% discount on annual plan upgrade. Escalate to senior retention specialist.
2845-HSJCY,72.0,0.72,0.632,0.7842,0.8437,Critical,87.25,1047.0,14,Month-to-month,Electronic check,1,833,Month-to-month contract | Manual payment method | Fiber optic (premium price risk),Personal call within 24 hours. Offer 40% discount on annual plan upgrade. Escalate to senior retention specialist.
4317-VTEOA,71.9,0.7188,0.681,0.7779,0.7245,Critical,50.75,609.0,1,Month-to-month,Electronic check,1,837,Month-to-month contract | Manual payment method | New customer (0-12 months),Personal call within 24 hours. Offer 40% discount on annual plan upgrade. Escalate to senior retention specialist.
0928-JMXNP,71.9,0.7195,0.6222,0.7834,0.8666,Critical,29.9,358.8,4,Month-to-month,Electronic check,0,841,Month-to-month contract | Manual payment method | New customer (0-12 months),Personal call within 24 hours. Offer 40% discount on annual plan upgrade. Escalate to senior retention specialist.
0876-WDUUZ,71.8,0.7185,0.6515,0.8307,0.7175,Critical,85.4,1024.8,5,Month-to-month,Credit card (automatic),1,846,Month-to-month contract | New customer (0-12 months) | Fiber optic (premium price risk),Personal call within 24 hours. Offer 40% discount on annual plan upgrade. Escalate to senior retention specialist.
4735-ASGMA,71.8,0.718,0.6241,0.7862,0.8503,Critical,98.35,1180.2,26,Month-to-month,Electronic check,1,848,Month-to-month contract | Manual payment method | Fiber optic (premium price risk),Personal call within 24 hours. Offer 40% discount on annual plan upgrade. Escalate to senior retention specialist.
3916-NRPAP,71.6,0.7157,0.6302,0.8389,0.7447,Critical,85.7,1028.4,3,Month-to-month,Credit card (automatic),0,859,Month-to-month contract | New customer (0-12 months) | Fiber optic (premium price risk),Personal call within 24 hours. Offer 40% discount on annual plan upgrade. Escalate to senior retention specialist.
5442-BHQNG,71.6,0.7164,0.5997,0.8285,0.8402,Critical,70.35,844.2,2,Month-to-month,Electronic check,0,860,Month-to-month contract | Manual payment method | New customer (0-12 months),Personal call within 24 hours. Offer 40% discount on annual plan upgrade. Escalate to senior retention specialist.
6680-WKXRZ,71.2,0.7116,0.6086,0.8565,0.7516,Critical,74.4,892.8,3,Month-to-month,Bank transfer (automatic),1,879,Month-to-month contract | New customer (0-12 months) | Fiber optic (premium price risk),Personal call within 24 hours. Offer 40% discount on annual plan upgrade. Escalate to senior retention specialist.
4059-IIEBK,71.2,0.7118,0.6413,0.8059,0.7467,Critical,78.55,942.6,7,Month-to-month,Bank transfer (automatic),0,882,Month-to-month contract | New customer (0-12 months) | Fiber optic (premium price risk),Personal call within 24 hours. Offer 40% discount on annual plan upgrade. Escalate to senior retention specialist.
3453-RTHJQ,70.9,0.7087,0.6268,0.7418,0.8638,Critical,69.1,829.2,6,Month-to-month,Electronic check,0,893,Month-to-month contract | Manual payment method | New customer (0-12 months),Personal call within 24 hours. Offer 40% discount on annual plan upgrade. Escalate to senior retention specialist.
0168-XZKBB,70.9,0.7093,0.6358,0.7667,0.807,Critical,86.85,1042.2,19,Month-to-month,Electronic check,0,894,Month-to-month contract | Manual payment method | Fiber optic (premium price risk),Personal call within 24 hours. Offer 40% discount on annual plan upgrade. Escalate to senior retention specialist.
6833-JMZYP,70.8,0.7075,0.6173,0.7721,0.8363,Critical,94.0,1128.0,15,Month-to-month,Credit card (automatic),0,899,Month-to-month contract | Fiber optic (premium price risk) | Paperless billing,Personal call within 24 hours. Offer 40% discount on annual plan upgrade. Escalate to senior retention specialist.
7861-UVUFT,70.7,0.7071,0.6233,0.7769,0.8118,Critical,84.3,1011.6,15,Month-to-month,Electronic check,1,903,Month-to-month contract | Manual payment method | Fiber optic (premium price risk),Personal call within 24 hours. Offer 40% discount on annual plan upgrade. Escalate to senior retention specialist.
3496-LFSZU,70.7,0.7073,0.5925,0.8194,0.8261,Critical,70.5,846.0,4,Month-to-month,Electronic check,0,905,Month-to-month contract | Manual payment method | New customer (0-12 months),Personal call within 24 hours. Offer 40% discount on annual plan upgrade. Escalate to senior retention specialist.
3223-DWFIO,70.6,0.7056,0.6225,0.7396,0.8621,Critical,69.35,832.2,4,Month-to-month,Electronic check,0,909,Month-to-month contract | Manual payment method | New customer (0-12 months),Personal call within 24 hours. Offer 40% discount on annual plan upgrade. Escalate to senior retention specialist.
8676-TRMJS,70.5,0.7048,0.6086,0.789,0.819,Critical,75.0,900.0,3,Month-to-month,Mailed check,1,912,Month-to-month contract | Manual payment method | New customer (0-12 months),Personal call within 24 hours. Offer 40% discount on annual plan upgrade. Escalate to senior retention specialist.
4854-CIDCF,70.3,0.7028,0.6161,0.7355,0.8706,Critical,73.85,886.2,3,Month-to-month,Electronic check,0,924,Month-to-month contract | Manual payment method | New customer (0-12 months),Personal call within 24 hours. Offer 40% discount on annual plan upgrade. Escalate to senior retention specialist.
9840-DVNDC,70.2,0.7016,0.6065,0.8114,0.7748,Critical,80.5,966.0,6,Month-to-month,Credit card (automatic),1,927,Month-to-month contract | New customer (0-12 months) | Fiber optic (premium price risk),Personal call within 24 hours. Offer 40% discount on annual plan upgrade. Escalate to senior retention specialist.
7912-SYRQT,70.2,0.7025,0.6125,0.8079,0.7691,Critical,75.1,901.2,7,Month-to-month,Bank transfer (automatic),1,928,Month-to-month contract | New customer (0-12 months) | Fiber optic (premium price risk),Personal call within 24 hours. Offer 40% discount on annual plan upgrade. Escalate to senior retention specialist.
5339-PXDVH,69.9,0.6986,0.5637,0.8225,0.8499,High,90.65,1087.8,4,Month-to-month,Electronic check,0,940,Month-to-month contract | Manual payment method | New customer (0-12 months),Send targeted email offering 10% discount for switching to auto-payment. Personal follow-up call within 3 days if unread.
3627-FHKBK,69.8,0.6982,0.6476,0.7761,0.7079,High,75.3,903.6,1,Month-to-month,Mailed check,1,949,Month-to-month contract | Manual payment method | New customer (0-12 months),Send targeted email offering 10% discount for switching to auto-payment. Personal follow-up call within 3 days if unread.
1112-CUNAO,69.8,0.6979,0.6039,0.7737,0.819,High,89.85,1078.2,15,Month-to-month,Electronic check,1,950,Month-to-month contract | Manual payment method | Fiber optic (premium price risk),Send targeted email offering 10% discount for switching to auto-payment. Personal follow-up call within 3 days if unread.
1522-VVDMG,69.7,0.6968,0.5698,0.8523,0.7813,High,89.75,1077.0,7,Month-to-month,Electronic check,1,952,Month-to-month contract | Manual payment method | New customer (0-12 months),Send targeted email offering 10% discount for switching to auto-payment. Personal follow-up call within 3 days if unread.
1666-JXLKU,69.5,0.6953,0.6069,0.7468,0.8388,High,100.05,1200.6,37,Month-to-month,Electronic check,0,966,Month-to-month contract | Manual payment method | Fiber optic (premium price risk),Send targeted email offering 10% discount for switching to auto-payment. Personal follow-up call within 3 days if unread.
2495-INZWQ,69.5,0.6946,0.5477,0.8034,0.8985,High,44.55,534.6,4,Month-to-month,Electronic check,1,969,Month-to-month contract | Manual payment method | New customer (0-12 months),Send targeted email offering 10% discount for switching to auto-payment. Personal follow-up call within 3 days if unread.
8873-GLDMH,69.5,0.6948,0.6163,0.7224,0.8499,High,73.85,886.2,6,Month-to-month,Mailed check,0,970,Month-to-month contract | Manual payment method | New customer (0-12 months),Send targeted email offering 10% discount for switching to auto-payment. Personal follow-up call within 3 days if unread.
8445-DNBAE,69.4,0.6937,0.6316,0.7382,0.7822,High,50.05,600.6,1,Month-to-month,Electronic check,0,976,Month-to-month contract | Manual payment method | New customer (0-12 months),Send targeted email offering 10% discount for switching to auto-payment. Personal follow-up call within 3 days if unread.
8617-ENBDS,69.3,0.6932,0.5934,0.8096,0.7679,High,73.6,883.2,3,Month-to-month,Credit card (automatic),0,978,Month-to-month contract | New customer (0-12 months) | Fiber optic (premium price risk),Send product walkthrough sequence. Offer free 60-day trial of TechSupport or OnlineSecurity. Schedule check-in call within 5 days.
4631-OACRM,69.3,0.6934,0.5958,0.7661,0.828,High,79.4,952.8,15,Month-to-month,Electronic check,1,980,Month-to-month contract | Manual payment method | Fiber optic (premium price risk),Send targeted email offering 10% discount for switching to auto-payment. Personal follow-up call within 3 days if unread.
4919-IKATY,69.3,0.6932,0.5977,0.7634,0.8268,High,84.5,1014.0,5,Month-to-month,Electronic check,1,982,Month-to-month contract | Manual payment method | New customer (0-12 months),Send targeted email offering 10% discount for switching to auto-payment. Personal follow-up call within 3 days if unread.
5228-EXCET,69.1,0.6907,0.5929,0.7819,0.7985,High,80.85,970.2,13,Month-to-month,Electronic check,1,989,Month-to-month contract | Manual payment method | Fiber optic (premium price risk),Send targeted email offering 10% discount for switching to auto-payment. Personal follow-up call within 3 days if unread.
6821-BUXUX,69.1,0.6915,0.5937,0.8156,0.7498,High,96.65,1159.8,13,Month-to-month,Electronic check,1,992,Month-to-month contract | Manual payment method | Fiber optic (premium price risk),Send targeted email offering 10% discount for switching to auto-payment. Personal follow-up call within 3 days if unread.
7029-RPUAV,68.8,0.6876,0.6006,0.7107,0.8705,High,100.45,1205.4,17,Month-to-month,Credit card (automatic),1,1007,Month-to-month contract | Fiber optic (premium price risk) | Senior customer,Send satisfaction survey with direct CSM escalation. Offer annual contract renewal incentive.
2386-LAHRK,68.7,0.6873,0.6076,0.7736,0.7572,High,53.5,642.0,1,Month-to-month,Mailed check,1,1010,Month-to-month contract | Manual payment method | New customer (0-12 months),Send targeted email offering 10% discount for switching to auto-payment. Personal follow-up call within 3 days if unread.
6338-AVWCY,68.7,0.687,0.5658,0.7953,0.8278,High,40.15,481.8,3,Month-to-month,Mailed check,1,1013,Month-to-month contract | Manual payment method | New customer (0-12 months),Send targeted email offering 10% discount for switching to auto-payment. Personal follow-up call within 3 days if unread.
8280-MQRQN,68.7,0.6867,0.6246,0.7892,0.6884,High,50.45,605.4,1,Month-to-month,Mailed check,1,1016,Month-to-month contract | Manual payment method | New customer (0-12 months),Send targeted email offering 10% discount for switching to auto-payment. Personal follow-up call within 3 days if unread.
3317-VLGQT,68.7,0.6871,0.5812,0.7775,0.8162,High,78.1,937.2,14,Month-to-month,Electronic check,0,1018,Month-to-month contract | Manual payment method | Fiber optic (premium price risk),Send targeted email offering 10% discount for switching to auto-payment. Personal follow-up call within 3 days if unread.
4521-YEEHE,68.6,0.6858,0.5912,0.7742,0.7897,High,88.85,1066.2,18,Month-to-month,Electronic check,0,1020,Month-to-month contract | Manual payment method | Fiber optic (premium price risk),Send targeted email offering 10% discount for switching to auto-payment. Personal follow-up call within 3 days if unread.
3966-HRMZA,68.4,0.6843,0.6023,0.7387,0.8076,High,75.05,900.6,3,Month-to-month,Mailed check,0,1036,Month-to-month contract | Manual payment method | New customer (0-12 months),Send targeted email offering 10% discount for switching to auto-payment. Personal follow-up call within 3 days if unread.
0330-IVZHA,68.3,0.6828,0.5976,0.7305,0.8245,High,69.95,839.4,5,Month-to-month,Electronic check,1,1040,Month-to-month contract | Manual payment method | New customer (0-12 months),Send targeted email offering 10% discount for switching to auto-payment. Personal follow-up call within 3 days if unread.
4283-FUTGF,68.3,0.6833,0.5865,0.7575,0.8143,High,79.85,958.2,19,Month-to-month,Electronic check,1,1043,Month-to-month contract | Manual payment method | Fiber optic (premium price risk),Send targeted email offering 10% discount for switching to auto-payment. Personal follow-up call within 3 days if unread.
5976-JCJRH,68.1,0.6813,0.5731,0.7594,0.8345,High,70.3,843.6,10,Month-to-month,Electronic check,1,1053,Month-to-month contract | Manual payment method | New customer (0-12 months),Send targeted email offering 10% discount for switching to auto-payment. Personal follow-up call within 3 days if unread.
2057-ZBLPD,68.1,0.6814,0.5798,0.7705,0.8016,High,86.5,1038.0,21,Month-to-month,Electronic check,1,1056,Month-to-month contract | Manual payment method | Fiber optic (premium price risk),Send targeted email offering 10% discount for switching to auto-payment. Personal follow-up call within 3 days if unread.
4029-HPFVY,68.0,0.6796,0.5834,0.7504,0.814,High,70.3,843.6,3,Month-to-month,Mailed check,0,1061,Month-to-month contract | Manual payment method | New customer (0-12 months),Send targeted email offering 10% discount for switching to auto-payment. Personal follow-up call within 3 days if unread.
8397-MVTAZ,68.0,0.6795,0.5811,0.7592,0.8062,High,100.05,1200.6,34,Month-to-month,Electronic check,1,1062,Month-to-month contract | Manual payment method | Fiber optic (premium price risk),Send targeted email offering 10% discount for switching to auto-payment. Personal follow-up call within 3 days if unread.
9576-ANLXO,67.8,0.6779,0.5834,0.7897,0.7462,High,69.55,834.6,3,Month-to-month,Bank transfer (automatic),1,1077,Month-to-month contract | New customer (0-12 months) | Fiber optic (premium price risk),Send product walkthrough sequence. Offer free 60-day trial of TechSupport or OnlineSecurity. Schedule check-in call within 5 days.
4817-VYYWS,67.8,0.6784,0.5663,0.7888,0.7928,High,100.2,1202.4,30,Month-to-month,Electronic check,1,1080,Month-to-month contract | Manual payment method | Fiber optic (premium price risk),Send targeted email offering 10% discount for switching to auto-payment. Personal follow-up call within 3 days if unread.
2482-CZGBB,67.6,0.6762,0.5731,0.7388,0.8399,High,70.0,840.0,10,Month-to-month,Electronic check,1,1085,Month-to-month contract | Manual payment method | New customer (0-12 months),Send targeted email offering 10% discount for switching to auto-payment. Personal follow-up call within 3 days if unread.
3891-PUQOD,67.3,0.6733,0.6209,0.7178,0.7372,High,59.2,710.4,1,Month-to-month,Electronic check,1,1104,Month-to-month contract | Manual payment method | New customer (0-12 months),Send targeted email offering 10% discount for switching to auto-payment. Personal follow-up call within 3 days if unread.
7072-MBHEV,67.3,0.6732,0.5881,0.7481,0.7738,High,78.1,937.2,11,Month-to-month,Credit card (automatic),0,1106,Month-to-month contract | New customer (0-12 months) | Fiber optic (premium price risk),Send product walkthrough sequence. Offer free 60-day trial of TechSupport or OnlineSecurity. Schedule check-in call within 5 days.
5351-QESIO,67.2,0.6723,0.6036,0.7497,0.728,High,24.2,290.4,1,Month-to-month,Mailed check,0,1107,Month-to-month contract | Manual payment method | New customer (0-12 months),Send targeted email offering 10% discount for switching to auto-payment. Personal follow-up call within 3 days if unread.
3211-AAPKX,67.2,0.6723,0.6145,0.708,0.7634,High,98.55,1182.6,20,Month-to-month,Mailed check,0,1111,Month-to-month contract | Manual payment method | Fiber optic (premium price risk),Send targeted email offering 10% discount for switching to auto-payment. Personal follow-up call within 3 days if unread.
0952-KMEEH,67.2,0.6722,0.6272,0.7013,0.741,High,98.15,1177.8,13,Month-to-month,Mailed check,1,1114,Month-to-month contract | Manual payment method | Fiber optic (premium price risk),Send targeted email offering 10% discount for switching to auto-payment. Personal follow-up call within 3 days if unread.
0447-RXSGD,67.0,0.6697,0.6007,0.7043,0.7906,High,99.65,1195.8,24,Month-to-month,Bank transfer (automatic),0,1123,Month-to-month contract | Fiber optic (premium price risk) | Paperless billing,Send satisfaction survey with direct CSM escalation. Offer annual contract renewal incentive.
0315-LVCRK,67.0,0.6704,0.5452,0.7674,0.8379,High,84.8,1017.6,11,Month-to-month,Electronic check,0,1125,Month-to-month contract | Manual payment method | New customer (0-12 months),Send targeted email offering 10% discount for switching to auto-payment. Personal follow-up call within 3 days if unread.
4686-UXDML,66.9,0.6692,0.5905,0.7065,0.8101,High,99.85,1198.2,21,Month-to-month,Credit card (automatic),0,1127,Month-to-month contract | Fiber optic (premium price risk) | Paperless billing,Send satisfaction survey with direct CSM escalation. Offer annual contract renewal incentive.
8739-WWKDU,66.9,0.669,0.5561,0.7649,0.8075,High,89.5,1074.0,25,Month-to-month,Electronic check,1,1128,Month-to-month contract | Manual payment method | Fiber optic (premium price risk),Send targeted email offering 10% discount for switching to auto-payment. Personal follow-up call within 3 days if unread.
9121-PHQSR,66.8,0.6677,0.5681,0.7135,0.8478,High,85.05,1020.6,16,Month-to-month,Credit card (automatic),0,1136,Month-to-month contract | Fiber optic (premium price risk) | Senior customer,Send product walkthrough sequence. Offer free 60-day trial of TechSupport or OnlineSecurity. Schedule check-in call within 5 days.
3318-OSATS,66.8,0.668,0.5528,0.753,0.8287,High,95.45,1145.4,35,Month-to-month,Electronic check,1,1137,Month-to-month contract | Manual payment method | Fiber optic (premium price risk),Send targeted email offering 10% discount for switching to auto-payment. Personal follow-up call within 3 days if unread.
8709-KRDVL,66.6,0.6663,0.5687,0.7517,0.7822,High,100.0,1200.0,33,Month-to-month,Electronic check,0,1141,Month-to-month contract | Manual payment method | Fiber optic (premium price risk),Send targeted email offering 10% discount for switching to auto-payment. Personal follow-up call within 3 days if unread.
6166-ILMNY,66.4,0.6644,0.5572,0.8199,0.6989,High,69.75,837.0,2,Month-to-month,Bank transfer (automatic),1,1152,Month-to-month contract | New customer (0-12 months) | Fiber optic (premium price risk),Send product walkthrough sequence. Offer free 60-day trial of TechSupport or OnlineSecurity. Schedule check-in call within 5 days.
9279-CJEOJ,66.4,0.6641,0.5647,0.7032,0.8542,High,95.4,1144.8,21,Month-to-month,Bank transfer (automatic),0,1155,Month-to-month contract | Fiber optic (premium price risk) | Senior customer,Send satisfaction survey with direct CSM escalation. Offer annual contract renewal incentive.
4512-ZUIYL,66.4,0.6644,0.5572,0.8206,0.6979,High,70.0,840.0,2,Month-to-month,Bank transfer (automatic),1,1156,Month-to-month contract | New customer (0-12 months) | Fiber optic (premium price risk),Send product walkthrough sequence. Offer free 60-day trial of TechSupport or OnlineSecurity. Schedule check-in call within 5 days.
6212-ATMLK,66.3,0.6627,0.5811,0.7352,0.7578,High,95.7,1148.4,50,Month-to-month,Electronic check,0,1159,Month-to-month contract | Manual payment method | Fiber optic (premium price risk),Send targeted email offering 10% discount for switching to auto-payment. Personal follow-up call within 3 days if unread.
0388-EOPEX,66.2,0.6618,0.564,0.7181,0.8219,High,74.4,892.8,2,Month-to-month,Electronic check,1,1166,Month-to-month contract | Manual payment method | New customer (0-12 months),Send targeted email offering 10% discount for switching to auto-payment. Personal follow-up call within 3 days if unread.
6646-VRFOL,65.8,0.658,0.5763,0.7148,0.7771,High,103.85,1246.2,53,Month-to-month,Electronic check,1,1187,Month-to-month contract | Manual payment method | Fiber optic (premium price risk),Send targeted email offering 10% discount for switching to auto-payment. Personal follow-up call within 3 days if unread.
5364-EVNIB,65.8,0.6583,0.5601,0.7761,0.7271,High,79.8,957.6,13,Month-to-month,Electronic check,1,1188,Month-to-month contract | Manual payment method | Fiber optic (premium price risk),Send targeted email offering 10% discount for switching to auto-payment. Personal follow-up call within 3 days if unread.
1212-GLHMD,65.7,0.6569,0.548,0.7563,0.7798,High,86.05,1032.6,3,Month-to-month,Mailed check,0,1190,Month-to-month contract | Manual payment method | New customer (0-12 months),Send targeted email offering 10% discount for switching to auto-payment. Personal follow-up call within 3 days if unread.
2103-ZRXFN,65.7,0.6567,0.5686,0.7823,0.6887,High,50.75,609.0,1,Month-to-month,Mailed check,0,1197,Month-to-month contract | Manual payment method | New customer (0-12 months),Send targeted email offering 10% discount for switching to auto-payment. Personal follow-up call within 3 days if unread.
5692-FPTAH,65.6,0.6563,0.5772,0.7671,0.6881,High,45.4,544.8,1,Month-to-month,Mailed check,1,1202,Month-to-month contract | Manual payment method | New customer (0-12 months),Send targeted email offering 10% discount for switching to auto-payment. Personal follow-up call within 3 days if unread.
7801-KICAO,65.6,0.656,0.5622,0.7198,0.7948,High,74.15,889.8,18,Month-to-month,Electronic check,0,1203,Month-to-month contract | Manual payment method | Fiber optic (premium price risk),Send targeted email offering 10% discount for switching to auto-payment. Personal follow-up call within 3 days if unread.
8212-DJRCH,65.5,0.6551,0.5444,0.7867,0.7347,High,90.35,1084.2,5,Month-to-month,Mailed check,0,1210,Month-to-month contract | Manual payment method | New customer (0-12 months),Send targeted email offering 10% discount for switching to auto-payment. Personal follow-up call within 3 days if unread.
6712-OAWRH,65.4,0.6541,0.5366,0.7454,0.8107,High,91.25,1095.0,26,Month-to-month,Electronic check,1,1214,Month-to-month contract | Manual payment method | Fiber optic (premium price risk),Send targeted email offering 10% discount for switching to auto-payment. Personal follow-up call within 3 days if unread.
4237-RLAQD,65.3,0.6534,0.57,0.7751,0.6792,High,45.85,550.2,1,Month-to-month,Mailed check,1,1221,Month-to-month contract | Manual payment method | New customer (0-12 months),Send targeted email offering 10% discount for switching to auto-payment. Personal follow-up call within 3 days if unread.
9506-UXUSK,65.3,0.6528,0.5553,0.7438,0.7602,High,70.15,841.8,13,Month-to-month,Electronic check,0,1222,Month-to-month contract | Manual payment method | Fiber optic (premium price risk),Send targeted email offering 10% discount for switching to auto-payment. Personal follow-up call within 3 days if unread.
1236-WFCDV,65.0,0.6502,0.5396,0.7267,0.8122,High,90.45,1085.4,14,Month-to-month,Credit card (automatic),1,1233,Month-to-month contract | Fiber optic (premium price risk) | Senior customer,Send product walkthrough sequence. Offer free 60-day trial of TechSupport or OnlineSecurity. Schedule check-in call within 5 days.
9227-LUNBG,65.0,0.6496,0.5052,0.7694,0.8307,High,24.6,295.2,1,Month-to-month,Electronic check,1,1237,Month-to-month contract | Manual payment method | New customer (0-12 months),Send targeted email offering 10% discount for switching to auto-payment. Personal follow-up call within 3 days if unread.
9851-KIELU,64.9,0.649,0.5219,0.7767,0.775,High,110.1,1321.2,10,Month-to-month,Electronic check,1,1238,Month-to-month contract | Manual payment method | New customer (0-12 months),Send targeted email offering 10% discount for switching to auto-payment. Personal follow-up call within 3 days if unread.
0491-KAPQG,64.9,0.6491,0.5622,0.707,0.7794,High,73.7,884.4,21,Month-to-month,Electronic check,0,1243,Month-to-month contract | Manual payment method | Fiber optic (premium price risk),Send targeted email offering 10% discount for switching to auto-payment. Personal follow-up call within 3 days if unread.
7056-IMHCC,64.9,0.6485,0.5763,0.7035,0.7465,High,101.9,1222.8,53,Month-to-month,Electronic check,1,1246,Month-to-month contract | Manual payment method | Fiber optic (premium price risk),Send targeted email offering 10% discount for switching to auto-payment. Personal follow-up call within 3 days if unread.
8993-PHFWD,64.8,0.6479,0.5276,0.7408,0.8093,High,25.25,303.0,3,Month-to-month,Electronic check,1,1250,Month-to-month contract | Manual payment method | New customer (0-12 months),Send targeted email offering 10% discount for switching to auto-payment. Personal follow-up call within 3 days if unread.
5380-WJKOV,64.8,0.6484,0.555,0.7267,0.7646,High,106.35,1276.2,34,Month-to-month,Electronic check,1,1252,Month-to-month contract | Manual payment method | Fiber optic (premium price risk),Send targeted email offering 10% discount for switching to auto-payment. Personal follow-up call within 3 days if unread.
3672-YITQD,64.7,0.6466,0.543,0.7332,0.7758,High,84.1,1009.2,36,Month-to-month,Electronic check,1,1261,Month-to-month contract | Manual payment method | Fiber optic (premium price risk),Send targeted email offering 10% discount for switching to auto-payment. Personal follow-up call within 3 days if unread.
9208-OLGAQ,64.6,0.6464,0.5096,0.761,0.8167,High,84.95,1019.4,18,Month-to-month,Electronic check,0,1266,Month-to-month contract | Manual payment method | Fiber optic (premium price risk),Send targeted email offering 10% discount for switching to auto-payment. Personal follow-up call within 3 days if unread.
1845-ZLLIG,64.5,0.645,0.5766,0.7584,0.6458,High,50.15,601.8,1,Month-to-month,Mailed check,0,1277,Month-to-month contract | Manual payment method | New customer (0-12 months),Send targeted email offering 10% discount for switching to auto-payment. Personal follow-up call within 3 days if unread.
0576-WNXXC,64.4,0.644,0.5307,0.7381,0.786,High,95.55,1146.6,27,Month-to-month,Electronic check,1,1281,Month-to-month contract | Manual payment method | Fiber optic (premium price risk),Send targeted email offering 10% discount for switching to auto-payment. Personal follow-up call within 3 days if unread.
8621-MNIHH,64.4,0.6439,0.546,0.7239,0.7684,High,94.25,1131.0,34,Month-to-month,Electronic check,1,1283,Month-to-month contract | Manual payment method | Fiber optic (premium price risk),Send targeted email offering 10% discount for switching to auto-payment. Personal follow-up call within 3 days if unread.
7410-YTJIK,64.4,0.6442,0.5436,0.7118,0.7941,High,75.45,905.4,7,Month-to-month,Mailed check,1,1284,Month-to-month contract | Manual payment method | New customer (0-12 months),Send targeted email offering 10% discount for switching to auto-payment. Personal follow-up call within 3 days if unread.
6518-LGAOV,64.4,0.6442,0.556,0.7005,0.7803,High,105.0,1260.0,38,Month-to-month,Electronic check,1,1285,Month-to-month contract | Manual payment method | Fiber optic (premium price risk),Send targeted email offering 10% discount for switching to auto-payment. Personal follow-up call within 3 days if unread.
8128-YVJRG,64.3,0.6429,0.5471,0.7078,0.785,High,79.65,955.8,7,Month-to-month,Mailed check,1,1287,Month-to-month contract | Manual payment method | New customer (0-12 months),Send targeted email offering 10% discount for switching to auto-payment. Personal follow-up call within 3 days if unread.
5630-IXDXV,64.3,0.6433,0.5626,0.7088,0.7469,High,106.35,1276.2,47,Month-to-month,Electronic check,0,1289,Month-to-month contract | Manual payment method | Fiber optic (premium price risk),Send targeted email offering 10% discount for switching to auto-payment. Personal follow-up call within 3 days if unread.
9692-TUSXH,63.8,0.6379,0.4995,0.791,0.7541,High,96.05,1152.6,18,Month-to-month,Electronic check,1,1314,Month-to-month contract | Manual payment method | Fiber optic (premium price risk),Send targeted email offering 10% discount for switching to auto-payment. Personal follow-up call within 3 days if unread.
6661-HBGWL,63.7,0.637,0.5377,0.7015,0.7883,High,104.75,1257.0,42,Month-to-month,Bank transfer (automatic),1,1318,Month-to-month contract | Fiber optic (premium price risk) | Senior customer,Send satisfaction survey with direct CSM escalation. Offer annual contract renewal incentive.
3926-CUQZX,63.7,0.6372,0.6008,0.7338,0.583,High,45.1,541.2,1,Month-to-month,Bank transfer (automatic),1,1319,Month-to-month contract | New customer (0-12 months) | Paperless billing,Send product walkthrough sequence. Offer free 60-day trial of TechSupport or OnlineSecurity. Schedule check-in call within 5 days.
5600-KTXFM,63.7,0.6371,0.5172,0.769,0.7391,High,69.95,839.4,2,Month-to-month,Mailed check,0,1321,Month-to-month contract | Manual payment method | New customer (0-12 months),Send targeted email offering 10% discount for switching to auto-payment. Personal follow-up call within 3 days if unread.
7587-RZNME,63.5,0.6347,0.5063,0.7571,0.772,High,43.3,519.6,3,Month-to-month,Electronic check,1,1327,Month-to-month contract | Manual payment method | New customer (0-12 months),Send targeted email offering 10% discount for switching to auto-payment. Personal follow-up call within 3 days if unread.
4128-ETESU,63.4,0.6336,0.5387,0.6905,0.7855,High,99.7,1196.4,47,Month-to-month,Electronic check,0,1331,Month-to-month contract | Manual payment method | Fiber optic (premium price risk),Send targeted email offering 10% discount for switching to auto-payment. Personal follow-up call within 3 days if unread.
8429-XIBUM,63.4,0.6338,0.5325,0.7258,0.749,High,101.35,1216.2,22,Month-to-month,Bank transfer (automatic),1,1333,Month-to-month contract | Fiber optic (premium price risk) | Paperless billing,Send satisfaction survey with direct CSM escalation. Offer annual contract renewal incentive.
8938-UMKPI,63.3,0.6328,0.5503,0.6857,0.7598,High,106.4,1276.8,47,Month-to-month,Electronic check,1,1340,Month-to-month contract | Manual payment method | Fiber optic (premium price risk),Send targeted email offering 10% discount for switching to auto-payment. Personal follow-up call within 3 days if unread.
9895-VFOXH,63.3,0.6333,0.5161,0.7382,0.7686,High,24.4,292.8,1,Month-to-month,Mailed check,0,1341,Month-to-month contract | Manual payment method | New customer (0-12 months),Send targeted email offering 10% discount for switching to auto-payment. Personal follow-up call within 3 days if unread.
7252-NTGSS,63.2,0.6321,0.5507,0.7662,0.6348,High,45.15,541.8,1,Month-to-month,Mailed check,0,1342,Month-to-month contract | Manual payment method | New customer (0-12 months),Send targeted email offering 10% discount for switching to auto-payment. Personal follow-up call within 3 days if unread.
8637-XJIVR,63.2,0.6316,0.5259,0.6797,0.8233,High,78.95,947.4,12,Month-to-month,Electronic check,1,1343,Month-to-month contract | Manual payment method | New customer (0-12 months),Send targeted email offering 10% discount for switching to auto-payment. Personal follow-up call within 3 days if unread.
3658-KIBGF,63.1,0.6315,0.5791,0.7063,0.6501,High,54.9,658.8,1,Month-to-month,Electronic check,1,1345,Month-to-month contract | Manual payment method | New customer (0-12 months),Send targeted email offering 10% discount for switching to auto-payment. Personal follow-up call within 3 days if unread.
1766-GKNMI,63.1,0.6313,0.5038,0.746,0.7779,High,84.9,1018.8,29,Month-to-month,Electronic check,0,1348,Month-to-month contract | Manual payment method | Fiber optic (premium price risk),Send targeted email offering 10% discount for switching to auto-payment. Personal follow-up call within 3 days if unread.
4873-ILOLJ,63.1,0.6315,0.4973,0.7441,0.7978,High,90.35,1084.2,24,Month-to-month,Electronic check,1,1351,Month-to-month contract | Manual payment method | Fiber optic (premium price risk),Send targeted email offering 10% discount for switching to auto-payment. Personal follow-up call within 3 days if unread.
3439-GVUSX,63.0,0.6297,0.4954,0.7627,0.7661,High,24.4,292.8,1,Month-to-month,Mailed check,0,1352,Month-to-month contract | Manual payment method | New customer (0-12 months),Send targeted email offering 10% discount for switching to auto-payment. Personal follow-up call within 3 days if unread.
0524-IAVZO,63.0,0.6297,0.5038,0.7452,0.7713,High,85.0,1020.0,30,Month-to-month,Electronic check,1,1355,Month-to-month contract | Manual payment method | Fiber optic (premium price risk),Send targeted email offering 10% discount for switching to auto-payment. Personal follow-up call within 3 days if unread.
6158-HDPXZ,62.9,0.6291,0.5091,0.7449,0.7556,High,25.35,304.2,1,Month-to-month,Mailed check,0,1363,Month-to-month contract | Manual payment method | New customer (0-12 months),Send targeted email offering 10% discount for switching to auto-payment. Personal follow-up call within 3 days if unread.
3716-UVSPD,62.9,0.6286,0.5186,0.7582,0.7092,High,49.3,591.6,1,Month-to-month,Electronic check,0,1368,Month-to-month contract | Manual payment method | New customer (0-12 months),Send targeted email offering 10% discount for switching to auto-payment. Personal follow-up call within 3 days if unread.
6319-IEJWJ,62.7,0.627,0.496,0.7462,0.7758,High,90.2,1082.4,20,Month-to-month,Electronic check,1,1375,Month-to-month contract | Manual payment method | Fiber optic (premium price risk),Send targeted email offering 10% discount for switching to auto-payment. Personal follow-up call within 3 days if unread.
2079-FBMZK,62.7,0.6272,0.513,0.6968,0.8083,High,69.25,831.0,6,Month-to-month,Mailed check,1,1377,Month-to-month contract | Manual payment method | New customer (0-12 months),Send targeted email offering 10% discount for switching to auto-payment. Personal follow-up call within 3 days if unread.
9710-ZUSHQ,62.7,0.6268,0.6029,0.5996,0.7273,High,106.75,1281.0,37,Month-to-month,Bank transfer (automatic),1,1379,Month-to-month contract | Fiber optic (premium price risk) | Senior customer,Send satisfaction survey with direct CSM escalation. Offer annual contract renewal incentive.
4412-YLTKF,62.6,0.6257,0.5086,0.7089,0.7939,High,78.05,936.6,27,Month-to-month,Electronic check,1,1380,Month-to-month contract | Manual payment method | Fiber optic (premium price risk),Send targeted email offering 10% discount for switching to auto-payment. Personal follow-up call within 3 days if unread.
3374-LXDEV,62.5,0.6246,0.5316,0.7401,0.684,High,89.4,1072.8,13,Month-to-month,Electronic check,1,1383,Month-to-month contract | Manual payment method | Fiber optic (premium price risk),Send targeted email offering 10% discount for switching to auto-payment. Personal follow-up call within 3 days if unread.
6298-QDFNH,62.4,0.624,0.5217,0.7215,0.7336,High,79.35,952.2,22,Month-to-month,Electronic check,1,1386,Month-to-month contract | Manual payment method | Fiber optic (premium price risk),Send targeted email offering 10% discount for switching to auto-payment. Personal follow-up call within 3 days if unread.
9572-WUKSB,62.4,0.624,0.4862,0.7399,0.7944,High,29.9,358.8,3,Month-to-month,Electronic check,0,1387,Month-to-month contract | Manual payment method | New customer (0-12 months),Send targeted email offering 10% discount for switching to auto-payment. Personal follow-up call within 3 days if unread.
7250-EQKIY,62.4,0.6243,0.5618,0.761,0.5757,High,50.45,605.4,1,Month-to-month,Mailed check,1,1388,Month-to-month contract | Manual payment method | New customer (0-12 months),Send targeted email offering 10% discount for switching to auto-payment. Personal follow-up call within 3 days if unread.
2824-MYYBN,62.1,0.6213,0.5095,0.7008,0.7817,High,95.25,1143.0,37,Month-to-month,Electronic check,0,1399,Month-to-month contract | Manual payment method | Fiber optic (premium price risk),Send targeted email offering 10% discount for switching to auto-payment. Personal follow-up call within 3 days if unread.
8696-JKZNU,62.1,0.6209,0.5168,0.7124,0.744,High,76.25,915.0,37,Month-to-month,Electronic check,1,1401,Month-to-month contract | Manual payment method | Fiber optic (premium price risk),Send targeted email offering 10% discount for switching to auto-payment. Personal follow-up call within 3 days if unread.
1391-UBDAR,62.0,0.6198,0.485,0.713,0.817,High,72.9,874.8,11,Month-to-month,Electronic check,0,1405,Month-to-month contract | Manual payment method | New customer (0-12 months),Send targeted email offering 10% discount for switching to auto-payment. Personal follow-up call within 3 days if unread.
6048-QBXKL,61.9,0.6187,0.5642,0.6907,0.6471,High,56.55,678.6,2,Month-to-month,Credit card (automatic),0,1412,Month-to-month contract | New customer (0-12 months) | Senior customer,Send product walkthrough sequence. Offer free 60-day trial of TechSupport or OnlineSecurity. Schedule check-in call within 5 days.
4998-IKFSE,61.8,0.6178,0.508,0.6888,0.7861,High,100.45,1205.4,30,Month-to-month,Electronic check,0,1414,Month-to-month contract | Manual payment method | Fiber optic (premium price risk),Send targeted email offering 10% discount for switching to auto-payment. Personal follow-up call within 3 days if unread.
0886-QGENL,61.8,0.6182,0.4887,0.7507,0.7433,High,101.25,1215.0,27,Month-to-month,Electronic check,1,1416,Month-to-month contract | Manual payment method | Fiber optic (premium price risk),Send targeted email offering 10% discount for switching to auto-payment. Personal follow-up call within 3 days if unread.
2277-VWCNI,61.8,0.6176,0.502,0.7339,0.7321,High,48.75,585.0,4,Month-to-month,Mailed check,0,1417,Month-to-month contract | Manual payment method | New customer (0-12 months),Send targeted email offering 10% discount for switching to auto-payment. Personal follow-up call within 3 days if unread.
4846-WHAFZ,61.8,0.6183,0.5168,0.7072,0.7385,High,76.5,918.0,37,Month-to-month,Electronic check,1,1418,Month-to-month contract | Manual payment method | Fiber optic (premium price risk),Send targeted email offering 10% discount for switching to auto-payment. Personal follow-up call within 3 days if unread.
5022-JNQEQ,61.6,0.6165,0.4833,0.7566,0.7393,High,75.85,910.2,9,Month-to-month,Electronic check,0,1432,Month-to-month contract | Manual payment method | New customer (0-12 months),Send targeted email offering 10% discount for switching to auto-payment. Personal follow-up call within 3 days if unread.
7534-BFESC,61.6,0.6165,0.5111,0.6915,0.7674,High,76.1,913.2,24,Month-to-month,Electronic check,1,1433,Month-to-month contract | Manual payment method | Fiber optic (premium price risk),Send targeted email offering 10% discount for switching to auto-payment. Personal follow-up call within 3 days if unread.
5899-OUVKV,61.5,0.6153,0.5041,0.7189,0.7378,High,94.5,1134.0,31,Month-to-month,Electronic check,0,1436,Month-to-month contract | Manual payment method | Fiber optic (premium price risk),Send targeted email offering 10% discount for switching to auto-payment. Personal follow-up call within 3 days if unread.
7754-IXRMC,61.4,0.6144,0.5191,0.7615,0.632,High,45.35,544.2,1,Month-to-month,Mailed check,0,1444,Month-to-month contract | Manual payment method | New customer (0-12 months),Send targeted email offering 10% discount for switching to auto-payment. Personal follow-up call within 3 days if unread.
1469-LBJQJ,61.2,0.6122,0.571,0.654,0.6524,High,105.2,1262.4,66,Month-to-month,Electronic check,0,1455,Month-to-month contract | Manual payment method | Fiber optic (premium price risk),Send targeted email offering 10% discount for switching to auto-payment. Personal follow-up call within 3 days if unread.
3352-ALMCK,61.0,0.61,0.5122,0.6805,0.7489,High,102.65,1231.8,40,Month-to-month,Mailed check,0,1464,Month-to-month contract | Manual payment method | Fiber optic (premium price risk),Send targeted email offering 10% discount for switching to auto-payment. Personal follow-up call within 3 days if unread.
5759-RCVCB,60.9,0.6089,0.5392,0.6539,0.7157,High,35.2,422.4,3,Month-to-month,Credit card (automatic),1,1467,Month-to-month contract | New customer (0-12 months) | Low engagement (1 services),Send product walkthrough sequence. Offer free 60-day trial of TechSupport or OnlineSecurity. Schedule check-in call within 5 days.
6651-AZVTJ,60.8,0.6083,0.5014,0.7002,0.7375,High,99.8,1197.6,49,Month-to-month,Electronic check,1,1475,Month-to-month contract | Manual payment method | Fiber optic (premium price risk),Send targeted email offering 10% discount for switching to auto-payment. Personal follow-up call within 3 days if unread.
4727-MCYZG,60.8,0.6076,0.4824,0.7696,0.6777,High,55.55,666.6,1,Month-to-month,Mailed check,0,1481,Month-to-month contract | Manual payment method | New customer (0-12 months),Send targeted email offering 10% discount for switching to auto-payment. Personal follow-up call within 3 days if unread.
7663-RGWBC,60.6,0.6057,0.4968,0.7235,0.7013,High,44.15,529.8,1,Month-to-month,Mailed check,1,1491,Month-to-month contract | Manual payment method | New customer (0-12 months),Send targeted email offering 10% discount for switching to auto-payment. Personal follow-up call within 3 days if unread.
3858-VOBET,60.4,0.6044,0.4821,0.709,0.7531,High,74.95,899.4,23,Month-to-month,Electronic check,1,1498,Month-to-month contract | Manual payment method | Fiber optic (premium price risk),Send targeted email offering 10% discount for switching to auto-payment. Personal follow-up call within 3 days if unread.
5889-JTMUL,60.4,0.604,0.5225,0.656,0.7298,High,95.05,1140.6,50,Month-to-month,Electronic check,1,1501,Month-to-month contract | Manual payment method | Fiber optic (premium price risk),Send targeted email offering 10% discount for switching to auto-payment. Personal follow-up call within 3 days if unread.
8393-DLHGA,60.3,0.6035,0.4922,0.7139,0.716,High,95.9,1150.8,25,Month-to-month,Electronic check,1,1502,Month-to-month contract | Manual payment method | Fiber optic (premium price risk),Send targeted email offering 10% discount for switching to auto-payment. Personal follow-up call within 3 days if unread.
8695-ARGXZ,60.3,0.603,0.497,0.7136,0.7022,High,75.55,906.6,34,Month-to-month,Electronic check,0,1503,Month-to-month contract | Manual payment method | Fiber optic (premium price risk),Send targeted email offering 10% discount for switching to auto-payment. Personal follow-up call within 3 days if unread.
8378-LKJAF,60.2,0.6022,0.4913,0.6796,0.7633,High,101.15,1213.8,38,Month-to-month,Credit card (automatic),0,1509,Month-to-month contract | Fiber optic (premium price risk) | Paperless billing,Send satisfaction survey with direct CSM escalation. Offer annual contract renewal incentive.
9274-UARKJ,60.1,0.6013,0.4806,0.706,0.7458,High,83.2,998.4,15,Month-to-month,Bank transfer (automatic),0,1518,Month-to-month contract | Fiber optic (premium price risk) | Paperless billing,Send product walkthrough sequence. Offer free 60-day trial of TechSupport or OnlineSecurity. Schedule check-in call within 5 days.
4678-DVQEO,59.9,0.5986,0.4949,0.7207,0.6746,High,52.2,626.4,1,Month-to-month,Electronic check,1,1529,Month-to-month contract | Manual payment method | New customer (0-12 months),Send targeted email offering 10% discount for switching to auto-payment. Personal follow-up call within 3 days if unread.
6542-LWGXJ,59.9,0.5993,0.4834,0.6989,0.7395,High,25.0,300.0,3,Month-to-month,Mailed check,0,1530,Month-to-month contract | Manual payment method | New customer (0-12 months),Send targeted email offering 10% discount for switching to auto-payment. Personal follow-up call within 3 days if unread.
1608-GMEWB,59.8,0.5977,0.4803,0.6604,0.7972,High,93.9,1126.8,45,Month-to-month,Bank transfer (automatic),0,1532,Month-to-month contract | Fiber optic (premium price risk) | Senior customer,Send satisfaction survey with direct CSM escalation. Offer annual contract renewal incentive.
1894-IGFSG,59.7,0.5973,0.4706,0.6922,0.7717,High,89.25,1071.0,22,Month-to-month,Electronic check,1,1538,Month-to-month contract | Manual payment method | Fiber optic (premium price risk),Send targeted email offering 10% discount for switching to auto-payment. Personal follow-up call within 3 days if unread.
1092-GANHU,59.6,0.5963,0.4854,0.6987,0.7199,High,76.65,919.8,17,Month-to-month,Electronic check,1,1540,Month-to-month contract | Manual payment method | Fiber optic (premium price risk),Send targeted email offering 10% discount for switching to auto-payment. Personal follow-up call within 3 days if unread.
4546-FOKWR,59.6,0.5961,0.4728,0.6849,0.7715,High,74.75,897.0,16,Month-to-month,Credit card (automatic),0,1542,Month-to-month contract | Fiber optic (premium price risk) | Paperless billing,Send product walkthrough sequence. Offer free 60-day trial of TechSupport or OnlineSecurity. Schedule check-in call within 5 days.
2860-RANUS,59.6,0.5962,0.4472,0.6914,0.8258,High,85.8,1029.6,20,Month-to-month,Credit card (automatic),1,1546,Month-to-month contract | Fiber optic (premium price risk) | Senior customer,Send product walkthrough sequence. Offer free 60-day trial of TechSupport or OnlineSecurity. Schedule check-in call within 5 days.
0376-YMCJC,59.6,0.5958,0.4588,0.7296,0.7375,High,90.6,1087.2,23,Month-to-month,Electronic check,1,1548,Month-to-month contract | Manual payment method | Fiber optic (premium price risk),Send targeted email offering 10% discount for switching to auto-payment. Personal follow-up call within 3 days if unread.
4208-UFFGW,59.4,0.5936,0.4698,0.7484,0.6708,High,44.95,539.4,2,Month-to-month,Mailed check,1,1559,Month-to-month contract | Manual payment method | New customer (0-12 months),Send targeted email offering 10% discount for switching to auto-payment. Personal follow-up call within 3 days if unread.
4547-LYTDD,59.4,0.5937,0.4737,0.6697,0.7796,High,72.65,871.8,16,Month-to-month,Electronic check,1,1560,Month-to-month contract | Manual payment method | Fiber optic (premium price risk),Send targeted email offering 10% discount for switching to auto-payment. Personal follow-up call within 3 days if unread.
3334-CTHOL,59.4,0.5943,0.4927,0.722,0.6569,High,49.95,599.4,1,Month-to-month,Bank transfer (automatic),1,1562,Month-to-month contract | New customer (0-12 months) | Paperless billing,Send product walkthrough sequence. Offer free 60-day trial of TechSupport or OnlineSecurity. Schedule check-in call within 5 days.
0818-OCPZO,59.3,0.5934,0.4665,0.7194,0.7218,High,81.45,977.4,27,Month-to-month,Electronic check,1,1566,Month-to-month contract | Manual payment method | Fiber optic (premium price risk),Send targeted email offering 10% discount for switching to auto-payment. Personal follow-up call within 3 days if unread.
9048-JVYVF,59.3,0.593,0.4744,0.6649,0.7815,High,69.35,832.2,3,Month-to-month,Electronic check,1,1570,Month-to-month contract | Manual payment method | New customer (0-12 months),Send targeted email offering 10% discount for switching to auto-payment. Personal follow-up call within 3 days if unread.
7617-EYGLW,59.2,0.5921,0.5795,0.6397,0.5523,High,19.45,233.4,1,Month-to-month,Electronic check,0,1580,Month-to-month contract | Manual payment method | New customer (0-12 months),Send targeted email offering 10% discount for switching to auto-payment. Personal follow-up call within 3 days if unread.
9389-ACWBI,59.0,0.5899,0.5106,0.695,0.6304,High,69.95,839.4,5,Month-to-month,Credit card (automatic),0,1581,Month-to-month contract | New customer (0-12 months) | Fiber optic (premium price risk),Send product walkthrough sequence. Offer free 60-day trial of TechSupport or OnlineSecurity. Schedule check-in call within 5 days.
9283-LZQOH,59.0,0.5897,0.4947,0.6423,0.7481,High,74.4,892.8,13,Month-to-month,Credit card (automatic),1,1584,Month-to-month contract | Fiber optic (premium price risk) | Paperless billing,Send product walkthrough sequence. Offer free 60-day trial of TechSupport or OnlineSecurity. Schedule check-in call within 5 days.
1989-PRJHP,58.8,0.588,0.4719,0.6735,0.7497,High,75.5,906.0,27,Month-to-month,Electronic check,1,1598,Month-to-month contract | Manual payment method | Fiber optic (premium price risk),Send targeted email offering 10% discount for switching to auto-payment. Personal follow-up call within 3 days if unread.
3679-XASPY,58.8,0.5877,0.6003,0.6268,0.4975,High,19.45,233.4,1,Month-to-month,Electronic check,0,1599,Month-to-month contract | Manual payment method | New customer (0-12 months),Send targeted email offering 10% discount for switching to auto-payment. Personal follow-up call within 3 days if unread.
5103-MHMHY,58.8,0.5876,0.4996,0.7446,0.5721,High,45.95,551.4,1,Month-to-month,Mailed check,1,1602,Month-to-month contract | Manual payment method | New customer (0-12 months),Send targeted email offering 10% discount for switching to auto-payment. Personal follow-up call within 3 days if unread.
4818-QIUFN,58.7,0.5867,0.4574,0.6962,0.7458,High,79.15,949.8,20,Month-to-month,Electronic check,1,1607,Month-to-month contract | Manual payment method | Fiber optic (premium price risk),Send targeted email offering 10% discount for switching to auto-payment. Personal follow-up call within 3 days if unread.
7018-WBJNK,58.4,0.5839,0.4526,0.683,0.7635,High,78.3,939.6,13,Month-to-month,Credit card (automatic),0,1619,Month-to-month contract | Fiber optic (premium price risk) | Paperless billing,Send product walkthrough sequence. Offer free 60-day trial of TechSupport or OnlineSecurity. Schedule check-in call within 5 days.
1471-GIQKQ,58.4,0.5839,0.4721,0.7029,0.6847,High,49.95,599.4,1,Month-to-month,Electronic check,0,1620,Month-to-month contract | Manual payment method | New customer (0-12 months),Send targeted email offering 10% discount for switching to auto-payment. Personal follow-up call within 3 days if unread.
1902-XBTFB,58.4,0.5844,0.4565,0.7205,0.7001,High,89.4,1072.8,22,Month-to-month,Electronic check,1,1623,Month-to-month contract | Manual payment method | Fiber optic (premium price risk),Send targeted email offering 10% discount for switching to auto-payment. Personal follow-up call within 3 days if unread.
9465-RWMXL,58.3,0.5831,0.4562,0.7144,0.7034,High,78.9,946.8,32,Month-to-month,Electronic check,1,1624,Month-to-month contract | Manual payment method | Fiber optic (premium price risk),Send targeted email offering 10% discount for switching to auto-payment. Personal follow-up call within 3 days if unread.
2955-BJZHG,58.2,0.5819,0.4618,0.7102,0.6898,High,80.85,970.2,17,Month-to-month,Electronic check,1,1628,Month-to-month contract | Manual payment method | Fiber optic (premium price risk),Send targeted email offering 10% discount for switching to auto-payment. Personal follow-up call within 3 days if unread.
9050-QLROH,58.1,0.5814,0.4217,0.6992,0.804,High,90.7,1088.4,18,Month-to-month,Credit card (automatic),1,1634,Month-to-month contract | Fiber optic (premium price risk) | Paperless billing,Send satisfaction survey with direct CSM escalation. Offer annual contract renewal incentive.
5533-NHFRF,58.0,0.5799,0.4325,0.6711,0.8119,High,44.4,532.8,7,Month-to-month,Electronic check,0,1637,Month-to-month contract | Manual payment method | New customer (0-12 months),Send targeted email offering 10% discount for switching to auto-payment. Personal follow-up call within 3 days if unread.
5650-YLIBA,58.0,0.58,0.457,0.7279,0.6658,High,81.15,973.8,31,Month-to-month,Electronic check,0,1640,Month-to-month contract | Manual payment method | Fiber optic (premium price risk),Send targeted email offering 10% discount for switching to auto-payment. Personal follow-up call within 3 days if unread.
6557-BZXLQ,58.0,0.5803,0.4771,0.6519,0.7307,High,69.65,835.8,16,Month-to-month,Electronic check,0,1647,Month-to-month contract | Manual payment method | Fiber optic (premium price risk),Send targeted email offering 10% discount for switching to auto-payment. Personal follow-up call within 3 days if unread.
9992-UJOEL,57.9,0.5795,0.45,0.7602,0.6322,High,50.3,603.6,2,Month-to-month,Mailed check,0,1651,Month-to-month contract | Manual payment method | New customer (0-12 months),Send targeted email offering 10% discount for switching to auto-payment. Personal follow-up call within 3 days if unread.
3234-VKACU,57.9,0.5792,0.4541,0.686,0.7318,High,70.3,843.6,2,Month-to-month,Electronic check,0,1653,Month-to-month contract | Manual payment method | New customer (0-12 months),Send targeted email offering 10% discount for switching to auto-payment. Personal follow-up call within 3 days if unread.
9667-TKTVZ,57.9,0.5789,0.4776,0.6789,0.6822,High,54.35,652.2,2,Month-to-month,Mailed check,0,1654,Month-to-month contract | Manual payment method | New customer (0-12 months),Send targeted email offering 10% discount for switching to auto-payment. Personal follow-up call within 3 days if unread.
5356-CSVSQ,57.8,0.5775,0.4603,0.6606,0.7461,High,64.6,775.2,3,Month-to-month,Electronic check,0,1657,Month-to-month contract | Manual payment method | New customer (0-12 months),Send targeted email offering 10% discount for switching to auto-payment. Personal follow-up call within 3 days if unread.
7422-WNBTY,57.6,0.5758,0.4336,0.702,0.7421,High,93.35,1120.2,33,Month-to-month,Electronic check,0,1671,Month-to-month contract | Manual payment method | Fiber optic (premium price risk),Send targeted email offering 10% discount for switching to auto-payment. Personal follow-up call within 3 days if unread.
5129-JLPIS,57.5,0.5753,0.4651,0.7061,0.6547,High,105.5,1266.0,25,Month-to-month,Electronic check,0,1676,Month-to-month contract | Manual payment method | Fiber optic (premium price risk),Send targeted email offering 10% discount for switching to auto-payment. Personal follow-up call within 3 days if unread.
3768-NLUBH,57.4,0.574,0.4776,0.6381,0.7186,High,100.6,1207.2,57,Month-to-month,Electronic check,1,1682,Month-to-month contract | Manual payment method | Fiber optic (premium price risk),Send targeted email offering 10% discount for switching to auto-payment. Personal follow-up call within 3 days if unread.
1965-DDBWU,57.3,0.5726,0.4338,0.6697,0.7737,High,89.05,1068.6,16,Month-to-month,Credit card (automatic),1,1686,Month-to-month contract | Fiber optic (premium price risk) | Paperless billing,Send satisfaction survey with direct CSM escalation. Offer annual contract renewal incentive.
8819-IMISP,57.2,0.5719,0.4432,0.726,0.6623,High,80.45,965.4,31,Month-to-month,Electronic check,0,1693,Month-to-month contract | Manual payment method | Fiber optic (premium price risk),Send targeted email offering 10% discount for switching to auto-payment. Personal follow-up call within 3 days if unread.
8058-DMYRU,56.9,0.5689,0.4686,0.6574,0.6869,High,90.05,1080.6,54,Month-to-month,Electronic check,0,1707,Month-to-month contract | Manual payment method | Fiber optic (premium price risk),Send targeted email offering 10% discount for switching to auto-payment. Personal follow-up call within 3 days if unread.
6317-YPKDH,56.9,0.5689,0.4989,0.6477,0.6258,High,29.95,359.4,1,Month-to-month,Bank transfer (automatic),1,1711,Month-to-month contract | New customer (0-12 months) | Low engagement (1 services),Send product walkthrough sequence. Offer free 60-day trial of TechSupport or OnlineSecurity. Schedule check-in call within 5 days.
8654-DHAOW,56.8,0.5675,0.4408,0.7168,0.6606,High,54.15,649.8,2,Month-to-month,Mailed check,0,1713,Month-to-month contract | Manual payment method | New customer (0-12 months),Send targeted email offering 10% discount for switching to auto-payment. Personal follow-up call within 3 days if unread.
8714-EUHJO,56.3,0.5632,0.4282,0.7075,0.6844,High,91.15,1093.8,31,Month-to-month,Electronic check,1,1732,Month-to-month contract | Manual payment method | Fiber optic (premium price risk),Send targeted email offering 10% discount for switching to auto-payment. Personal follow-up call within 3 days if unread.
7924-GJZFI,56.3,0.5626,0.4242,0.6816,0.7302,High,69.3,831.6,25,Month-to-month,Electronic check,0,1735,Month-to-month contract | Manual payment method | Fiber optic (premium price risk),Send targeted email offering 10% discount for switching to auto-payment. Personal follow-up call within 3 days if unread.
5331-RGMTT,56.2,0.5621,0.4535,0.6063,0.7672,High,99.05,1188.6,54,Month-to-month,Credit card (automatic),0,1741,Month-to-month contract | Fiber optic (premium price risk) | Senior customer,Send satisfaction survey with direct CSM escalation. Offer annual contract renewal incentive.
6817-WTYHE,56.2,0.5619,0.516,0.6661,0.5203,High,44.9,538.8,2,Month-to-month,Bank transfer (automatic),0,1742,Month-to-month contract | New customer (0-12 months) | Low engagement (0 services),Send product walkthrough sequence. Offer free 60-day trial of TechSupport or OnlineSecurity. Schedule check-in call within 5 days.
7312-XSBAT,56.1,0.5605,0.4334,0.7227,0.6349,High,49.75,597.0,1,Month-to-month,Electronic check,0,1744,Month-to-month contract | Manual payment method | New customer (0-12 months),Send targeted email offering 10% discount for switching to auto-payment. Personal follow-up call within 3 days if unread.
5373-SFODM,56.0,0.56,0.441,0.6372,0.7416,High,85.25,1023.0,36,Month-to-month,Credit card (automatic),1,1751,Month-to-month contract | Fiber optic (premium price risk) | Senior customer,Send product walkthrough sequence. Offer free 60-day trial of TechSupport or OnlineSecurity. Schedule check-in call within 5 days.
7296-PIXQY,55.9,0.5586,0.4403,0.6889,0.6589,High,70.2,842.4,14,Month-to-month,Electronic check,0,1756,Month-to-month contract | Manual payment method | Fiber optic (premium price risk),Send targeted email offering 10% discount for switching to auto-payment. Personal follow-up call within 3 days if unread.
7279-BUYWN,55.9,0.5591,0.473,0.5828,0.7389,High,113.2,1358.4,41,Month-to-month,Electronic check,1,1759,Month-to-month contract | Manual payment method | Fiber optic (premium price risk),Send targeted email offering 10% discount for switching to auto-payment. Personal follow-up call within 3 days if unread.
1035-IPQPU,55.9,0.5587,0.4306,0.6584,0.7296,High,103.5,1242.0,63,Month-to-month,Electronic check,0,1760,Month-to-month contract | Manual payment method | Fiber optic (premium price risk),Send targeted email offering 10% discount for switching to auto-payment. Personal follow-up call within 3 days if unread.
7752-XUSCI,55.8,0.5579,0.463,0.629,0.6889,High,105.9,1270.8,60,Month-to-month,Electronic check,1,1763,Month-to-month contract | Manual payment method | Fiber optic (premium price risk),Send targeted email offering 10% discount for switching to auto-payment. Personal follow-up call within 3 days if unread.
6022-UGGSO,55.7,0.5573,0.4367,0.7073,0.634,High,74.4,892.8,32,Month-to-month,Electronic check,1,1773,Month-to-month contract | Manual payment method | Fiber optic (premium price risk),Send targeted email offering 10% discount for switching to auto-payment. Personal follow-up call within 3 days if unread.
4154-AQUGT,55.6,0.5559,0.4228,0.667,0.7218,High,89.05,1068.6,13,Month-to-month,Bank transfer (automatic),1,1777,Month-to-month contract | Fiber optic (premium price risk) | Senior customer,Send satisfaction survey with direct CSM escalation. Offer annual contract renewal incentive.
9167-APMXZ,55.6,0.556,0.413,0.6398,0.7878,High,84.15,1009.8,22,Month-to-month,Bank transfer (automatic),0,1782,Month-to-month contract | Fiber optic (premium price risk) | Paperless billing,Send product walkthrough sequence. Offer free 60-day trial of TechSupport or OnlineSecurity. Schedule check-in call within 5 days.
8059-UDZFY,55.6,0.5561,0.431,0.6394,0.7441,High,105.35,1264.2,33,Month-to-month,Bank transfer (automatic),0,1785,Month-to-month contract | Fiber optic (premium price risk) | Senior customer,Send satisfaction survey with direct CSM escalation. Offer annual contract renewal incentive.
5207-PLSTK,55.5,0.555,0.4684,0.6976,0.5576,High,48.75,585.0,1,Month-to-month,Mailed check,0,1790,Month-to-month contract | Manual payment method | New customer (0-12 months),Send targeted email offering 10% discount for switching to auto-payment. Personal follow-up call within 3 days if unread.
8631-WUXGY,55.4,0.5537,0.443,0.6734,0.6509,High,99.8,1197.6,46,Month-to-month,Electronic check,0,1791,Month-to-month contract | Manual payment method | Fiber optic (premium price risk),Send targeted email offering 10% discount for switching to auto-payment. Personal follow-up call within 3 days if unread.
3197-ARFOY,55.4,0.554,0.4547,0.6823,0.6099,High,105.0,1260.0,19,Month-to-month,Mailed check,0,1793,Month-to-month contract | Manual payment method | Fiber optic (premium price risk),Send targeted email offering 10% discount for switching to auto-payment. Personal follow-up call within 3 days if unread.
1230-QAJDW,55.4,0.5543,0.4491,0.624,0.7127,High,65.25,783.0,3,Month-to-month,Mailed check,0,1799,Month-to-month contract | Manual payment method | New customer (0-12 months),Send targeted email offering 10% discount for switching to auto-payment. Personal follow-up call within 3 days if unread.
8490-BXHEO,55.2,0.5519,0.4146,0.6403,0.7624,High,80.55,966.6,18,Month-to-month,Credit card (automatic),0,1806,Month-to-month contract | Fiber optic (premium price risk) | Senior customer,Send product walkthrough sequence. Offer free 60-day trial of TechSupport or OnlineSecurity. Schedule check-in call within 5 days.
8914-RBTSB,55.2,0.5521,0.438,0.6385,0.7078,High,93.8,1125.6,31,Month-to-month,Electronic check,1,1808,Month-to-month contract | Manual payment method | Fiber optic (premium price risk),Send targeted email offering 10% discount for switching to auto-payment. Personal follow-up call within 3 days if unread.
3540-RZJYU,55.2,0.5524,0.432,0.6791,0.6632,High,86.2,1034.4,15,Month-to-month,Electronic check,1,1811,Month-to-month contract | Manual payment method | Fiber optic (premium price risk),Send targeted email offering 10% discount for switching to auto-payment. Personal follow-up call within 3 days if unread.
5204-QZXPU,55.1,0.5506,0.4558,0.5965,0.7188,High,39.65,475.8,19,Month-to-month,Electronic check,1,1813,Month-to-month contract | Manual payment method | Electronic check payment,Send targeted email offering 10% discount for switching to auto-payment. Personal follow-up call within 3 days if unread.
9450-TRJUU,55.1,0.5508,0.4192,0.6654,0.7078,High,83.15,997.8,35,Month-to-month,Electronic check,0,1814,Month-to-month contract | Manual payment method | Fiber optic (premium price risk),Send targeted email offering 10% discount for switching to auto-payment. Personal follow-up call within 3 days if unread.
6834-NXDCA,55.0,0.5503,0.5049,0.5104,0.7236,High,23.9,286.8,13,Month-to-month,Electronic check,1,1821,Month-to-month contract | Manual payment method | Electronic check payment,Send targeted email offering 10% discount for switching to auto-payment. Personal follow-up call within 3 days if unread.
6537-QLGEX,55.0,0.5495,0.4404,0.6485,0.6738,High,38.9,466.8,16,Month-to-month,Electronic check,0,1824,Month-to-month contract | Manual payment method | Electronic check payment,Send targeted email offering 10% discount for switching to auto-payment. Personal follow-up call within 3 days if unread.
0581-MDMPW,54.9,0.5494,0.3925,0.648,0.7937,High,88.95,1067.4,24,Month-to-month,Credit card (automatic),0,1825,Month-to-month contract | Fiber optic (premium price risk) | Paperless billing,Send satisfaction survey with direct CSM escalation. Offer annual contract renewal incentive.
1240-KNSEZ,54.8,0.548,0.4794,0.6907,0.5054,High,20.1,241.2,1,Month-to-month,Mailed check,1,1832,Month-to-month contract | Manual payment method | New customer (0-12 months),Send targeted email offering 10% discount for switching to auto-payment. Personal follow-up call within 3 days if unread.
7503-QQRVF,54.2,0.5419,0.392,0.672,0.7216,High,74.3,891.6,16,Month-to-month,Credit card (automatic),1,1855,Month-to-month contract | Fiber optic (premium price risk) | Senior customer,Send product walkthrough sequence. Offer free 60-day trial of TechSupport or OnlineSecurity. Schedule check-in call within 5 days.
8601-QACRS,54.2,0.5417,0.4202,0.6298,0.7132,High,50.6,607.2,5,Month-to-month,Mailed check,1,1857,Month-to-month contract | Manual payment method | New customer (0-12 months),Send targeted email offering 10% discount for switching to auto-payment. Personal follow-up call within 3 days if unread.
2582-FFFZR,54.0,0.5397,0.4453,0.564,0.739,High,50.6,607.2,22,Month-to-month,Electronic check,0,1871,Month-to-month contract | Manual payment method | Electronic check payment,Send targeted email offering 10% discount for switching to auto-payment. Personal follow-up call within 3 days if unread.
5950-AAAGJ,53.9,0.5385,0.3943,0.6277,0.7652,High,84.3,1011.6,18,Month-to-month,Bank transfer (automatic),0,1877,Month-to-month contract | Fiber optic (premium price risk) | Low engagement (2 services),Send product walkthrough sequence. Offer free 60-day trial of TechSupport or OnlineSecurity. Schedule check-in call within 5 days.
0611-DFXKO,53.8,0.538,0.3581,0.691,0.7582,High,89.0,1068.0,20,Month-to-month,Mailed check,1,1880,Month-to-month contract | Manual payment method | Fiber optic (premium price risk),Send targeted email offering 10% discount for switching to auto-payment. Personal follow-up call within 3 days if unread.
8660-BUETV,53.8,0.5377,0.3959,0.7161,0.6246,High,44.75,537.0,3,Month-to-month,Mailed check,0,1881,Month-to-month contract | Manual payment method | New customer (0-12 months),Send targeted email offering 10% discount for switching to auto-payment. Personal follow-up call within 3 days if unread.
0979-PHULV,53.8,0.5381,0.5063,0.5565,0.5903,High,99.45,1193.4,69,Month-to-month,Credit card (automatic),1,1883,Month-to-month contract | Fiber optic (premium price risk) | Paperless billing,Send satisfaction survey with direct CSM escalation. Offer annual contract renewal incentive.
2309-OSFEU,53.5,0.5347,0.3831,0.6205,0.7848,High,33.9,406.8,10,Month-to-month,Mailed check,1,1893,Month-to-month contract | Manual payment method | New customer (0-12 months),Send targeted email offering 10% discount for switching to auto-payment. Personal follow-up call within 3 days if unread.
2070-FNEXE,53.2,0.5316,0.4177,0.6861,0.5846,High,76.45,917.4,7,Month-to-month,Bank transfer (automatic),1,1905,Month-to-month contract | New customer (0-12 months) | Fiber optic (premium price risk),Send product walkthrough sequence. Offer free 60-day trial of TechSupport or OnlineSecurity. Schedule check-in call within 5 days.
5281-BUZGT,53.2,0.5319,0.3817,0.6787,0.6873,High,90.85,1090.2,36,Month-to-month,Electronic check,1,1909,Month-to-month contract | Manual payment method | Fiber optic (premium price risk),Send targeted email offering 10% discount for switching to auto-payment. Personal follow-up call within 3 days if unread.
4465-VDKIQ,53.1,0.5312,0.4005,0.6581,0.668,High,77.8,933.6,18,Month-to-month,Electronic check,0,1916,Month-to-month contract | Manual payment method | Fiber optic (premium price risk),Send targeted email offering 10% discount for switching to auto-payment. Personal follow-up call within 3 days if unread.
7579-OOPEC,53.1,0.531,0.4582,0.65,0.5344,High,50.15,601.8,2,Month-to-month,Credit card (automatic),1,1917,Month-to-month contract | New customer (0-12 months) | Senior customer,Send product walkthrough sequence. Offer free 60-day trial of TechSupport or OnlineSecurity. Schedule check-in call within 5 days.
9732-KPKBW,52.9,0.5294,0.3889,0.7014,0.6225,High,53.95,647.4,1,Month-to-month,Electronic check,1,1925,Month-to-month contract | Manual payment method | New customer (0-12 months),Send targeted email offering 10% discount for switching to auto-payment. Personal follow-up call within 3 days if unread.
2604-IJPDU,52.9,0.5292,0.3917,0.7406,0.5558,High,96.55,1158.6,20,Month-to-month,Electronic check,0,1930,Month-to-month contract | Manual payment method | Fiber optic (premium price risk),Send targeted email offering 10% discount for switching to auto-payment. Personal follow-up call within 3 days if unread.
5222-IMUKT,52.9,0.5288,0.3886,0.6549,0.69,High,91.05,1092.6,32,Month-to-month,Electronic check,0,1931,Month-to-month contract | Manual payment method | Fiber optic (premium price risk),Send targeted email offering 10% discount for switching to auto-payment. Personal follow-up call within 3 days if unread.
3665-JATSN,52.8,0.5284,0.4357,0.5853,0.6746,High,39.7,476.4,19,Month-to-month,Electronic check,0,1932,Month-to-month contract | Manual payment method | Electronic check payment,Send targeted email offering 10% discount for switching to auto-payment. Personal follow-up call within 3 days if unread.
4248-QPAVC,52.8,0.5278,0.3815,0.6423,0.7216,High,85.35,1024.2,17,Month-to-month,Bank transfer (automatic),1,1933,Month-to-month contract | Fiber optic (premium price risk) | Senior customer,Send satisfaction survey with direct CSM escalation. Offer annual contract renewal incentive.
1156-ZFYDO,52.7,0.5273,0.4503,0.6395,0.5512,High,19.75,237.0,1,Month-to-month,Electronic check,0,1937,Month-to-month contract | Manual payment method | New customer (0-12 months),Send targeted email offering 10% discount for switching to auto-payment. Personal follow-up call within 3 days if unread.
2761-XECQW,52.6,0.526,0.4145,0.5218,0.811,High,43.35,520.2,8,Month-to-month,Mailed check,0,1940,Month-to-month contract | Manual payment method | New customer (0-12 months),Send targeted email offering 10% discount for switching to auto-payment. Personal follow-up call within 3 days if unread.
0778-NELLA,52.5,0.5248,0.3878,0.6256,0.7162,High,34.7,416.4,9,Month-to-month,Credit card (automatic),1,1948,Month-to-month contract | New customer (0-12 months) | Paperless billing,Send product walkthrough sequence. Offer free 60-day trial of TechSupport or OnlineSecurity. Schedule check-in call within 5 days.
6543-CPZMK,52.5,0.5249,0.4038,0.5865,0.7356,High,29.95,359.4,9,Month-to-month,Electronic check,1,1949,Month-to-month contract | Manual payment method | New customer (0-12 months),Send targeted email offering 10% discount for switching to auto-payment. Personal follow-up call within 3 days if unread.
2369-FEVNO,52.5,0.5255,0.4487,0.6648,0.5084,High,19.9,238.8,1,Month-to-month,Mailed check,0,1950,Month-to-month contract | Manual payment method | New customer (0-12 months),Send targeted email offering 10% discount for switching to auto-payment. Personal follow-up call within 3 days if unread.
8805-JNRAZ,52.5,0.5245,0.3883,0.7043,0.5954,High,49.2,590.4,2,Month-to-month,Mailed check,0,1952,Month-to-month contract | Manual payment method | New customer (0-12 months),Send targeted email offering 10% discount for switching to auto-payment. Personal follow-up call within 3 days if unread.
3807-XHCJH,52.4,0.524,0.4827,0.6162,0.4891,High,20.0,240.0,1,Month-to-month,Electronic check,0,1953,Month-to-month contract | Manual payment method | New customer (0-12 months),Send targeted email offering 10% discount for switching to auto-payment. Personal follow-up call within 3 days if unread.
2043-WVTQJ,52.4,0.5239,0.4214,0.6976,0.5194,High,55.7,668.4,1,Month-to-month,Mailed check,0,1960,Month-to-month contract | Manual payment method | New customer (0-12 months),Send targeted email offering 10% discount for switching to auto-payment. Personal follow-up call within 3 days if unread.
0256-LTHVJ,52.4,0.5244,0.3652,0.7005,0.658,High,81.05,972.6,28,Month-to-month,Electronic check,1,1961,Month-to-month contract | Manual payment method | Fiber optic (premium price risk),Send targeted email offering 10% discount for switching to auto-payment. Personal follow-up call within 3 days if unread.
4360-PNRQB,52.3,0.5233,0.3782,0.62,0.7409,High,75.6,907.2,18,Month-to-month,Bank transfer (automatic),0,1963,Month-to-month contract | Fiber optic (premium price risk) | Paperless billing,Send product walkthrough sequence. Offer free 60-day trial of TechSupport or OnlineSecurity. Schedule check-in call within 5 days.
0015-UOCOJ,52.3,0.5231,0.3811,0.6368,0.7077,High,48.2,578.4,7,Month-to-month,Electronic check,0,1965,Month-to-month contract | Manual payment method | New customer (0-12 months),Send targeted email offering 10% discount for switching to auto-payment. Personal follow-up call within 3 days if unread.
9971-ZWPBF,52.2,0.5225,0.3679,0.6463,0.7231,High,108.9,1306.8,34,Month-to-month,Electronic check,0,1972,Month-to-month contract | Manual payment method | Fiber optic (premium price risk),Send targeted email offering 10% discount for switching to auto-payment. Personal follow-up call within 3 days if unread.
4026-SKKHW,52.1,0.5215,0.3709,0.7282,0.5876,High,50.25,603.0,3,Month-to-month,Mailed check,0,1975,Month-to-month contract | Manual payment method | New customer (0-12 months),Send targeted email offering 10% discount for switching to auto-payment. Personal follow-up call within 3 days if unread.
3237-AJGEH,52.1,0.5208,0.3937,0.637,0.6642,High,31.0,372.0,3,Month-to-month,Mailed check,1,1979,Month-to-month contract | Manual payment method | New customer (0-12 months),Send targeted email offering 10% discount for switching to auto-payment. Personal follow-up call within 3 days if unread.
7159-FVYPK,52.1,0.5209,0.4629,0.5537,0.6169,High,69.15,829.8,3,Month-to-month,Bank transfer (automatic),0,1981,Month-to-month contract | New customer (0-12 months) | Paperless billing,Send satisfaction survey with direct CSM escalation. Offer annual contract renewal incentive.
2956-GGUCQ,52.1,0.5213,0.3661,0.6522,0.7129,High,78.85,946.2,24,Month-to-month,Electronic check,1,1982,Month-to-month contract | Manual payment method | Fiber optic (premium price risk),Send targeted email offering 10% discount for switching to auto-payment. Personal follow-up call within 3 days if unread.
8849-AYPTR,52.1,0.5211,0.3886,0.6384,0.6764,High,91.25,1095.0,33,Month-to-month,Electronic check,0,1983,Month-to-month contract | Manual payment method | Fiber optic (premium price risk),Send targeted email offering 10% discount for switching to auto-payment. Personal follow-up call within 3 days if unread.
1763-WQFUK,51.9,0.519,0.3709,0.7233,0.5827,High,50.5,606.0,3,Month-to-month,Mailed check,0,1996,Month-to-month contract | Manual payment method | New customer (0-12 months),Send targeted email offering 10% discount for switching to auto-payment. Personal follow-up call within 3 days if unread.
3137-LUPIX,51.8,0.5177,0.4101,0.5656,0.715,High,64.4,772.8,4,Month-to-month,Mailed check,0,1999,Month-to-month contract | Manual payment method | New customer (0-12 months),Send targeted email offering 10% discount for switching to auto-payment. Personal follow-up call within 3 days if unread.
6770-XUAGN,51.8,0.5181,0.4828,0.5641,0.5372,High,21.0,252.0,1,Month-to-month,Electronic check,1,2003,Month-to-month contract | Manual payment method | New customer (0-12 months),Send targeted email offering 10% discount for switching to auto-payment. Personal follow-up call within 3 days if unread.
6259-WJQLC,51.5,0.5148,0.3744,0.6195,0.7087,High,81.1,973.2,32,Month-to-month,Credit card (automatic),0,2008,Month-to-month contract | Fiber optic (premium price risk) | Senior customer,Send product walkthrough sequence. Offer free 60-day trial of TechSupport or OnlineSecurity. Schedule check-in call within 5 days.
2573-GYRUU,51.5,0.5153,0.3781,0.6087,0.7181,High,91.05,1092.6,48,Month-to-month,Credit card (automatic),0,2009,Month-to-month contract | Fiber optic (premium price risk) | Senior customer,Send satisfaction survey with direct CSM escalation. Offer annual contract renewal incentive.
7529-ZDFXI,51.4,0.5142,0.423,0.5762,0.6491,High,89.85,1078.2,57,Month-to-month,Electronic check,0,2014,Month-to-month contract | Manual payment method | Fiber optic (premium price risk),Send targeted email offering 10% discount for switching to auto-payment. Personal follow-up call within 3 days if unread.
2465-BLLEU,51.4,0.5143,0.4285,0.6599,0.5107,High,19.75,237.0,1,Month-to-month,Mailed check,0,2015,Month-to-month contract | Manual payment method | New customer (0-12 months),Send targeted email offering 10% discount for switching to auto-payment. Personal follow-up call within 3 days if unread.
1452-KIOVK,51.4,0.5143,0.3545,0.6371,0.7297,High,89.1,1069.2,22,Month-to-month,Credit card (automatic),0,2016,Month-to-month contract | Fiber optic (premium price risk) | Paperless billing,Send satisfaction survey with direct CSM escalation. Offer annual contract renewal incentive.
9112-WSNPU,51.4,0.5143,0.3944,0.6737,0.5751,High,70.55,846.6,35,Month-to-month,Electronic check,0,2017,Month-to-month contract | Manual payment method | Fiber optic (premium price risk),Send targeted email offering 10% discount for switching to auto-payment. Personal follow-up call within 3 days if unread.
1541-ETJZO,51.3,0.513,0.4069,0.6385,0.5901,High,62.05,744.6,1,Month-to-month,Mailed check,1,2022,Month-to-month contract | Manual payment method | New customer (0-12 months),Send targeted email offering 10% discount for switching to auto-payment. Personal follow-up call within 3 days if unread.
1816-FLZDK,51.2,0.5119,0.3347,0.682,0.6998,High,29.15,349.8,1,Month-to-month,Mailed check,0,2027,Month-to-month contract | Manual payment method | New customer (0-12 months),Send targeted email offering 10% discount for switching to auto-payment. Personal follow-up call within 3 days if unread.
1587-FKLZB,51.1,0.5108,0.4086,0.5786,0.6647,High,99.5,1194.0,66,Month-to-month,Credit card (automatic),1,2034,Month-to-month contract | Fiber optic (premium price risk) | Senior customer,Send satisfaction survey with direct CSM escalation. Offer annual contract renewal incentive.
9286-DOJGF,51.0,0.5096,0.3591,0.6306,0.7042,High,74.95,899.4,38,Month-to-month,Bank transfer (automatic),1,2038,Month-to-month contract | Fiber optic (premium price risk) | Senior customer,Send product walkthrough sequence. Offer free 60-day trial of TechSupport or OnlineSecurity. Schedule check-in call within 5 days.
4343-EJVQB,51.0,0.5098,0.3641,0.6425,0.6748,High,74.35,892.2,7,Month-to-month,Mailed check,0,2041,Month-to-month contract | Manual payment method | New customer (0-12 months),Send targeted email offering 10% discount for switching to auto-payment. Personal follow-up call within 3 days if unread.
3932-CMDTD,50.9,0.5089,0.3937,0.6367,0.6054,High,105.65,1267.8,4,One year,Electronic check,1,2047,Manual payment method | New customer (0-12 months) | Fiber optic (premium price risk),Send targeted email offering 10% discount for switching to auto-payment. Personal follow-up call within 3 days if unread.
2101-RANCD,50.8,0.5083,0.3902,0.6403,0.6057,High,73.1,877.2,55,Month-to-month,Electronic check,0,2055,Month-to-month contract | Manual payment method | Fiber optic (premium price risk),Send targeted email offering 10% discount for switching to auto-payment. Personal follow-up call within 3 days if unread.
3923-CSIHK,50.8,0.5079,0.4045,0.646,0.5594,High,71.05,852.6,50,Month-to-month,Electronic check,1,2057,Month-to-month contract | Manual payment method | Fiber optic (premium price risk),Send targeted email offering 10% discount for switching to auto-payment. Personal follow-up call within 3 days if unread.
5813-UECBU,50.8,0.5079,0.3744,0.6092,0.6897,High,83.85,1006.2,33,Month-to-month,Credit card (automatic),1,2058,Month-to-month contract | Fiber optic (premium price risk) | Senior customer,Send satisfaction survey with direct CSM escalation. Offer annual contract renewal incentive.
0096-BXERS,50.7,0.5066,0.3348,0.6402,0.7359,High,50.35,604.2,6,Month-to-month,Electronic check,0,2064,Month-to-month contract | Manual payment method | New customer (0-12 months),Send targeted email offering 10% discount for switching to auto-payment. Personal follow-up call within 3 days if unread.
6362-QHAFM,50.5,0.5053,0.4118,0.6286,0.5543,High,108.3,1299.6,42,One year,Electronic check,0,2077,Manual payment method | Fiber optic (premium price risk) | Electronic check payment,Send targeted email offering 10% discount for switching to auto-payment. Personal follow-up call within 3 days if unread.
1635-FJFCC,50.5,0.5046,0.3955,0.6387,0.5763,High,44.05,528.6,5,Month-to-month,Credit card (automatic),0,2079,Month-to-month contract | New customer (0-12 months) | Paperless billing,Send product walkthrough sequence. Offer free 60-day trial of TechSupport or OnlineSecurity. Schedule check-in call within 5 days.
9842-EFSYY,50.4,0.5041,0.3582,0.5795,0.7555,High,57.2,686.4,4,Month-to-month,Mailed check,0,2086,Month-to-month contract | Manual payment method | New customer (0-12 months),Send targeted email offering 10% discount for switching to auto-payment. Personal follow-up call within 3 days if unread.
8393-JMVMB,50.4,0.5041,0.4617,0.6093,0.4521,High,19.45,233.4,1,Month-to-month,Mailed check,0,2089,Month-to-month contract | Manual payment method | New customer (0-12 months),Send targeted email offering 10% discount for switching to auto-payment. Personal follow-up call within 3 days if unread.
1355-KUSBG,50.3,0.5034,0.3534,0.6204,0.7027,High,48.8,585.6,7,Month-to-month,Electronic check,0,2094,Month-to-month contract | Manual payment method | New customer (0-12 months),Send targeted email offering 10% discount for switching to auto-payment. Personal follow-up call within 3 days if unread.
6284-AHOOQ,50.2,0.5025,0.3756,0.5511,0.7466,High,90.5,1086.0,22,Month-to-month,Bank transfer (automatic),1,2098,Month-to-month contract | Fiber optic (premium price risk) | Senior customer,Send satisfaction survey with direct CSM escalation. Offer annual contract renewal incentive.
6233-HXJMX,50.1,0.5014,0.3473,0.6065,0.729,High,89.3,1071.6,45,Month-to-month,Credit card (automatic),0,2099,Month-to-month contract | Fiber optic (premium price risk) | Paperless billing,Send satisfaction survey with direct CSM escalation. Offer annual contract renewal incentive.
8757-TFHHJ,50.0,0.4996,0.3898,0.6805,0.5027,High,49.8,597.6,1,Month-to-month,Credit card (automatic),0,2104,Month-to-month contract | New customer (0-12 months) | Paperless billing,Send product walkthrough sequence. Offer free 60-day trial of TechSupport or OnlineSecurity. Schedule check-in call within 5 days.
9512-UIBFX,50.0,0.5002,0.3469,0.643,0.6691,High,95.15,1141.8,18,Month-to-month,Mailed check,1,2107,Month-to-month contract | Manual payment method | Fiber optic (premium price risk),Send targeted email offering 10% discount for switching to auto-payment. Personal follow-up call within 3 days if unread.
0310-MVLET,49.8,0.4981,0.3884,0.5934,0.6293,Medium,99.15,1189.8,61,Month-to-month,Electronic check,1,2121,Month-to-month contract | Manual payment method | Fiber optic (premium price risk),Send quarterly value summary report. Invite to customer advisory panel. Standard retention monitoring.
6896-SRVYQ,49.8,0.4981,0.4,0.6009,0.5889,Medium,73.85,886.2,44,Month-to-month,Electronic check,0,2122,Month-to-month contract | Manual payment method | Fiber optic (premium price risk),Trigger 90-day automated onboarding sequence. Highlight unused platform features. Send weekly value-focused tips.
6845-RGTYS,49.5,0.4948,0.3527,0.6441,0.6263,Medium,98.75,1185.0,47,Month-to-month,Electronic check,1,2132,Month-to-month contract | Manual payment method | Fiber optic (premium price risk),Send quarterly value summary report. Invite to customer advisory panel. Standard retention monitoring.
9369-XFEHK,49.5,0.4945,0.3652,0.6089,0.6464,Medium,80.6,967.2,33,Month-to-month,Bank transfer (automatic),1,2136,Month-to-month contract | Fiber optic (premium price risk) | Senior customer,Trigger 90-day automated onboarding sequence. Highlight unused platform features. Send weekly value-focused tips.
6711-VTNRE,49.4,0.494,0.3546,0.6366,0.6288,Medium,87.55,1050.6,36,Month-to-month,Electronic check,1,2148,Month-to-month contract | Manual payment method | Fiber optic (premium price risk),Send quarterly value summary report. Invite to customer advisory panel. Standard retention monitoring.
3587-PMCOY,49.3,0.4931,0.395,0.5714,0.6207,Medium,98.9,1186.8,10,One year,Electronic check,0,2149,Manual payment method | New customer (0-12 months) | Fiber optic (premium price risk),Send quarterly value summary report. Invite to customer advisory panel. Standard retention monitoring.
3594-KADLU,49.3,0.4934,0.3776,0.6377,0.5663,Medium,35.1,421.2,3,Month-to-month,Mailed check,0,2150,Month-to-month contract | Manual payment method | New customer (0-12 months),Trigger 90-day automated onboarding sequence. Highlight unused platform features. Send weekly value-focused tips.
4829-AUOAX,49.3,0.4933,0.3652,0.578,0.6864,Medium,96.05,1152.6,46,Month-to-month,Bank transfer (automatic),1,2151,Month-to-month contract | Fiber optic (premium price risk) | High charge ($96/mo),Send quarterly value summary report. Invite to customer advisory panel. Standard retention monitoring.
2322-VCZHZ,49.2,0.4918,0.3222,0.6532,0.6739,Medium,90.0,1080.0,23,Month-to-month,Electronic check,0,2156,Month-to-month contract | Manual payment method | Fiber optic (premium price risk),Send quarterly value summary report. Invite to customer advisory panel. Standard retention monitoring.
3452-ABWRL,49.1,0.4907,0.3357,0.6018,0.7115,Medium,86.05,1032.6,47,Month-to-month,Credit card (automatic),0,2159,Month-to-month contract | Fiber optic (premium price risk) | Senior customer,Trigger 90-day automated onboarding sequence. Highlight unused platform features. Send weekly value-focused tips.
7623-TRNQN,49.1,0.491,0.343,0.692,0.5594,Medium,49.9,598.8,1,Month-to-month,Mailed check,1,2161,Month-to-month contract | Manual payment method | New customer (0-12 months),Trigger 90-day automated onboarding sequence. Highlight unused platform features. Send weekly value-focused tips.
7277-OZCGZ,49.0,0.4902,0.3406,0.6568,0.6142,Medium,89.05,1068.6,22,Month-to-month,Electronic check,0,2164,Month-to-month contract | Manual payment method | Fiber optic (premium price risk),Send quarterly value summary report. Invite to customer advisory panel. Standard retention monitoring.
3761-FLYZI,49.0,0.49,0.4111,0.5356,0.6188,Medium,108.8,1305.6,65,Month-to-month,Bank transfer (automatic),0,2165,Month-to-month contract | Fiber optic (premium price risk) | Senior customer,Send quarterly value summary report. Invite to customer advisory panel. Standard retention monitoring.
7878-JGDKK,49.0,0.4897,0.3416,0.6503,0.6192,Medium,44.55,534.6,4,Month-to-month,Mailed check,0,2168,Month-to-month contract | Manual payment method | New customer (0-12 months),Trigger 90-day automated onboarding sequence. Highlight unused platform features. Send weekly value-focused tips.
3692-JHONH,49.0,0.4903,0.4138,0.5403,0.6063,Medium,106.5,1278.0,52,One year,Electronic check,0,2169,Manual payment method | Fiber optic (premium price risk) | Electronic check payment,Send quarterly value summary report. Invite to customer advisory panel. Standard retention monitoring.
7351-KYHQH,48.9,0.4888,0.3933,0.4512,0.7838,Medium,64.95,779.4,7,Month-to-month,Electronic check,0,2173,Month-to-month contract | Manual payment method | New customer (0-12 months),Send quarterly value summary report. Invite to customer advisory panel. Standard retention monitoring.
9979-RGMZT,48.8,0.4884,0.3616,0.635,0.5857,Medium,94.05,1128.6,7,One year,Mailed check,0,2182,Manual payment method | New customer (0-12 months) | Fiber optic (premium price risk),Send quarterly value summary report. Invite to customer advisory panel. Standard retention monitoring.
9576-SYUHJ,48.8,0.4883,0.3202,0.6305,0.6953,Medium,91.15,1093.8,37,Month-to-month,Electronic check,0,2184,Month-to-month contract | Manual payment method | Fiber optic (premium price risk),Send quarterly value summary report. Invite to customer advisory panel. Standard retention monitoring.
6652-YFFJO,48.7,0.4868,0.366,0.485,0.7915,Medium,64.9,778.8,11,Month-to-month,Electronic check,0,2187,Month-to-month contract | Manual payment method | New customer (0-12 months),Trigger 90-day automated onboarding sequence. Highlight unused platform features. Send weekly value-focused tips.
7075-BNDVQ,48.7,0.4875,0.3472,0.6122,0.6512,Medium,35.0,420.0,4,Month-to-month,Mailed check,0,2189,Month-to-month contract | Manual payment method | New customer (0-12 months),Trigger 90-day automated onboarding sequence. Highlight unused platform features. Send weekly value-focused tips.
6741-EGCBI,48.6,0.4858,0.3143,0.6328,0.6942,Medium,90.5,1086.0,30,Month-to-month,Credit card (automatic),0,2190,Month-to-month contract | Fiber optic (premium price risk) | Senior customer,Send quarterly value summary report. Invite to customer advisory panel. Standard retention monitoring.
0670-KDOMA,48.4,0.484,0.3543,0.6852,0.5066,Medium,20.25,243.0,1,Month-to-month,Mailed check,0,2199,Month-to-month contract | Manual payment method | New customer (0-12 months),Trigger 90-day automated onboarding sequence. Highlight unused platform features. Send weekly value-focused tips.
4989-LIXVT,48.4,0.4844,0.3878,0.575,0.5902,Medium,95.9,1150.8,68,Month-to-month,Electronic check,0,2200,Month-to-month contract | Manual payment method | Fiber optic (premium price risk),Send quarterly value summary report. Invite to customer advisory panel. Standard retention monitoring.
0430-IHCDJ,48.3,0.4829,0.371,0.5571,0.6515,Medium,49.0,588.0,15,Month-to-month,Electronic check,0,2212,Month-to-month contract | Manual payment method | Electronic check payment,Trigger 90-day automated onboarding sequence. Highlight unused platform features. Send weekly value-focused tips.
0823-HSCDJ,48.1,0.4814,0.3974,0.5743,0.5518,Medium,49.15,589.8,52,Month-to-month,Electronic check,1,2221,Month-to-month contract | Manual payment method | Electronic check payment,Send quarterly value summary report. Invite to customer advisory panel. Standard retention monitoring.
6968-GMKPR,48.1,0.4806,0.3701,0.6773,0.4615,Medium,81.55,978.6,55,Month-to-month,Electronic check,0,2222,Month-to-month contract | Manual payment method | Fiber optic (premium price risk),Trigger 90-day automated onboarding sequence. Highlight unused platform features. Send weekly value-focused tips.
2203-GHNWN,48.0,0.4797,0.3343,0.5924,0.6743,Medium,79.65,955.8,24,Month-to-month,Mailed check,0,2229,Month-to-month contract | Manual payment method | Fiber optic (premium price risk),Trigger 90-day automated onboarding sequence. Highlight unused platform features. Send weekly value-focused tips.
4329-YPDDQ,48.0,0.4799,0.3731,0.5595,0.6274,Medium,108.2,1298.4,20,Month-to-month,Bank transfer (automatic),0,2230,Month-to-month contract | Fiber optic (premium price risk) | Paperless billing,Send quarterly value summary report. Invite to customer advisory panel. Standard retention monitoring.
2883-ILGWO,48.0,0.4801,0.366,0.5724,0.6269,Medium,104.9,1258.8,57,Month-to-month,Bank transfer (automatic),0,2233,Month-to-month contract | Fiber optic (premium price risk) | Senior customer,Send quarterly value summary report. Invite to customer advisory panel. Standard retention monitoring.
0428-IKYCP,47.9,0.479,0.3207,0.5995,0.6942,Medium,87.0,1044.0,22,Month-to-month,Bank transfer (automatic),0,2234,Month-to-month contract | Fiber optic (premium price risk) | Paperless billing,Trigger 90-day automated onboarding sequence. Highlight unused platform features. Send weekly value-focused tips.
7504-UWHNB,47.9,0.4788,0.3245,0.6422,0.6195,Medium,69.75,837.0,25,Month-to-month,Electronic check,0,2242,Month-to-month contract | Manual payment method | Fiber optic (premium price risk),Trigger 90-day automated onboarding sequence. Highlight unused platform features. Send weekly value-focused tips.
6710-HSJRD,47.7,0.4774,0.3882,0.5582,0.5794,Medium,114.1,1369.2,61,Month-to-month,Electronic check,0,2249,Month-to-month contract | Manual payment method | Fiber optic (premium price risk),Send quarterly value summary report. Invite to customer advisory panel. Standard retention monitoring.
2606-RMDHZ,47.3,0.4733,0.337,0.5876,0.6427,Medium,30.5,366.0,6,Month-to-month,Credit card (automatic),1,2272,Month-to-month contract | New customer (0-12 months) | Paperless billing,Trigger 90-day automated onboarding sequence. Highlight unused platform features. Send weekly value-focused tips.
4634-JLRJT,47.2,0.4717,0.3447,0.6611,0.5051,Medium,20.35,244.2,1,Month-to-month,Mailed check,0,2277,Month-to-month contract | Manual payment method | New customer (0-12 months),Trigger 90-day automated onboarding sequence. Highlight unused platform features. Send weekly value-focused tips.
1493-AMTIE,47.2,0.4721,0.4629,0.542,0.3906,Medium,20.2,242.4,1,Month-to-month,Bank transfer (automatic),1,2282,Month-to-month contract | New customer (0-12 months) | Paperless billing,Trigger 90-day automated onboarding sequence. Highlight unused platform features. Send weekly value-focused tips.
7470-MCQTK,47.1,0.4712,0.3283,0.5018,0.7827,Medium,48.75,585.0,13,Month-to-month,Bank transfer (automatic),1,2285,Month-to-month contract | Paperless billing,Send quarterly value summary report. Invite to customer advisory panel. Standard retention monitoring.
5371-VYLSX,47.1,0.4708,0.3353,0.6306,0.57,Medium,83.4,1000.8,50,Month-to-month,Electronic check,0,2286,Month-to-month contract | Manual payment method | Fiber optic (premium price risk),Send quarterly value summary report. Invite to customer advisory panel. Standard retention monitoring.
0829-XXPLX,46.9,0.469,0.3064,0.6046,0.6724,Medium,89.4,1072.8,20,Month-to-month,Bank transfer (automatic),0,2293,Month-to-month contract | Fiber optic (premium price risk) | Paperless billing,Send quarterly value summary report. Invite to customer advisory panel. Standard retention monitoring.
2074-GUHPQ,46.8,0.4683,0.3446,0.5945,0.5885,Medium,92.7,1112.4,17,Month-to-month,Credit card (automatic),0,2294,Month-to-month contract | Fiber optic (premium price risk) | Paperless billing,Send quarterly value summary report. Invite to customer advisory panel. Standard retention monitoring.
3211-ILJTT,46.8,0.4684,0.3,0.6066,0.6819,Medium,70.4,844.8,17,Month-to-month,Bank transfer (automatic),1,2298,Month-to-month contract | Fiber optic (premium price risk) | Paperless billing,Trigger 90-day automated onboarding sequence. Highlight unused platform features. Send weekly value-focused tips.
1066-JKSGK,46.8,0.4675,0.3775,0.6349,0.4415,Medium,20.15,241.8,1,Month-to-month,Mailed check,1,2300,Month-to-month contract | Manual payment method | New customer (0-12 months),Trigger 90-day automated onboarding sequence. Highlight unused platform features. Send weekly value-focused tips.
3466-RITXD,46.6,0.4656,0.27,0.6451,0.6852,Medium,92.4,1108.8,26,Month-to-month,Credit card (automatic),0,2303,Month-to-month contract | Fiber optic (premium price risk) | Paperless billing,Send quarterly value summary report. Invite to customer advisory panel. Standard retention monitoring.
5828-AVIPD,46.6,0.4656,0.346,0.5688,0.6097,Medium,100.95,1211.4,19,One year,Electronic check,1,2304,Manual payment method | Fiber optic (premium price risk) | Electronic check payment,Send quarterly value summary report. Invite to customer advisory panel. Standard retention monitoring.
3018-TFTSU,46.6,0.4661,0.3395,0.6621,0.4885,Medium,81.7,980.4,12,Month-to-month,Bank transfer (automatic),1,2305,Month-to-month contract | New customer (0-12 months) | Fiber optic (premium price risk),Trigger 90-day automated onboarding sequence. Highlight unused platform features. Send weekly value-focused tips.
7130-YXBRO,46.4,0.4636,0.3505,0.5511,0.6151,Medium,111.45,1337.4,48,Month-to-month,Bank transfer (automatic),0,2331,Month-to-month contract | Fiber optic (premium price risk) | Paperless billing,Send quarterly value summary report. Invite to customer advisory panel. Standard retention monitoring.
8016-NCFVO,46.3,0.4625,0.3678,0.5253,0.6052,Medium,116.5,1398.0,55,Month-to-month,Electronic check,0,2337,Month-to-month contract | Manual payment method | Fiber optic (premium price risk),Send quarterly value summary report. Invite to customer advisory panel. Standard retention monitoring.
6227-HWPWX,46.2,0.4622,0.3353,0.5733,0.6129,Medium,69.0,828.0,15,Month-to-month,Bank transfer (automatic),1,2351,Month-to-month contract | Fiber optic (premium price risk) | Low engagement (0 services),Trigger 90-day automated onboarding sequence. Highlight unused platform features. Send weekly value-focused tips.
4690-LLKUA,46.1,0.4611,0.3409,0.5729,0.5942,Medium,45.05,540.6,17,Month-to-month,Electronic check,1,2352,Month-to-month contract | Manual payment method | Electronic check payment,Trigger 90-day automated onboarding sequence. Highlight unused platform features. Send weekly value-focused tips.
0277-BKSQP,46.0,0.4596,0.3132,0.5225,0.7312,Medium,54.4,652.8,8,Month-to-month,Electronic check,0,2361,Month-to-month contract | Manual payment method | New customer (0-12 months),Trigger 90-day automated onboarding sequence. Highlight unused platform features. Send weekly value-focused tips.
3094-JOJAI,46.0,0.4603,0.3143,0.5653,0.6678,Medium,74.15,889.8,18,Month-to-month,Mailed check,0,2363,Month-to-month contract | Manual payment method | Fiber optic (premium price risk),Trigger 90-day automated onboarding sequence. Highlight unused platform features. Send weekly value-focused tips.
4983-CLMLV,45.9,0.4587,0.3234,0.5613,0.6433,Medium,102.7,1232.4,52,Month-to-month,Credit card (automatic),0,2365,Month-to-month contract | Fiber optic (premium price risk) | Paperless billing,Send quarterly value summary report. Invite to customer advisory panel. Standard retention monitoring.
4323-SADQS,45.9,0.4593,0.3038,0.5946,0.6451,Medium,34.5,414.0,7,Month-to-month,Electronic check,1,2366,Month-to-month contract | Manual payment method | New customer (0-12 months),Trigger 90-day automated onboarding sequence. Highlight unused platform features. Send weekly value-focused tips.
2105-PHWON,45.9,0.4593,0.3306,0.5444,0.6536,Medium,95.0,1140.0,33,Month-to-month,Credit card (automatic),0,2368,Month-to-month contract | Fiber optic (premium price risk) | Paperless billing,Send quarterly value summary report. Invite to customer advisory panel. Standard retention monitoring.
3207-OYBWH,45.9,0.4591,0.3603,0.5158,0.621,Medium,95.25,1143.0,57,Month-to-month,Bank transfer (automatic),1,2369,Month-to-month contract | Fiber optic (premium price risk) | Senior customer,Send quarterly value summary report. Invite to customer advisory panel. Standard retention monitoring.
3043-TYBNO,45.8,0.458,0.3191,0.6085,0.5797,Medium,60.65,727.8,3,Month-to-month,Mailed check,0,2380,Month-to-month contract | Manual payment method | New customer (0-12 months),Trigger 90-day automated onboarding sequence. Highlight unused platform features. Send weekly value-focused tips.
0742-MOABM,45.7,0.4573,0.3117,0.6655,0.5089,Medium,50.05,600.6,4,Month-to-month,Mailed check,1,2382,Month-to-month contract | Manual payment method | New customer (0-12 months),Trigger 90-day automated onboarding sequence. Highlight unused platform features. Send weekly value-focused tips.
5419-KLXBN,45.7,0.4566,0.2998,0.6004,0.6331,Medium,89.15,1069.8,25,Month-to-month,Bank transfer (automatic),1,2392,Month-to-month contract | Fiber optic (premium price risk) | Paperless billing,Send quarterly value summary report. Invite to customer advisory panel. Standard retention monitoring.
9753-OYLBX,45.6,0.4561,0.3617,0.6246,0.4397,Medium,20.5,246.0,1,Month-to-month,Mailed check,0,2393,Month-to-month contract | Manual payment method | New customer (0-12 months),Trigger 90-day automated onboarding sequence. Highlight unused platform features. Send weekly value-focused tips.
2391-SOORI,45.6,0.456,0.2991,0.6447,0.5651,Medium,49.35,592.2,4,Month-to-month,Electronic check,1,2396,Month-to-month contract | Manual payment method | New customer (0-12 months),Trigger 90-day automated onboarding sequence. Highlight unused platform features. Send weekly value-focused tips.
5716-LIBJC,45.5,0.4551,0.3617,0.4563,0.6869,Medium,104.15,1249.8,13,One year,Credit card (automatic),0,2398,Fiber optic (premium price risk) | Paperless billing | High charge ($104/mo),Send quarterly value summary report. Invite to customer advisory panel. Standard retention monitoring.
8535-SFUTN,45.5,0.4547,0.335,0.5504,0.6101,Medium,106.45,1277.4,61,Month-to-month,Electronic check,0,2401,Month-to-month contract | Manual payment method | Fiber optic (premium price risk),Send quarterly value summary report. Invite to customer advisory panel. Standard retention monitoring.
6124-ACRHJ,45.5,0.4554,0.3667,0.6061,0.451,Medium,19.75,237.0,1,Month-to-month,Mailed check,0,2403,Month-to-month contract | Manual payment method | New customer (0-12 months),Trigger 90-day automated onboarding sequence. Highlight unused platform features. Send weekly value-focused tips.
8620-RJPZN,45.5,0.4549,0.3582,0.5615,0.5369,Medium,20.7,248.4,1,Month-to-month,Electronic check,0,2404,Month-to-month contract | Manual payment method | New customer (0-12 months),Trigger 90-day automated onboarding sequence. Highlight unused platform features. Send weekly value-focused tips.
6635-CPNUN,45.4,0.4542,0.2927,0.5899,0.6545,Medium,96.6,1159.2,28,Month-to-month,Credit card (automatic),0,2405,Month-to-month contract | Fiber optic (premium price risk) | High charge ($97/mo),Send quarterly value summary report. Invite to customer advisory panel. Standard retention monitoring.
3785-NRHYR,45.4,0.4537,0.3598,0.6133,0.449,Medium,19.65,235.8,1,Month-to-month,Mailed check,0,2408,Month-to-month contract | Manual payment method | New customer (0-12 months),Trigger 90-day automated onboarding sequence. Highlight unused platform features. Send weekly value-focused tips.
2842-BCQGE,45.4,0.4542,0.3048,0.5885,0.6266,Medium,75.35,904.2,43,Month-to-month,Credit card (automatic),0,2416,Month-to-month contract | Fiber optic (premium price risk) | Paperless billing,Trigger 90-day automated onboarding sequence. Highlight unused platform features. Send weekly value-focused tips.
4892-VLANZ,45.3,0.4533,0.3598,0.6135,0.4468,Medium,19.8,237.6,1,Month-to-month,Mailed check,1,2417,Month-to-month contract | Manual payment method | New customer (0-12 months),Trigger 90-day automated onboarding sequence. Highlight unused platform features. Send weekly value-focused tips.
7239-HZZCX,45.3,0.4535,0.3598,0.6135,0.4475,Medium,19.75,237.0,1,Month-to-month,Mailed check,1,2419,Month-to-month contract | Manual payment method | New customer (0-12 months),Trigger 90-day automated onboarding sequence. Highlight unused platform features. Send weekly value-focused tips.
9522-BNTHX,45.3,0.4526,0.3683,0.4715,0.6352,Medium,56.25,675.0,34,Month-to-month,Electronic check,0,2420,Month-to-month contract | Manual payment method | Electronic check payment,Send quarterly value summary report. Invite to customer advisory panel. Standard retention monitoring.
6847-KJLTS,45.3,0.4529,0.3207,0.5464,0.6434,Medium,100.4,1204.8,58,Month-to-month,Bank transfer (automatic),0,2424,Month-to-month contract | Fiber optic (premium price risk) | Senior customer,Send quarterly value summary report. Invite to customer advisory panel. Standard retention monitoring.
3930-ZGWVE,45.3,0.4535,0.3598,0.6135,0.4475,Medium,19.75,237.0,1,Month-to-month,Mailed check,0,2425,Month-to-month contract | Manual payment method | New customer (0-12 months),Trigger 90-day automated onboarding sequence. Highlight unused platform features. Send weekly value-focused tips.
5301-GAUUY,45.2,0.4522,0.3185,0.5735,0.6042,Medium,80.35,964.2,32,Month-to-month,Bank transfer (automatic),1,2426,Month-to-month contract | Fiber optic (premium price risk) | Paperless billing,Trigger 90-day automated onboarding sequence. Highlight unused platform features. Send weekly value-focused tips.
4824-GUCBY,45.2,0.4517,0.3128,0.6193,0.5475,Medium,81.7,980.4,22,Month-to-month,Electronic check,0,2429,Month-to-month contract | Manual payment method | Fiber optic (premium price risk),Trigger 90-day automated onboarding sequence. Highlight unused platform features. Send weekly value-focused tips.
3780-YVMFA,45.1,0.4512,0.2822,0.5532,0.7208,Medium,68.55,822.6,8,Month-to-month,Electronic check,0,2437,Month-to-month contract | Manual payment method | New customer (0-12 months),Send quarterly value summary report. Invite to customer advisory panel. Standard retention monitoring.
6704-UTUKK,44.8,0.4476,0.3543,0.4571,0.6667,Medium,45.9,550.8,29,Month-to-month,Electronic check,0,2453,Month-to-month contract | Manual payment method | Electronic check payment,Trigger 90-day automated onboarding sequence. Highlight unused platform features. Send weekly value-focused tips.
3331-HQDTW,44.6,0.4459,0.3237,0.5359,0.6162,Medium,109.8,1317.6,34,Month-to-month,Mailed check,1,2460,Month-to-month contract | Manual payment method | Fiber optic (premium price risk),Send quarterly value summary report. Invite to customer advisory panel. Standard retention monitoring.
6891-JPYFF,44.5,0.4453,0.3105,0.5774,0.5842,Medium,105.25,1263.0,48,Month-to-month,Credit card (automatic),0,2464,Month-to-month contract | Fiber optic (premium price risk) | Paperless billing,Send quarterly value summary report. Invite to customer advisory panel. Standard retention monitoring.
6769-DYBQN,44.3,0.4432,0.296,0.614,0.5551,Medium,85.0,1020.0,46,Month-to-month,Electronic check,1,2471,Month-to-month contract | Manual payment method | Fiber optic (premium price risk),Trigger 90-day automated onboarding sequence. Highlight unused platform features. Send weekly value-focused tips.
5996-DAOQL,44.1,0.4407,0.3381,0.5721,0.5001,Medium,20.45,245.4,1,Month-to-month,Mailed check,0,2492,Month-to-month contract | Manual payment method | New customer (0-12 months),Trigger 90-day automated onboarding sequence. Highlight unused platform features. Send weekly value-focused tips.
8988-ECPJR,44.0,0.4399,0.3336,0.545,0.548,Medium,79.6,955.2,34,Month-to-month,Mailed check,1,2498,Month-to-month contract | Manual payment method | Fiber optic (premium price risk),Trigger 90-day automated onboarding sequence. Highlight unused platform features. Send weekly value-focused tips.
3055-MJDSB,43.9,0.4394,0.262,0.5338,0.7415,Medium,24.6,295.2,9,Month-to-month,Mailed check,0,2501,Month-to-month contract | Manual payment method | New customer (0-12 months),Trigger 90-day automated onboarding sequence. Highlight unused platform features. Send weekly value-focused tips.
7893-IXHRQ,43.9,0.4391,0.3515,0.5209,0.5357,Medium,20.55,246.6,1,Month-to-month,Electronic check,1,2507,Month-to-month contract | Manual payment method | New customer (0-12 months),Trigger 90-day automated onboarding sequence. Highlight unused platform features. Send weekly value-focused tips.
2585-KTFRE,43.8,0.4381,0.4006,0.561,0.3472,Medium,70.45,845.4,1,Month-to-month,Bank transfer (automatic),0,2509,Month-to-month contract | New customer (0-12 months) | Paperless billing,Send quarterly value summary report. Invite to customer advisory panel. Standard retention monitoring.
2812-SFXMJ,43.8,0.4376,0.3608,0.5966,0.3911,Medium,20.05,240.6,1,Month-to-month,Mailed check,0,2510,Month-to-month contract | Manual payment method | New customer (0-12 months),Trigger 90-day automated onboarding sequence. Highlight unused platform features. Send weekly value-focused tips.
2144-BFDSO,43.8,0.438,0.344,0.4676,0.6287,Medium,108.75,1305.0,50,Month-to-month,Bank transfer (automatic),0,2516,Month-to-month contract | Fiber optic (premium price risk) | Senior customer,Send quarterly value summary report. Invite to customer advisory panel. Standard retention monitoring.
6331-LWDTQ,43.7,0.4369,0.3269,0.4568,0.6819,Medium,72.15,865.8,10,Month-to-month,Credit card (automatic),1,2518,Month-to-month contract | New customer (0-12 months) | Paperless billing,Send quarterly value summary report. Invite to customer advisory panel. Standard retention monitoring.
8272-ONJLV,43.7,0.4374,0.2774,0.5873,0.6124,Medium,95.7,1148.4,12,One year,Electronic check,0,2521,Manual payment method | New customer (0-12 months) | Fiber optic (premium price risk),Send quarterly value summary report. Invite to customer advisory panel. Standard retention monitoring.
0064-YIJGF,43.5,0.4345,0.2664,0.5965,0.612,Medium,75.75,909.0,27,Month-to-month,Bank transfer (automatic),0,2530,Month-to-month contract | Fiber optic (premium price risk) | Paperless billing,Trigger 90-day automated onboarding sequence. Highlight unused platform features. Send weekly value-focused tips.
8152-UOBNY,43.5,0.4347,0.335,0.5383,0.5282,Medium,106.8,1281.6,50,One year,Electronic check,0,2531,Manual payment method | Fiber optic (premium price risk) | Electronic check payment,Send quarterly value summary report. Invite to customer advisory panel. Standard retention monitoring.
3192-LNKRK,43.4,0.4343,0.2828,0.6046,0.5574,Medium,84.05,1008.6,34,Month-to-month,Mailed check,0,2536,Month-to-month contract | Manual payment method | Fiber optic (premium price risk),Trigger 90-day automated onboarding sequence. Highlight unused platform features. Send weekly value-focused tips.
3589-PPVKW,43.4,0.4342,0.2699,0.5844,0.6198,Medium,44.4,532.8,9,Month-to-month,Mailed check,0,2538,Month-to-month contract | Manual payment method | New customer (0-12 months),Trigger 90-day automated onboarding sequence. Highlight unused platform features. Send weekly value-focused tips.
9445-SZLCH,43.4,0.4342,0.2944,0.5676,0.5838,Medium,97.35,1168.2,36,Month-to-month,Bank transfer (automatic),1,2541,Month-to-month contract | Fiber optic (premium price risk) | Paperless billing,Send quarterly value summary report. Invite to customer advisory panel. Standard retention monitoring.
8896-BQTTI,43.3,0.433,0.3211,0.5222,0.5791,Medium,25.0,300.0,1,Month-to-month,Mailed check,0,2543,Month-to-month contract | Manual payment method | New customer (0-12 months),Trigger 90-day automated onboarding sequence. Highlight unused platform features. Send weekly value-focused tips.
1809-DMJHQ,43.3,0.4328,0.2882,0.6091,0.5301,Medium,46.0,552.0,5,Month-to-month,Mailed check,1,2547,Month-to-month contract | Manual payment method | New customer (0-12 months),Trigger 90-day automated onboarding sequence. Highlight unused platform features. Send weekly value-focused tips.
1656-DRSMG,43.2,0.4322,0.3475,0.4724,0.5836,Medium,109.85,1318.2,63,Month-to-month,Credit card (automatic),0,2555,Month-to-month contract | Fiber optic (premium price risk) | Paperless billing,Send quarterly value summary report. Invite to customer advisory panel. Standard retention monitoring.
4724-WXVWF,43.1,0.4308,0.2872,0.596,0.5421,Medium,95.4,1144.8,48,Month-to-month,Electronic check,0,2558,Month-to-month contract | Manual payment method | Fiber optic (premium price risk),Send quarterly value summary report. Invite to customer advisory panel. Standard retention monitoring.
0909-SDHNU,42.9,0.4294,0.3052,0.5426,0.5703,Medium,29.8,357.6,7,Month-to-month,Mailed check,0,2569,Month-to-month contract | Manual payment method | New customer (0-12 months),Trigger 90-day automated onboarding sequence. Highlight unused platform features. Send weekly value-focused tips.
4191-XOVOM,42.9,0.4291,0.3073,0.5655,0.529,Medium,105.4,1264.8,63,Month-to-month,Electronic check,0,2572,Month-to-month contract | Manual payment method | Fiber optic (premium price risk),Send quarterly value summary report. Invite to customer advisory panel. Standard retention monitoring.
7576-JMYWV,42.9,0.4294,0.2836,0.5546,0.6062,Medium,110.2,1322.4,46,Month-to-month,Electronic check,0,2575,Month-to-month contract | Manual payment method | Fiber optic (premium price risk),Send quarterly value summary report. Invite to customer advisory panel. Standard retention monitoring.
8840-DQLGN,42.8,0.4283,0.3215,0.525,0.5504,Medium,100.5,1206.0,35,Month-to-month,Bank transfer (automatic),1,2581,Month-to-month contract | Fiber optic (premium price risk) | Senior customer,Send quarterly value summary report. Invite to customer advisory panel. Standard retention monitoring.
2866-IKBTM,42.7,0.4268,0.3192,0.588,0.454,Medium,19.55,234.6,1,Month-to-month,Mailed check,0,2587,Month-to-month contract | Manual payment method | New customer (0-12 months),Trigger 90-day automated onboarding sequence. Highlight unused platform features. Send weekly value-focused tips.
0924-BJCRC,42.5,0.4246,0.3259,0.4839,0.5825,Medium,89.45,1073.4,60,Month-to-month,Electronic check,0,2598,Month-to-month contract | Manual payment method | Fiber optic (premium price risk),Send quarterly value summary report. Invite to customer advisory panel. Standard retention monitoring.
1849-RJYIG,42.4,0.4238,0.2974,0.458,0.6882,Medium,60.0,720.0,8,Month-to-month,Electronic check,0,2601,Month-to-month contract | Manual payment method | New customer (0-12 months),Trigger 90-day automated onboarding sequence. Highlight unused platform features. Send weekly value-focused tips.
0691-NIKRI,42.4,0.4239,0.3319,0.4766,0.5746,Medium,105.95,1271.4,40,One year,Credit card (automatic),0,2602,Fiber optic (premium price risk) | Paperless billing | High charge ($106/mo),Send quarterly value summary report. Invite to customer advisory panel. Standard retention monitoring.
7594-LZNWR,42.3,0.4227,0.2854,0.5589,0.5615,Medium,69.15,829.8,34,Month-to-month,Credit card (automatic),0,2605,Month-to-month contract | Fiber optic (premium price risk) | Senior customer,Trigger 90-day automated onboarding sequence. Highlight unused platform features. Send weekly value-focused tips.
2108-YKQTY,42.3,0.423,0.314,0.5901,0.445,Medium,50.7,608.4,4,Month-to-month,Credit card (automatic),1,2607,Month-to-month contract | New customer (0-12 months) | Low engagement (1 services),Trigger 90-day automated onboarding sequence. Highlight unused platform features. Send weekly value-focused tips.
8751-EDEKA,42.3,0.4225,0.2605,0.5765,0.5966,Medium,89.9,1078.8,28,Month-to-month,Credit card (automatic),0,2611,Month-to-month contract | Fiber optic (premium price risk) | High charge ($90/mo),Send quarterly value summary report. Invite to customer advisory panel. Standard retention monitoring.
8887-IPQNC,42.3,0.4227,0.2301,0.5953,0.6453,Medium,44.25,531.0,7,Month-to-month,Mailed check,0,2612,Month-to-month contract | Manual payment method | New customer (0-12 months),Trigger 90-day automated onboarding sequence. Highlight unused platform features. Send weekly value-focused tips.
4660-IRIBM,42.3,0.423,0.2618,0.5783,0.5932,Medium,87.9,1054.8,18,Month-to-month,Mailed check,0,2614,Month-to-month contract | Manual payment method | Fiber optic (premium price risk),Send quarterly value summary report. Invite to customer advisory panel. Standard retention monitoring.
9591-YVTEB,42.2,0.4223,0.3969,0.5161,0.3454,Medium,44.85,538.2,55,Month-to-month,Electronic check,0,2617,Month-to-month contract | Manual payment method | Electronic check payment,Send quarterly value summary report. Invite to customer advisory panel. Standard retention monitoring.
0486-HECZI,42.2,0.4221,0.2807,0.5946,0.5166,Medium,96.75,1161.0,55,Month-to-month,Electronic check,1,2620,Month-to-month contract | Manual payment method | Fiber optic (premium price risk),Send quarterly value summary report. Invite to customer advisory panel. Standard retention monitoring.
9767-FFLEM,42.2,0.4222,0.2692,0.5565,0.6033,Medium,69.5,834.0,38,Month-to-month,Credit card (automatic),0,2621,Month-to-month contract | Fiber optic (premium price risk) | Paperless billing,Trigger 90-day automated onboarding sequence. Highlight unused platform features. Send weekly value-focused tips.
8807-ARQET,42.2,0.4218,0.3369,0.5001,0.5167,Medium,40.35,484.2,41,Month-to-month,Electronic check,0,2625,Month-to-month contract | Manual payment method | Electronic check payment,Trigger 90-day automated onboarding sequence. Highlight unused platform features. Send weekly value-focused tips.
0422-UXFAP,41.8,0.4183,0.2947,0.4916,0.6174,Medium,98.85,1186.2,51,One year,Electronic check,0,2643,Manual payment method | Fiber optic (premium price risk) | Electronic check payment,Send quarterly value summary report. Invite to customer advisory panel. Standard retention monitoring.
0363-QJVFX,41.8,0.4181,0.2853,0.4981,0.6303,Medium,108.15,1297.8,32,Month-to-month,Credit card (automatic),1,2644,Month-to-month contract | Fiber optic (premium price risk) | Paperless billing,Send quarterly value summary report. Invite to customer advisory panel. Standard retention monitoring.
5133-VRSAB,41.8,0.4179,0.2358,0.5914,0.6131,Medium,29.35,352.2,8,Month-to-month,Mailed check,0,2645,Month-to-month contract | Manual payment method | New customer (0-12 months),Trigger 90-day automated onboarding sequence. Highlight unused platform features. Send weekly value-focused tips.
0295-QVKPB,41.7,0.4171,0.3225,0.4829,0.5551,Medium,63.95,767.4,5,Month-to-month,Credit card (automatic),0,2648,Month-to-month contract | New customer (0-12 months) | Paperless billing,Send quarterly value summary report. Invite to customer advisory panel. Standard retention monitoring.
4667-OHGKG,41.7,0.4173,0.2888,0.5647,0.5175,Medium,19.3,231.6,1,Month-to-month,Mailed check,1,2655,Month-to-month contract | Manual payment method | New customer (0-12 months),Trigger 90-day automated onboarding sequence. Highlight unused platform features. Send weekly value-focused tips.
2519-LBNQL,41.2,0.4117,0.3022,0.4857,0.5743,Medium,104.35,1252.2,60,One year,Electronic check,0,2677,Manual payment method | Fiber optic (premium price risk) | Electronic check payment,Send quarterly value summary report. Invite to customer advisory panel. Standard retention monitoring.
1658-XUHBX,41.2,0.4121,0.2876,0.4738,0.6307,Medium,88.75,1065.0,59,Month-to-month,Credit card (automatic),0,2678,Month-to-month contract | Fiber optic (premium price risk) | Senior customer,Send quarterly value summary report. Invite to customer advisory panel. Standard retention monitoring.
1784-EZDKJ,41.1,0.4114,0.3286,0.4901,0.5002,Medium,106.8,1281.6,51,One year,Bank transfer (automatic),0,2683,Fiber optic (premium price risk) | Paperless billing | High charge ($107/mo),Send quarterly value summary report. Invite to customer advisory panel. Standard retention monitoring.
8096-LOIST,41.1,0.4114,0.2974,0.4904,0.5779,Medium,56.2,674.4,19,Month-to-month,Electronic check,0,2686,Month-to-month contract | Manual payment method | Electronic check payment,Trigger 90-day automated onboarding sequence. Highlight unused platform features. Send weekly value-focused tips.
4918-FYJNT,41.0,0.4098,0.3295,0.5007,0.4741,Medium,90.45,1085.4,55,Month-to-month,Electronic check,0,2693,Month-to-month contract | Manual payment method | Fiber optic (premium price risk),Send quarterly value summary report. Invite to customer advisory panel. Standard retention monitoring.
4452-QIIEB,40.9,0.4089,0.2468,0.5599,0.5878,Medium,43.9,526.8,7,Month-to-month,Mailed check,0,2699,Month-to-month contract | Manual payment method | New customer (0-12 months),Trigger 90-day automated onboarding sequence. Highlight unused platform features. Send weekly value-focused tips.
8033-VCZGH,40.8,0.4076,0.2941,0.5085,0.5401,Medium,103.95,1247.4,50,One year,Electronic check,0,2701,Manual payment method | Fiber optic (premium price risk) | Electronic check payment,Send quarterly value summary report. Invite to customer advisory panel. Standard retention monitoring.
3258-SANFR,40.6,0.4057,0.2514,0.5694,0.546,Medium,44.7,536.4,6,Month-to-month,Credit card (automatic),0,2712,Month-to-month contract | New customer (0-12 months) | Senior customer,Trigger 90-day automated onboarding sequence. Highlight unused platform features. Send weekly value-focused tips.
1329-VHWNP,40.5,0.4054,0.2605,0.5119,0.608,Medium,25.05,300.6,7,Month-to-month,Bank transfer (automatic),0,2717,Month-to-month contract | New customer (0-12 months) | Low engagement (0 services),Trigger 90-day automated onboarding sequence. Highlight unused platform features. Send weekly value-focused tips.
2778-OCLGR,40.5,0.4051,0.2679,0.5601,0.5158,Medium,39.1,469.2,24,Month-to-month,Bank transfer (automatic),1,2718,Month-to-month contract | Senior customer | Low engagement (2 services),Trigger 90-day automated onboarding sequence. Highlight unused platform features. Send weekly value-focused tips.
6218-KNUBD,40.5,0.4052,0.2573,0.455,0.7005,Medium,59.45,713.4,6,Month-to-month,Electronic check,0,2720,Month-to-month contract | Manual payment method | New customer (0-12 months),Trigger 90-day automated onboarding sequence. Highlight unused platform features. Send weekly value-focused tips.
1436-ZMJAN,40.4,0.4039,0.2653,0.4613,0.6644,Medium,67.8,813.6,10,Month-to-month,Credit card (automatic),0,2727,Month-to-month contract | New customer (0-12 months) | Paperless billing,Send quarterly value summary report. Invite to customer advisory panel. Standard retention monitoring.
1963-VAUKV,40.2,0.4018,0.2828,0.5738,0.4412,Medium,20.4,244.8,1,Month-to-month,Mailed check,1,2741,Month-to-month contract | Manual payment method | New customer (0-12 months),Trigger 90-day automated onboarding sequence. Highlight unused platform features. Send weekly value-focused tips.
5575-TPIZQ,40.2,0.4021,0.2301,0.5349,0.6328,Medium,89.15,1069.8,46,Month-to-month,Credit card (automatic),0,2743,Month-to-month contract | Fiber optic (premium price risk) | Paperless billing,Send quarterly value summary report. Invite to customer advisory panel. Standard retention monitoring.
9643-YBLUR,40.1,0.4008,0.2981,0.4222,0.6252,Medium,69.05,828.6,9,Month-to-month,Credit card (automatic),0,2746,Month-to-month contract | New customer (0-12 months) | Paperless billing,Send quarterly value summary report. Invite to customer advisory panel. Standard retention monitoring.
2139-FQHLM,40.0,0.3997,0.2451,0.5432,0.5709,Medium,89.95,1079.4,19,Month-to-month,Mailed check,0,2751,Month-to-month contract | Manual payment method | Fiber optic (premium price risk),Send quarterly value summary report. Invite to customer advisory panel. Standard retention monitoring.
5136-GFPMB,39.9,0.399,0.2759,0.4709,0.5991,Medium,89.4,1072.8,54,Month-to-month,Credit card (automatic),0,2760,Month-to-month contract | Fiber optic (premium price risk) | High charge ($89/mo),Send quarterly value summary report. Invite to customer advisory panel. Standard retention monitoring.
7067-KSAZT,39.9,0.3986,0.2922,0.4946,0.5205,Medium,106.25,1275.0,65,One year,Electronic check,1,2761,Manual payment method | Fiber optic (premium price risk) | Electronic check payment,Send quarterly value summary report. Invite to customer advisory panel. Standard retention monitoring.
6578-KRMAW,39.9,0.3989,0.2371,0.5599,0.5622,Medium,93.4,1120.8,32,Month-to-month,Credit card (automatic),0,2765,Month-to-month contract | Fiber optic (premium price risk) | Paperless billing,Send quarterly value summary report. Invite to customer advisory panel. Standard retention monitoring.
5701-SVCWR,39.7,0.3969,0.3026,0.4976,0.4816,Medium,24.0,288.0,1,Month-to-month,Mailed check,0,2770,Month-to-month contract | Manual payment method | New customer (0-12 months),Trigger 90-day automated onboarding sequence. Highlight unused platform features. Send weekly value-focused tips.
6646-QVXLR,39.5,0.3951,0.2863,0.4665,0.5598,Medium,103.75,1245.0,62,One year,Electronic check,1,2783,Manual payment method | Fiber optic (premium price risk) | Electronic check payment,Send quarterly value summary report. Invite to customer advisory panel. Standard retention monitoring.
9761-XUJWD,39.5,0.3948,0.3253,0.4657,0.4623,Medium,65.6,787.2,5,Month-to-month,Bank transfer (automatic),0,2784,Month-to-month contract | New customer (0-12 months) | Paperless billing,Send quarterly value summary report. Invite to customer advisory panel. Standard retention monitoring.
4211-MMAZN,39.4,0.3937,0.2854,0.5431,0.44,Medium,20.25,243.0,1,Month-to-month,Mailed check,1,2792,Month-to-month contract | Manual payment method | New customer (0-12 months),Trigger 90-day automated onboarding sequence. Highlight unused platform features. Send weekly value-focused tips.
5049-GLYVG,39.4,0.3943,0.3015,0.5218,0.4348,Medium,20.6,247.2,1,Month-to-month,Mailed check,1,2794,Month-to-month contract | Manual payment method | New customer (0-12 months),Trigger 90-day automated onboarding sequence. Highlight unused platform features. Send weekly value-focused tips.
3058-WQDRE,39.4,0.3941,0.2589,0.4415,0.6608,Medium,25.15,301.8,13,Month-to-month,Bank transfer (automatic),0,2799,Month-to-month contract | Paperless billing | Low engagement (0 services),Trigger 90-day automated onboarding sequence. Highlight unused platform features. Send weekly value-focused tips.
7554-AKDQF,39.1,0.3913,0.2391,0.5181,0.5816,Medium,45.65,547.8,6,Month-to-month,Mailed check,0,2810,Month-to-month contract | Manual payment method | New customer (0-12 months),Trigger 90-day automated onboarding sequence. Highlight unused platform features. Send weekly value-focused tips.
9154-QDGTH,39.1,0.3906,0.3114,0.4462,0.5052,Medium,104.3,1251.6,43,One year,Credit card (automatic),0,2811,Fiber optic (premium price risk) | Paperless billing | High charge ($104/mo),Send quarterly value summary report. Invite to customer advisory panel. Standard retention monitoring.
5339-TJFEK,39.1,0.3914,0.2618,0.5234,0.5175,Medium,105.5,1266.0,62,Month-to-month,Electronic check,0,2812,Month-to-month contract | Manual payment method | Fiber optic (premium price risk),Send quarterly value summary report. Invite to customer advisory panel. Standard retention monitoring.
2669-QVCRG,39.0,0.3898,0.2235,0.5607,0.549,Medium,81.3,975.6,41,Month-to-month,Credit card (automatic),0,2817,Month-to-month contract | Fiber optic (premium price risk) | Paperless billing,Trigger 90-day automated onboarding sequence. Highlight unused platform features. Send weekly value-focused tips.
5630-AHZIL,39.0,0.3903,0.33,0.4925,0.3879,Medium,64.5,774.0,3,Month-to-month,Bank transfer (automatic),0,2818,Month-to-month contract | New customer (0-12 months) | Paperless billing,Send quarterly value summary report. Invite to customer advisory panel. Standard retention monitoring.
7047-FWEYA,38.9,0.3891,0.2507,0.5222,0.5353,Medium,103.15,1237.8,46,One year,Electronic check,0,2823,Manual payment method | Fiber optic (premium price risk) | Electronic check payment,Send quarterly value summary report. Invite to customer advisory panel. Standard retention monitoring.
1550-LOAHA,38.9,0.3887,0.2533,0.5078,0.5485,Medium,84.15,1009.8,32,Month-to-month,Bank transfer (automatic),1,2829,Month-to-month contract | Fiber optic (premium price risk) | Low engagement (2 services),Trigger 90-day automated onboarding sequence. Highlight unused platform features. Send weekly value-focused tips.
5445-GLVOT,38.7,0.3875,0.281,0.557,0.3995,Medium,49.8,597.6,22,Month-to-month,Electronic check,0,2838,Month-to-month contract | Manual payment method | Electronic check payment,Trigger 90-day automated onboarding sequence. Highlight unused platform features. Send weekly value-focused tips.
9122-UMROB,38.5,0.3853,0.2769,0.5301,0.4393,Medium,20.3,243.6,1,Month-to-month,Mailed check,0,2851,Month-to-month contract | Manual payment method | New customer (0-12 months),Trigger 90-day automated onboarding sequence. Highlight unused platform features. Send weekly value-focused tips.
7621-VPNET,38.3,0.3825,0.2358,0.4925,0.5842,Medium,85.9,1030.8,42,Month-to-month,Credit card (automatic),0,2854,Month-to-month contract | Fiber optic (premium price risk) | Paperless billing,Send quarterly value summary report. Invite to customer advisory panel. Standard retention monitoring.
6713-OKOMC,38.3,0.3828,0.1953,0.5558,0.5923,Medium,29.75,357.0,10,Month-to-month,Mailed check,0,2855,Month-to-month contract | Manual payment method | New customer (0-12 months),Trigger 90-day automated onboarding sequence. Highlight unused platform features. Send weekly value-focused tips.
7537-CBQUZ,38.2,0.382,0.2846,0.3935,0.6081,Medium,109.4,1312.8,63,Month-to-month,Bank transfer (automatic),0,2861,Month-to-month contract | Fiber optic (premium price risk) | Senior customer,Send quarterly value summary report. Invite to customer advisory panel. Standard retention monitoring.
7821-DPRQE,38.1,0.3812,0.2937,0.4517,0.4941,Medium,107.7,1292.4,68,Month-to-month,Electronic check,0,2865,Month-to-month contract | Manual payment method | Fiber optic (premium price risk),Send quarterly value summary report. Invite to customer advisory panel. Standard retention monitoring.
5766-ZJYBB,38.1,0.3807,0.24,0.5672,0.4528,Medium,19.4,232.8,1,Month-to-month,Mailed check,1,2866,Month-to-month contract | Manual payment method | New customer (0-12 months),Trigger 90-day automated onboarding sequence. Highlight unused platform features. Send weekly value-focused tips.
0327-WFZSY,37.9,0.3787,0.2559,0.454,0.5728,Medium,100.0,1200.0,39,One year,Electronic check,0,2881,Manual payment method | Fiber optic (premium price risk) | Electronic check payment,Send quarterly value summary report. Invite to customer advisory panel. Standard retention monitoring.
9233-PSYHO,37.8,0.3779,0.2447,0.4198,0.6482,Medium,100.15,1201.8,45,One year,Bank transfer (automatic),0,2889,Fiber optic (premium price risk) | Senior customer | Paperless billing,Send quarterly value summary report. Invite to customer advisory panel. Standard retention monitoring.
6777-TGHTM,37.6,0.3764,0.2761,0.4882,0.4595,Medium,106.95,1283.4,53,One year,Credit card (automatic),1,2898,Fiber optic (premium price risk) | Paperless billing | High charge ($107/mo),Send quarterly value summary report. Invite to customer advisory panel. Standard retention monitoring.
4012-ZTHBR,37.6,0.3763,0.2761,0.4957,0.4477,Medium,44.95,539.4,21,Month-to-month,Electronic check,0,2900,Month-to-month contract | Manual payment method | Electronic check payment,Trigger 90-day automated onboarding sequence. Highlight unused platform features. Send weekly value-focused tips.
1208-NBVFH,37.6,0.376,0.2812,0.4765,0.4625,Medium,49.6,595.2,20,Month-to-month,Electronic check,0,2901,Month-to-month contract | Manual payment method | Electronic check payment,Trigger 90-day automated onboarding sequence. Highlight unused platform features. Send weekly value-focused tips.
6821-JPCDC,37.6,0.3762,0.2574,0.4572,0.5516,Medium,97.05,1164.6,48,One year,Electronic check,0,2903,Manual payment method | Fiber optic (premium price risk) | Electronic check payment,Send quarterly value summary report. Invite to customer advisory panel. Standard retention monitoring.
2000-MPKCA,37.4,0.3741,0.2496,0.5129,0.4773,Medium,107.75,1293.0,58,One year,Electronic check,0,2908,Manual payment method | Fiber optic (premium price risk) | Electronic check payment,Send quarterly value summary report. Invite to customer advisory panel. Standard retention monitoring.
7343-EOBEU,37.4,0.3739,0.2858,0.3852,0.5772,Medium,23.6,283.2,3,Month-to-month,Mailed check,0,2913,Month-to-month contract | Manual payment method | New customer (0-12 months),Trigger 90-day automated onboarding sequence. Highlight unused platform features. Send weekly value-focused tips.
3689-MOZGR,37.3,0.373,0.2337,0.554,0.45,Medium,31.2,374.4,29,Month-to-month,Electronic check,0,2918,Month-to-month contract | Manual payment method | Electronic check payment,Trigger 90-day automated onboarding sequence. Highlight unused platform features. Send weekly value-focused tips.
7876-BEUTG,37.3,0.373,0.2473,0.4583,0.5595,Medium,48.8,585.6,15,Month-to-month,Mailed check,0,2920,Month-to-month contract | Manual payment method | Paperless billing,Trigger 90-day automated onboarding sequence. Highlight unused platform features. Send weekly value-focused tips.
1956-YIFGE,37.1,0.3714,0.2797,0.4613,0.4659,Medium,100.05,1200.6,22,One year,Mailed check,0,2932,Manual payment method | Fiber optic (premium price risk) | Paperless billing,Send quarterly value summary report. Invite to customer advisory panel. Standard retention monitoring.
0822-QGCXA,36.9,0.3686,0.267,0.4058,0.567,Medium,83.85,1006.2,27,Month-to-month,Electronic check,0,2945,Month-to-month contract | Manual payment method | Electronic check payment,Send quarterly value summary report. Invite to customer advisory panel. Standard retention monitoring.
8495-LJDFO,36.8,0.3677,0.2631,0.4069,0.5705,Medium,108.95,1307.4,64,Month-to-month,Bank transfer (automatic),0,2954,Month-to-month contract | Fiber optic (premium price risk) | Senior customer,Send quarterly value summary report. Invite to customer advisory panel. Standard retention monitoring.
0668-OGMHD,36.8,0.3682,0.2283,0.5179,0.4933,Medium,28.5,342.0,21,Month-to-month,Electronic check,0,2958,Month-to-month contract | Manual payment method | Electronic check payment,Trigger 90-day automated onboarding sequence. Highlight unused platform features. Send weekly value-focused tips.
5553-AOINX,36.7,0.3672,0.2825,0.4402,0.4695,Medium,104.9,1258.8,66,One year,Electronic check,0,2962,Manual payment method | Fiber optic (premium price risk) | Electronic check payment,Send quarterly value summary report. Invite to customer advisory panel. Standard retention monitoring.
4393-RYCRE,36.6,0.3658,0.2563,0.5073,0.4276,Medium,106.05,1272.6,44,One year,Electronic check,0,2971,Manual payment method | Fiber optic (premium price risk) | Electronic check payment,Send quarterly value summary report. Invite to customer advisory panel. Standard retention monitoring.
1205-WNWPJ,36.5,0.3648,0.2319,0.4128,0.6248,Medium,59.5,714.0,7,Month-to-month,Mailed check,1,2975,Month-to-month contract | Manual payment method | New customer (0-12 months),Trigger 90-day automated onboarding sequence. Highlight unused platform features. Send weekly value-focused tips.
8455-HIRAQ,36.4,0.3637,0.175,0.5348,0.5786,Medium,44.45,533.4,8,Month-to-month,Mailed check,0,2979,Month-to-month contract | Manual payment method | New customer (0-12 months),Trigger 90-day automated onboarding sequence. Highlight unused platform features. Send weekly value-focused tips.
3413-DHLPB,36.4,0.3643,0.2349,0.489,0.5006,Medium,103.75,1245.0,60,Month-to-month,Bank transfer (automatic),0,2981,Month-to-month contract | Fiber optic (premium price risk) | Paperless billing,Send quarterly value summary report. Invite to customer advisory panel. Standard retention monitoring.
6917-YACBP,36.3,0.3631,0.2338,0.4781,0.5138,Medium,89.75,1077.0,59,Month-to-month,Electronic check,0,2983,Month-to-month contract | Manual payment method | Fiber optic (premium price risk),Send quarterly value summary report. Invite to customer advisory panel. Standard retention monitoring.
0058-EVZWM,36.3,0.3631,0.2205,0.4892,0.5306,Medium,89.8,1077.6,55,Month-to-month,Bank transfer (automatic),0,2985,Month-to-month contract | Fiber optic (premium price risk) | Paperless billing,Send quarterly value summary report. Invite to customer advisory panel. Standard retention monitoring.
1370-GGAWX,36.2,0.3624,0.2434,0.4377,0.5471,Medium,94.15,1129.8,46,One year,Electronic check,0,2989,Manual payment method | Fiber optic (premium price risk) | Electronic check payment,Send quarterly value summary report. Invite to customer advisory panel. Standard retention monitoring.
4905-JEFDW,36.2,0.3618,0.2467,0.4369,0.5371,Medium,41.6,499.2,11,One year,Electronic check,1,2991,Manual payment method | New customer (0-12 months) | Electronic check payment,Trigger 90-day automated onboarding sequence. Highlight unused platform features. Send weekly value-focused tips.
7074-STDCN,36.1,0.3615,0.2652,0.4413,0.4824,Medium,40.6,487.2,39,Month-to-month,Electronic check,0,2997,Month-to-month contract | Manual payment method | Electronic check payment,Trigger 90-day automated onboarding sequence. Highlight unused platform features. Send weekly value-focused tips.
1074-AMIOH,36.1,0.3614,0.2562,0.4748,0.4543,Medium,108.25,1299.0,53,Month-to-month,Bank transfer (automatic),0,2998,Month-to-month contract | Fiber optic (premium price risk) | Paperless billing,Send quarterly value summary report. Invite to customer advisory panel. Standard retention monitoring.
7742-MYPGI,35.8,0.3584,0.1986,0.5132,0.5257,Medium,48.8,585.6,6,Month-to-month,Mailed check,0,3011,Month-to-month contract | Manual payment method | New customer (0-12 months),Trigger 90-day automated onboarding sequence. Highlight unused platform features. Send weekly value-focused tips.
7398-LXGYX,35.6,0.3559,0.1934,0.4971,0.5503,Medium,84.8,1017.6,44,Month-to-month,Credit card (automatic),0,3019,Month-to-month contract | Fiber optic (premium price risk) | Paperless billing,Send quarterly value summary report. Invite to customer advisory panel. Standard retention monitoring.
2346-DJQTB,35.6,0.3561,0.2972,0.4083,0.4251,Medium,24.15,289.8,35,Month-to-month,Electronic check,0,3021,Month-to-month contract | Manual payment method | Electronic check payment,Trigger 90-day automated onboarding sequence. Highlight unused platform features. Send weekly value-focused tips.
8023-QHAIO,35.4,0.3537,0.2474,0.4178,0.5233,Medium,76.85,922.2,56,Month-to-month,Bank transfer (automatic),0,3034,Month-to-month contract | Fiber optic (premium price risk) | Senior customer,Trigger 90-day automated onboarding sequence. Highlight unused platform features. Send weekly value-focused tips.
4640-UHDOS,35.4,0.3537,0.2371,0.4395,0.5163,Medium,55.95,671.4,13,Month-to-month,Electronic check,1,3036,Month-to-month contract | Manual payment method | Electronic check payment,Trigger 90-day automated onboarding sequence. Highlight unused platform features. Send weekly value-focused tips.
2731-GJRDG,35.4,0.3537,0.2708,0.4138,0.4706,Medium,109.55,1314.6,32,One year,Bank transfer (automatic),0,3037,Fiber optic (premium price risk) | Paperless billing | High charge ($110/mo),Send quarterly value summary report. Invite to customer advisory panel. Standard retention monitoring.
4324-AHJKS,35.3,0.3532,0.2456,0.5045,0.3954,Medium,55.8,669.6,5,Month-to-month,Credit card (automatic),0,3044,Month-to-month contract | New customer (0-12 months) | Low engagement (2 services),Trigger 90-day automated onboarding sequence. Highlight unused platform features. Send weekly value-focused tips.
1853-ARAAQ,35.3,0.3528,0.2069,0.3774,0.6803,Medium,50.35,604.2,26,Month-to-month,Credit card (automatic),0,3046,Month-to-month contract | Paperless billing,Send quarterly value summary report. Invite to customer advisory panel. Standard retention monitoring.
6559-RAKOZ,35.2,0.3524,0.2231,0.4611,0.5124,Medium,97.95,1175.4,49,One year,Electronic check,0,3050,Manual payment method | Fiber optic (premium price risk) | Electronic check payment,Send quarterly value summary report. Invite to customer advisory panel. Standard retention monitoring.
1600-DILPE,35.0,0.3498,0.2003,0.5151,0.4755,Medium,45.0,540.0,12,Month-to-month,Bank transfer (automatic),0,3058,Month-to-month contract | New customer (0-12 months) | Paperless billing,Trigger 90-day automated onboarding sequence. Highlight unused platform features. Send weekly value-focused tips.
1485-YDHMM,35.0,0.3498,0.2321,0.4611,0.477,Medium,93.25,1119.0,52,Month-to-month,Bank transfer (automatic),0,3059,Month-to-month contract | Fiber optic (premium price risk) | Paperless billing,Send quarterly value summary report. Invite to customer advisory panel. Standard retention monitoring.
7551-DACSP,34.7,0.3471,0.2242,0.4224,0.5413,Medium,55.3,663.6,6,Month-to-month,Mailed check,1,3070,Month-to-month contract | Manual payment method | New customer (0-12 months),Trigger 90-day automated onboarding sequence. Highlight unused platform features. Send weekly value-focused tips.
8189-HBVRW,34.6,0.3462,0.2244,0.4952,0.4271,Medium,90.8,1089.6,53,Month-to-month,Electronic check,0,3076,Month-to-month contract | Manual payment method | Fiber optic (premium price risk),Send quarterly value summary report. Invite to customer advisory panel. Standard retention monitoring.
4695-VADHF,34.5,0.3446,0.229,0.4227,0.5163,Medium,57.45,689.4,18,Month-to-month,Electronic check,1,3083,Month-to-month contract | Manual payment method | Electronic check payment,Trigger 90-day automated onboarding sequence. Highlight unused platform features. Send weekly value-focused tips.
2257-BOVXD,34.5,0.3445,0.2287,0.3853,0.5728,Medium,66.6,799.2,14,Month-to-month,Credit card (automatic),0,3084,Month-to-month contract | Paperless billing,Send quarterly value summary report. Invite to customer advisory panel. Standard retention monitoring.
8495-PRWFH,34.5,0.3452,0.272,0.4026,0.4422,Medium,55.65,667.8,42,Month-to-month,Electronic check,0,3086,Month-to-month contract | Manual payment method | Electronic check payment,Trigger 90-day automated onboarding sequence. Highlight unused platform features. Send weekly value-focused tips.
5949-EBSQK,34.4,0.3439,0.2537,0.4583,0.3977,Medium,61.45,737.4,4,Month-to-month,Credit card (automatic),1,3091,Month-to-month contract | New customer (0-12 months) | Low engagement (2 services),Trigger 90-day automated onboarding sequence. Highlight unused platform features. Send weekly value-focused tips.
4646-QZXTF,34.4,0.344,0.2576,0.4566,0.3911,Medium,81.25,975.0,7,Month-to-month,Bank transfer (automatic),0,3094,Month-to-month contract | New customer (0-12 months) | High charge ($81/mo),Send quarterly value summary report. Invite to customer advisory panel. Standard retention monitoring.
2750-BJLSB,34.4,0.3436,0.2237,0.5051,0.4011,Medium,103.7,1244.4,47,One year,Electronic check,0,3095,Manual payment method | Fiber optic (premium price risk) | Electronic check payment,Send quarterly value summary report. Invite to customer advisory panel. Standard retention monitoring.
2832-SCUCO,34.3,0.3426,0.2363,0.3857,0.5434,Medium,19.9,238.8,2,Month-to-month,Electronic check,0,3096,Month-to-month contract | Manual payment method | New customer (0-12 months),Trigger 90-day automated onboarding sequence. Highlight unused platform features. Send weekly value-focused tips.
7124-UGSUR,34.2,0.342,0.2353,0.3932,0.5319,Medium,104.4,1252.8,61,One year,Credit card (automatic),1,3106,Fiber optic (premium price risk) | Senior customer | Paperless billing,Send quarterly value summary report. Invite to customer advisory panel. Standard retention monitoring.
3325-FUYCG,34.1,0.3407,0.2317,0.4686,0.4214,Medium,106.1,1273.2,28,One year,Electronic check,1,3110,Manual payment method | Fiber optic (premium price risk) | Electronic check payment,Send quarterly value summary report. Invite to customer advisory panel. Standard retention monitoring.
3858-XHYJO,33.9,0.3392,0.2533,0.3943,0.4711,Medium,105.75,1269.0,40,One year,Bank transfer (automatic),0,3116,Fiber optic (premium price risk) | High charge ($106/mo),Send quarterly value summary report. Invite to customer advisory panel. Standard retention monitoring.
7776-QGYJC,33.9,0.3387,0.21,0.4893,0.4346,Medium,81.5,978.0,39,Month-to-month,Bank transfer (automatic),0,3117,Month-to-month contract | Fiber optic (premium price risk) | Paperless billing,Trigger 90-day automated onboarding sequence. Highlight unused platform features. Send weekly value-focused tips.
8976-OQHGT,33.7,0.3373,0.2412,0.4577,0.3971,Medium,56.5,678.0,4,Month-to-month,Mailed check,1,3124,Month-to-month contract | Manual payment method | New customer (0-12 months),Trigger 90-day automated onboarding sequence. Highlight unused platform features. Send weekly value-focused tips.
0106-GHRQR,33.7,0.3371,0.2508,0.3136,0.5883,Medium,71.4,856.8,16,Month-to-month,Bank transfer (automatic),0,3125,Month-to-month contract | Paperless billing,Send quarterly value summary report. Invite to customer advisory panel. Standard retention monitoring.
4250-WAROZ,33.6,0.3362,0.196,0.4392,0.5323,Medium,93.25,1119.0,60,Month-to-month,Electronic check,0,3128,Month-to-month contract | Manual payment method | Fiber optic (premium price risk),Send quarterly value summary report. Invite to customer advisory panel. Standard retention monitoring.
7766-CLTIC,33.4,0.3338,0.1878,0.4159,0.5756,Medium,60.95,731.4,10,Month-to-month,Mailed check,0,3142,Month-to-month contract | Manual payment method | New customer (0-12 months),Trigger 90-day automated onboarding sequence. Highlight unused platform features. Send weekly value-focused tips.
7611-YKYTC,33.3,0.3332,0.1881,0.5102,0.4308,Medium,75.0,900.0,22,Month-to-month,Bank transfer (automatic),0,3144,Month-to-month contract | Fiber optic (premium price risk) | Low engagement (1 services),Trigger 90-day automated onboarding sequence. Highlight unused platform features. Send weekly value-focused tips.
5174-ITUMV,33.3,0.3334,0.2413,0.4423,0.4003,Medium,105.4,1264.8,67,One year,Electronic check,0,3152,Manual payment method | Fiber optic (premium price risk) | Electronic check payment,Send quarterly value summary report. Invite to customer advisory panel. Standard retention monitoring.
9318-NKNFC,33.2,0.3319,0.1993,0.4246,0.5244,Medium,18.85,226.2,1,Month-to-month,Mailed check,1,3154,Month-to-month contract | Manual payment method | New customer (0-12 months),Trigger 90-day automated onboarding sequence. Highlight unused platform features. Send weekly value-focused tips.
2995-UPRYS,33.2,0.3316,0.2538,0.3407,0.5125,Medium,99.2,1190.4,40,One year,Credit card (automatic),1,3155,Fiber optic (premium price risk) | Senior customer | Paperless billing,Send quarterly value summary report. Invite to customer advisory panel. Standard retention monitoring.
7251-XFOIL,33.2,0.3321,0.2402,0.3812,0.4883,Medium,89.2,1070.4,61,Month-to-month,Mailed check,0,3161,Month-to-month contract | Manual payment method | Fiber optic (premium price risk),Send quarterly value summary report. Invite to customer advisory panel. Standard retention monitoring.
0409-WTMPL,33.1,0.3314,0.2426,0.4314,0.4037,Medium,110.65,1327.8,58,One year,Credit card (automatic),0,3171,Fiber optic (premium price risk) | Paperless billing | High charge ($111/mo),Send quarterly value summary report. Invite to customer advisory panel. Standard retention monitoring.
1170-SASML,33.0,0.3302,0.2865,0.3627,0.3909,Medium,85.4,1024.8,69,Month-to-month,Bank transfer (automatic),0,3173,Month-to-month contract | Fiber optic (premium price risk) | Paperless billing,Send quarterly value summary report. Invite to customer advisory panel. Standard retention monitoring.
0222-CNVPT,33.0,0.3298,0.2368,0.3937,0.4665,Medium,48.8,585.6,52,Month-to-month,Credit card (automatic),0,3175,Month-to-month contract | Senior customer | Paperless billing,Send quarterly value summary report. Invite to customer advisory panel. Standard retention monitoring.
7854-EKTJL,32.9,0.3288,0.2013,0.3934,0.5508,Medium,19.6,235.2,2,Month-to-month,Electronic check,1,3177,Month-to-month contract | Manual payment method | New customer (0-12 months),Trigger 90-day automated onboarding sequence. Highlight unused platform features. Send weekly value-focused tips.
5334-JLAXU,32.9,0.3287,0.2069,0.4379,0.4693,Medium,94.1,1129.2,60,Month-to-month,Credit card (automatic),0,3178,Month-to-month contract | Fiber optic (premium price risk) | Paperless billing,Send quarterly value summary report. Invite to customer advisory panel. Standard retention monitoring.
1113-IUJYX,32.8,0.3283,0.2386,0.4837,0.3195,Medium,105.95,1271.4,14,One year,Mailed check,1,3185,Manual payment method | Fiber optic (premium price risk) | High charge ($106/mo),Send quarterly value summary report. Invite to customer advisory panel. Standard retention monitoring.
2700-LUEVA,32.7,0.327,0.2878,0.3835,0.3403,Medium,20.75,249.0,1,Month-to-month,Credit card (automatic),0,3189,Month-to-month contract | New customer (0-12 months) | Low engagement (0 services),Trigger 90-day automated onboarding sequence. Highlight unused platform features. Send weekly value-focused tips.
1848-LBZHY,32.7,0.3266,0.1874,0.4978,0.418,Medium,50.3,603.6,7,Month-to-month,Bank transfer (automatic),0,3190,Month-to-month contract | New customer (0-12 months) | Paperless billing,Trigger 90-day automated onboarding sequence. Highlight unused platform features. Send weekly value-focused tips.
4693-VWVBO,32.6,0.3264,0.1994,0.4013,0.532,Medium,19.55,234.6,3,Month-to-month,Electronic check,0,3193,Month-to-month contract | Manual payment method | New customer (0-12 months),Trigger 90-day automated onboarding sequence. Highlight unused platform features. Send weekly value-focused tips.
1685-VAYJF,32.6,0.3257,0.1715,0.51,0.4348,Medium,45.2,542.4,11,Month-to-month,Credit card (automatic),0,3197,Month-to-month contract | New customer (0-12 months) | Low engagement (0 services),Trigger 90-day automated onboarding sequence. Highlight unused platform features. Send weekly value-focused tips.
5827-MWCZK,32.5,0.3248,0.2101,0.4411,0.4371,Medium,96.95,1163.4,56,Month-to-month,Credit card (automatic),0,3200,Month-to-month contract | Fiber optic (premium price risk) | Paperless billing,Send quarterly value summary report. Invite to customer advisory panel. Standard retention monitoring.
6946-LMSQS,32.3,0.3228,0.1479,0.4229,0.6099,Medium,89.05,1068.6,25,One year,Electronic check,1,3210,Manual payment method | Fiber optic (premium price risk) | Electronic check payment,Send quarterly value summary report. Invite to customer advisory panel. Standard retention monitoring.
6137-MFAJN,32.2,0.3216,0.2145,0.4723,0.3634,Medium,44.8,537.6,48,Month-to-month,Electronic check,0,3214,Month-to-month contract | Manual payment method | Electronic check payment,Send quarterly value summary report. Invite to customer advisory panel. Standard retention monitoring.
8049-WJCLQ,32.2,0.322,0.1784,0.4097,0.5493,Medium,60.2,722.4,10,Month-to-month,Mailed check,0,3216,Month-to-month contract | Manual payment method | New customer (0-12 months),Trigger 90-day automated onboarding sequence. Highlight unused platform features. Send weekly value-focused tips.
4118-CEVPF,32.1,0.321,0.2319,0.3479,0.5033,Medium,110.8,1329.6,35,One year,Bank transfer (automatic),0,3220,Fiber optic (premium price risk) | Senior customer | Paperless billing,Send quarterly value summary report. Invite to customer advisory panel. Standard retention monitoring.
0959-WHOKV,32.1,0.3209,0.1841,0.4375,0.4879,Medium,99.0,1188.0,42,One year,Electronic check,0,3223,Manual payment method | Fiber optic (premium price risk) | Electronic check payment,Send quarterly value summary report. Invite to customer advisory panel. Standard retention monitoring.
7351-MHQVU,32.1,0.3206,0.1991,0.4386,0.4473,Medium,50.95,611.4,6,Month-to-month,Credit card (automatic),0,3224,Month-to-month contract | New customer (0-12 months),Send quarterly value summary report. Invite to customer advisory panel. Standard retention monitoring.
4282-MSACW,32.0,0.32,0.3036,0.3838,0.2654,Medium,117.2,1406.4,68,One year,Credit card (automatic),0,3228,Fiber optic (premium price risk) | Paperless billing | High charge ($117/mo),Send quarterly value summary report. Invite to customer advisory panel. Standard retention monitoring.
1986-PHGZF,31.7,0.3171,0.194,0.4003,0.5002,Medium,58.4,700.8,18,Month-to-month,Credit card (automatic),0,3236,Month-to-month contract | Senior customer | Paperless billing,Send quarterly value summary report. Invite to customer advisory panel. Standard retention monitoring.
9089-UOWJG,31.6,0.3162,0.2003,0.3635,0.5351,Medium,58.35,700.2,12,Month-to-month,Credit card (automatic),0,3242,Month-to-month contract | New customer (0-12 months) | Paperless billing,Trigger 90-day automated onboarding sequence. Highlight unused platform features. Send weekly value-focused tips.
0719-SYFRB,31.6,0.3159,0.187,0.3865,0.5322,Medium,61.65,739.8,12,Month-to-month,Mailed check,1,3249,Month-to-month contract | Manual payment method | New customer (0-12 months),Send quarterly value summary report. Invite to customer advisory panel. Standard retention monitoring.
9489-UTFKA,31.6,0.3155,0.2379,0.3512,0.456,Medium,60.9,730.8,8,Month-to-month,Bank transfer (automatic),0,3250,Month-to-month contract | New customer (0-12 months) | Senior customer,Trigger 90-day automated onboarding sequence. Highlight unused platform features. Send weekly value-focused tips.
1087-UDSIH,31.5,0.3153,0.2385,0.3243,0.4937,Medium,19.6,235.2,3,Month-to-month,Mailed check,1,3251,Month-to-month contract | Manual payment method | New customer (0-12 months),Trigger 90-day automated onboarding sequence. Highlight unused platform features. Send weekly value-focused tips.
8920-NAVAY,31.5,0.3151,0.1977,0.434,0.43,Medium,110.75,1329.0,62,One year,Bank transfer (automatic),0,3256,Fiber optic (premium price risk) | Senior customer | Paperless billing,Send quarterly value summary report. Invite to customer advisory panel. Standard retention monitoring.
8791-GFXLZ,31.5,0.3147,0.2016,0.4177,0.4431,Medium,49.05,588.6,12,Month-to-month,Bank transfer (automatic),0,3257,Month-to-month contract | New customer (0-12 months) | Paperless billing,Trigger 90-day automated onboarding sequence. Highlight unused platform features. Send weekly value-focused tips.
4800-CZMPC,31.4,0.3144,0.2342,0.3699,0.4315,Medium,103.25,1239.0,48,One year,Credit card (automatic),1,3264,Fiber optic (premium price risk) | Paperless billing | High charge ($103/mo),Send quarterly value summary report. Invite to customer advisory panel. Standard retention monitoring.
8421-WZOOW,31.4,0.3138,0.2291,0.3696,0.4416,Medium,95.3,1143.6,57,Month-to-month,Credit card (automatic),0,3265,Month-to-month contract | Fiber optic (premium price risk) | Senior customer,Send quarterly value summary report. Invite to customer advisory panel. Standard retention monitoring.
3164-YAXFY,31.2,0.3119,0.2222,0.3858,0.4254,Medium,53.75,645.0,57,Month-to-month,Electronic check,0,3275,Month-to-month contract | Manual payment method | Electronic check payment,Send quarterly value summary report. Invite to customer advisory panel. Standard retention monitoring.
9254-RBFON,31.1,0.3112,0.1836,0.4113,0.4803,Medium,98.6,1183.2,17,One year,Bank transfer (automatic),1,3282,Fiber optic (premium price risk) | High charge ($99/mo),Send quarterly value summary report. Invite to customer advisory panel. Standard retention monitoring.
6497-TILVL,31.0,0.3103,0.1734,0.4722,0.4096,Medium,50.7,608.4,7,Month-to-month,Mailed check,0,3287,Month-to-month contract | Manual payment method | New customer (0-12 months),Trigger 90-day automated onboarding sequence. Highlight unused platform features. Send weekly value-focused tips.
2305-MRGLV,30.9,0.3087,0.1686,0.4639,0.4263,Medium,76.55,918.6,28,Month-to-month,Bank transfer (automatic),0,3290,Month-to-month contract | Fiber optic (premium price risk) | Low engagement (1 services),Trigger 90-day automated onboarding sequence. Highlight unused platform features. Send weekly value-focused tips.
6583-SZVGP,30.5,0.3055,0.2132,0.4505,0.3186,Medium,108.1,1297.2,48,Two year,Bank transfer (automatic),0,3309,Fiber optic (premium price risk) | Paperless billing | High charge ($108/mo),Send quarterly value summary report. Invite to customer advisory panel. Standard retention monitoring.
1357-MVDOZ,30.5,0.305,0.2003,0.347,0.5034,Medium,59.65,715.8,11,Month-to-month,Bank transfer (automatic),0,3310,Month-to-month contract | New customer (0-12 months) | Paperless billing,Trigger 90-day automated onboarding sequence. Highlight unused platform features. Send weekly value-focused tips.
4753-PADAS,30.5,0.305,0.2347,0.3665,0.3888,Medium,105.7,1268.4,67,One year,Bank transfer (automatic),0,3312,Fiber optic (premium price risk) | Paperless billing | High charge ($106/mo),Send quarterly value summary report. Invite to customer advisory panel. Standard retention monitoring.
5206-XZZQI,30.4,0.3037,0.2132,0.4507,0.3092,Medium,80.6,967.2,53,Month-to-month,Mailed check,0,3316,Month-to-month contract | Manual payment method | Fiber optic (premium price risk),Trigger 90-day automated onboarding sequence. Highlight unused platform features. Send weekly value-focused tips.
6270-OMFIW,30.4,0.3038,0.1993,0.4073,0.4099,Medium,94.4,1132.8,60,One year,Electronic check,1,3317,Manual payment method | Fiber optic (premium price risk) | Electronic check payment,Send quarterly value summary report. Invite to customer advisory panel. Standard retention monitoring.
3982-DQLUS,30.4,0.3038,0.2001,0.4308,0.3726,Medium,85.75,1029.0,65,Month-to-month,Electronic check,0,3318,Month-to-month contract | Manual payment method | Fiber optic (premium price risk),Send quarterly value summary report. Invite to customer advisory panel. Standard retention monitoring.
4160-AMJTL,30.4,0.3041,0.1566,0.4027,0.5251,Medium,19.65,235.8,8,Month-to-month,Electronic check,1,3320,Month-to-month contract | Manual payment method | New customer (0-12 months),Trigger 90-day automated onboarding sequence. Highlight unused platform features. Send weekly value-focused tips.
4851-BQDNX,30.2,0.3024,0.1316,0.4758,0.4691,Medium,85.05,1020.6,40,One year,Electronic check,0,3337,Manual payment method | Fiber optic (premium price risk) | Electronic check payment,Trigger 90-day automated onboarding sequence. Highlight unused platform features. Send weekly value-focused tips.
6429-SHBCB,30.1,0.3005,0.2158,0.2518,0.5853,Medium,69.6,835.2,19,Month-to-month,Mailed check,0,3340,Month-to-month contract | Manual payment method,Send quarterly value summary report. Invite to customer advisory panel. Standard retention monitoring.
0961-ZWLVI,30.0,0.3,0.2074,0.3753,0.4189,Medium,109.2,1310.4,49,One year,Credit card (automatic),0,3344,Fiber optic (premium price risk) | Paperless billing | High charge ($109/mo),Send quarterly value summary report. Invite to customer advisory panel. Standard retention monitoring.
9972-VAFJJ,30.0,0.3003,0.2304,0.3663,0.3761,Medium,94.0,1128.0,53,One year,Electronic check,0,3347,Manual payment method | Fiber optic (premium price risk) | Electronic check payment,Send quarterly value summary report. Invite to customer advisory panel. Standard retention monitoring.
0851-DFJKB,29.7,0.2975,0.184,0.451,0.3508,Low,58.95,707.4,15,Month-to-month,Electronic check,0,3362,Month-to-month contract | Manual payment method | Electronic check payment,Maintain standard lifecycle communications. Quarterly loyalty rewards & early access to new features. Renewal reminder 60 days before contract expiry.
5949-HGVJL,29.7,0.2969,0.2022,0.3169,0.5037,Low,73.05,876.6,26,Month-to-month,Electronic check,0,3364,Month-to-month contract | Manual payment method | Electronic check payment,Maintain standard lifecycle communications. Quarterly loyalty rewards & early access to new features. Renewal reminder 60 days before contract expiry.
0678-RLHVP,29.5,0.2953,0.225,0.3942,0.3228,Low,105.55,1266.6,53,Two year,Electronic check,0,3377,Manual payment method | Fiber optic (premium price risk) | Electronic check payment,Maintain standard lifecycle communications. Quarterly loyalty rewards & early access to new features. Renewal reminder 60 days before contract expiry.
8849-GYOKR,29.4,0.2945,0.2227,0.3947,0.3237,Low,106.55,1278.6,54,One year,Bank transfer (automatic),1,3380,Fiber optic (premium price risk) | High charge ($107/mo),Maintain standard lifecycle communications. Quarterly loyalty rewards & early access to new features. Renewal reminder 60 days before contract expiry.
9103-TCIHJ,29.4,0.294,0.1848,0.3785,0.4401,Low,55.7,668.4,15,Month-to-month,Mailed check,1,3382,Month-to-month contract | Manual payment method | Paperless billing,Maintain standard lifecycle communications. Quarterly loyalty rewards & early access to new features. Renewal reminder 60 days before contract expiry.
7740-BTPUX,29.3,0.2935,0.2363,0.3818,0.3039,Low,113.6,1363.2,55,Two year,Electronic check,0,3386,Manual payment method | Fiber optic (premium price risk) | Electronic check payment,Maintain standard lifecycle communications. Quarterly loyalty rewards & early access to new features. Renewal reminder 60 days before contract expiry.
4250-ZBWLV,29.2,0.2918,0.1977,0.4185,0.3372,Low,108.45,1301.4,68,One year,Electronic check,1,3396,Manual payment method | Fiber optic (premium price risk) | Electronic check payment,Maintain standard lifecycle communications. Quarterly loyalty rewards & early access to new features. Renewal reminder 60 days before contract expiry.
6344-SFJVH,29.2,0.2916,0.1615,0.3368,0.5494,Low,24.9,298.8,20,Month-to-month,Credit card (automatic),0,3398,Month-to-month contract | Low engagement (0 services),Maintain standard lifecycle communications. Quarterly loyalty rewards & early access to new features. Renewal reminder 60 days before contract expiry.
6008-NAIXK,29.0,0.2898,0.2119,0.3818,0.3467,Low,55.45,665.4,54,One year,Electronic check,0,3409,Manual payment method | Electronic check payment | Senior customer,Maintain standard lifecycle communications. Quarterly loyalty rewards & early access to new features. Renewal reminder 60 days before contract expiry.
3410-MHHUM,29.0,0.2905,0.1671,0.3952,0.4417,Low,94.4,1132.8,44,One year,Electronic check,0,3412,Manual payment method | Fiber optic (premium price risk) | Electronic check payment,Maintain standard lifecycle communications. Quarterly loyalty rewards & early access to new features. Renewal reminder 60 days before contract expiry.
3301-LSLWQ,28.9,0.2889,0.1836,0.3459,0.4665,Low,66.1,793.2,29,Month-to-month,Electronic check,0,3416,Month-to-month contract | Manual payment method | Electronic check payment,Maintain standard lifecycle communications. Quarterly loyalty rewards & early access to new features. Renewal reminder 60 days before contract expiry.
8671-KKKOS,28.8,0.2884,0.2161,0.3928,0.3126,Low,45.55,546.6,46,Month-to-month,Electronic check,0,3422,Month-to-month contract | Manual payment method | Electronic check payment,Maintain standard lifecycle communications. Quarterly loyalty rewards & early access to new features. Renewal reminder 60 days before contract expiry.
3780-DDGSE,28.7,0.2868,0.2198,0.3337,0.3839,Low,76.05,912.6,35,Month-to-month,Electronic check,0,3427,Month-to-month contract | Manual payment method | Electronic check payment,Maintain standard lifecycle communications. Quarterly loyalty rewards & early access to new features. Renewal reminder 60 days before contract expiry.
3807-BPOMJ,28.7,0.2872,0.1606,0.4233,0.3994,Low,94.75,1137.0,55,One year,Electronic check,0,3430,Manual payment method | Fiber optic (premium price risk) | Electronic check payment,Maintain standard lifecycle communications. Quarterly loyalty rewards & early access to new features. Renewal reminder 60 days before contract expiry.
3890-RTCMS,28.6,0.2858,0.1549,0.4416,0.3796,Low,49.45,593.4,16,Month-to-month,Mailed check,0,3431,Month-to-month contract | Manual payment method | Paperless billing,Maintain standard lifecycle communications. Quarterly loyalty rewards & early access to new features. Renewal reminder 60 days before contract expiry.
6483-OATDN,28.2,0.2818,0.1707,0.417,0.357,Low,51.3,615.6,8,Month-to-month,Credit card (automatic),0,3466,Month-to-month contract | New customer (0-12 months) | Paperless billing,Maintain standard lifecycle communications. Quarterly loyalty rewards & early access to new features. Renewal reminder 60 days before contract expiry.
3606-SBKRY,28.0,0.2801,0.1841,0.3012,0.4884,Low,50.05,600.6,31,One year,Electronic check,0,3474,Manual payment method | Electronic check payment | Paperless billing,Maintain standard lifecycle communications. Quarterly loyalty rewards & early access to new features. Renewal reminder 60 days before contract expiry.
3373-YZZYM,27.8,0.2783,0.1233,0.4562,0.3987,Low,19.2,230.4,1,Month-to-month,Mailed check,0,3487,Month-to-month contract | Manual payment method | New customer (0-12 months),Maintain standard lifecycle communications. Quarterly loyalty rewards & early access to new features. Renewal reminder 60 days before contract expiry.
5701-ZIKJE,27.6,0.2758,0.1541,0.4038,0.3877,Low,50.55,606.6,13,Month-to-month,Mailed check,0,3506,Month-to-month contract | Manual payment method | Paperless billing,Maintain standard lifecycle communications. Quarterly loyalty rewards & early access to new features. Renewal reminder 60 days before contract expiry.
1697-NVVGY,27.6,0.2758,0.1699,0.3599,0.4145,Low,66.4,796.8,19,Month-to-month,Bank transfer (automatic),0,3508,Month-to-month contract | Senior customer,Maintain standard lifecycle communications. Quarterly loyalty rewards & early access to new features. Renewal reminder 60 days before contract expiry.
2284-VFLKH,27.4,0.2737,0.1607,0.3527,0.4379,Low,99.25,1191.0,49,One year,Credit card (automatic),0,3515,Fiber optic (premium price risk) | Paperless billing | High charge ($99/mo),Maintain standard lifecycle communications. Quarterly loyalty rewards & early access to new features. Renewal reminder 60 days before contract expiry.
4819-HJPIW,27.4,0.274,0.1615,0.3096,0.5019,Low,25.15,301.8,18,Month-to-month,Mailed check,0,3516,Month-to-month contract | Manual payment method | Low engagement (0 services),Maintain standard lifecycle communications. Quarterly loyalty rewards & early access to new features. Renewal reminder 60 days before contract expiry.
8433-WPJTV,27.4,0.2737,0.1659,0.3706,0.398,Low,103.9,1246.8,65,One year,Bank transfer (automatic),0,3518,Fiber optic (premium price risk) | Senior customer | Paperless billing,Maintain standard lifecycle communications. Quarterly loyalty rewards & early access to new features. Renewal reminder 60 days before contract expiry.
2272-JKMSI,27.4,0.2737,0.1545,0.411,0.3658,Low,110.8,1329.6,62,One year,Electronic check,0,3521,Manual payment method | Fiber optic (premium price risk) | Electronic check payment,Maintain standard lifecycle communications. Quarterly loyalty rewards & early access to new features. Renewal reminder 60 days before contract expiry.
6797-UCJHZ,27.2,0.2721,0.1789,0.3259,0.4243,Low,104.6,1255.2,66,One year,Credit card (automatic),0,3534,Fiber optic (premium price risk) | Senior customer | High charge ($105/mo),Maintain standard lifecycle communications. Quarterly loyalty rewards & early access to new features. Renewal reminder 60 days before contract expiry.
3179-GBRWV,27.1,0.2712,0.1803,0.3215,0.423,Low,64.95,779.4,21,Month-to-month,Bank transfer (automatic),0,3544,Month-to-month contract | Senior customer | Paperless billing,Maintain standard lifecycle communications. Quarterly loyalty rewards & early access to new features. Renewal reminder 60 days before contract expiry.
6475-VHUIZ,27.0,0.2697,0.1811,0.3606,0.3547,Low,54.25,651.0,23,Month-to-month,Electronic check,0,3551,Month-to-month contract | Manual payment method | Electronic check payment,Maintain standard lifecycle communications. Quarterly loyalty rewards & early access to new features. Renewal reminder 60 days before contract expiry.
3594-IVHJZ,27.0,0.2701,0.1869,0.2604,0.4926,Low,20.45,245.4,2,Month-to-month,Mailed check,0,3553,Month-to-month contract | Manual payment method | New customer (0-12 months),Maintain standard lifecycle communications. Quarterly loyalty rewards & early access to new features. Renewal reminder 60 days before contract expiry.
0931-MHTEM,26.9,0.2691,0.1678,0.3954,0.3328,Low,100.05,1200.6,54,One year,Credit card (automatic),0,3558,Fiber optic (premium price risk) | Paperless billing | High charge ($100/mo),Maintain standard lifecycle communications. Quarterly loyalty rewards & early access to new features. Renewal reminder 60 days before contract expiry.
7410-KTVFV,26.8,0.2683,0.1572,0.3394,0.4392,Low,49.55,594.6,18,Month-to-month,Mailed check,1,3563,Month-to-month contract | Manual payment method | Paperless billing,Maintain standard lifecycle communications. Quarterly loyalty rewards & early access to new features. Renewal reminder 60 days before contract expiry.
1768-HNVGJ,26.8,0.2678,0.2065,0.2989,0.3746,Low,70.05,840.6,45,Month-to-month,Electronic check,0,3570,Month-to-month contract | Manual payment method | Electronic check payment,Maintain standard lifecycle communications. Quarterly loyalty rewards & early access to new features. Renewal reminder 60 days before contract expiry.
0431-APWVY,26.6,0.2657,0.1118,0.3533,0.5191,Low,90.1,1081.2,28,One year,Bank transfer (automatic),1,3577,Fiber optic (premium price risk) | Paperless billing | Low engagement (2 services),Maintain standard lifecycle communications. Quarterly loyalty rewards & early access to new features. Renewal reminder 60 days before contract expiry.
2458-EOMRE,26.6,0.266,0.1585,0.3507,0.4075,Low,64.05,768.6,11,Month-to-month,Bank transfer (automatic),0,3580,Month-to-month contract | New customer (0-12 months),Maintain standard lifecycle communications. Quarterly loyalty rewards & early access to new features. Renewal reminder 60 days before contract expiry.
8182-PNAGI,26.4,0.2641,0.1444,0.4214,0.3272,Low,50.25,603.0,12,Month-to-month,Bank transfer (automatic),1,3598,Month-to-month contract | New customer (0-12 months) | Low engagement (1 services),Maintain standard lifecycle communications. Quarterly loyalty rewards & early access to new features. Renewal reminder 60 days before contract expiry.
7789-CRUVC,26.4,0.264,0.1454,0.3781,0.3893,Low,94.2,1130.4,61,Month-to-month,Credit card (automatic),0,3601,Month-to-month contract | Fiber optic (premium price risk) | Senior customer,Maintain standard lifecycle communications. Quarterly loyalty rewards & early access to new features. Renewal reminder 60 days before contract expiry.
8739-QOTTN,26.3,0.2628,0.1597,0.3259,0.4262,Low,20.35,244.2,2,Month-to-month,Mailed check,0,3603,Month-to-month contract | Manual payment method | New customer (0-12 months),Maintain standard lifecycle communications. Quarterly loyalty rewards & early access to new features. Renewal reminder 60 days before contract expiry.
9494-BDNNC,26.3,0.2631,0.1748,0.376,0.3142,Low,95.3,1143.6,66,One year,Electronic check,0,3605,Manual payment method | Fiber optic (premium price risk) | Electronic check payment,Maintain standard lifecycle communications. Quarterly loyalty rewards & early access to new features. Renewal reminder 60 days before contract expiry.
5144-PQCDZ,26.3,0.2631,0.1726,0.2766,0.4693,Low,19.95,239.4,4,Month-to-month,Mailed check,0,3608,Month-to-month contract | Manual payment method | New customer (0-12 months),Maintain standard lifecycle communications. Quarterly loyalty rewards & early access to new features. Renewal reminder 60 days before contract expiry.
7926-IJOOU,26.2,0.2624,0.1838,0.3282,0.3603,Low,19.3,231.6,1,Month-to-month,Credit card (automatic),0,3613,Month-to-month contract | New customer (0-12 months) | Low engagement (0 services),Maintain standard lifecycle communications. Quarterly loyalty rewards & early access to new features. Renewal reminder 60 days before contract expiry.
2839-RFSQE,26.0,0.2596,0.1663,0.3046,0.4254,Low,20.65,247.8,2,Month-to-month,Mailed check,1,3624,Month-to-month contract | Manual payment method | New customer (0-12 months),Maintain standard lifecycle communications. Quarterly loyalty rewards & early access to new features. Renewal reminder 60 days before contract expiry.
5469-CTCWN,26.0,0.2598,0.1447,0.3954,0.3441,Low,106.0,1272.0,61,One year,Electronic check,1,3631,Manual payment method | Fiber optic (premium price risk) | Electronic check payment,Maintain standard lifecycle communications. Quarterly loyalty rewards & early access to new features. Renewal reminder 60 days before contract expiry.
0723-VSOBE,25.8,0.2583,0.1895,0.3218,0.3351,Low,34.2,410.4,45,One year,Electronic check,0,3644,Manual payment method | Electronic check payment | Senior customer,Maintain standard lifecycle communications. Quarterly loyalty rewards & early access to new features. Renewal reminder 60 days before contract expiry.
6668-CNMFP,25.8,0.2579,0.1098,0.3328,0.516,Low,89.35,1072.2,19,One year,Bank transfer (automatic),0,3645,Fiber optic (premium price risk) | Paperless billing | High charge ($89/mo),Maintain standard lifecycle communications. Quarterly loyalty rewards & early access to new features. Renewal reminder 60 days before contract expiry.
1395-OFUWC,25.7,0.2567,0.1701,0.3851,0.2807,Low,29.3,351.6,43,Month-to-month,Credit card (automatic),0,3647,Month-to-month contract | Low engagement (1 services),Maintain standard lifecycle communications. Quarterly loyalty rewards & early access to new features. Renewal reminder 60 days before contract expiry.
2165-VOEGB,25.6,0.2557,0.1806,0.3776,0.2609,Low,105.2,1262.4,46,One year,Bank transfer (automatic),1,3664,Fiber optic (premium price risk) | Paperless billing | High charge ($105/mo),Maintain standard lifecycle communications. Quarterly loyalty rewards & early access to new features. Renewal reminder 60 days before contract expiry.
0690-SRQID,25.3,0.2532,0.1564,0.2664,0.4756,Low,19.65,235.8,4,Month-to-month,Mailed check,0,3677,Month-to-month contract | Manual payment method | New customer (0-12 months),Maintain standard lifecycle communications. Quarterly loyalty rewards & early access to new features. Renewal reminder 60 days before contract expiry.
6258-NGCNG,25.3,0.2532,0.116,0.3355,0.4725,Low,23.5,282.0,7,Month-to-month,Mailed check,0,3682,Month-to-month contract | Manual payment method | New customer (0-12 months),Maintain standard lifecycle communications. Quarterly loyalty rewards & early access to new features. Renewal reminder 60 days before contract expiry.
0701-TJSEF,25.2,0.2523,0.1642,0.2981,0.4037,Low,68.25,819.0,9,Month-to-month,Bank transfer (automatic),0,3686,Month-to-month contract | New customer (0-12 months) | Paperless billing,Maintain standard lifecycle communications. Quarterly loyalty rewards & early access to new features. Renewal reminder 60 days before contract expiry.
5027-YOCXN,25.1,0.2508,0.1665,0.382,0.2645,Low,110.05,1320.6,51,One year,Credit card (automatic),0,3692,Fiber optic (premium price risk) | High charge ($110/mo),Maintain standard lifecycle communications. Quarterly loyalty rewards & early access to new features. Renewal reminder 60 days before contract expiry.
3977-QCRSL,24.7,0.2472,0.1419,0.3188,0.4029,Low,20.15,241.8,5,Month-to-month,Mailed check,0,3720,Month-to-month contract | Manual payment method | New customer (0-12 months),Maintain standard lifecycle communications. Quarterly loyalty rewards & early access to new features. Renewal reminder 60 days before contract expiry.
6599-GZWCM,24.7,0.247,0.0771,0.3857,0.4635,Low,74.65,895.8,13,One year,Mailed check,0,3722,Manual payment method | Fiber optic (premium price risk) | Paperless billing,Maintain standard lifecycle communications. Quarterly loyalty rewards & early access to new features. Renewal reminder 60 days before contract expiry.
5240-CAOYT,24.7,0.2469,0.1562,0.3317,0.3467,Low,87.55,1050.6,57,Month-to-month,Bank transfer (automatic),0,3723,Month-to-month contract | Fiber optic (premium price risk) | Paperless billing,Maintain standard lifecycle communications. Quarterly loyalty rewards & early access to new features. Renewal reminder 60 days before contract expiry.
3413-CSSTH,24.7,0.2468,0.14,0.324,0.3982,Low,55.7,668.4,41,Month-to-month,Bank transfer (automatic),0,3724,Month-to-month contract | Paperless billing | Low engagement (2 services),Maintain standard lifecycle communications. Quarterly loyalty rewards & early access to new features. Renewal reminder 60 days before contract expiry.
8375-KVTHK,24.6,0.2458,0.1627,0.3599,0.2821,Low,100.3,1203.6,68,One year,Electronic check,0,3725,Manual payment method | Fiber optic (premium price risk) | Electronic check payment,Maintain standard lifecycle communications. Quarterly loyalty rewards & early access to new features. Renewal reminder 60 days before contract expiry.
2732-ISEZX,24.6,0.2462,0.1668,0.2378,0.4574,Low,20.5,246.0,5,Month-to-month,Mailed check,0,3728,Month-to-month contract | Manual payment method | New customer (0-12 months),Maintain standard lifecycle communications. Quarterly loyalty rewards & early access to new features. Renewal reminder 60 days before contract expiry.
4237-CLSMM,24.6,0.2464,0.1436,0.2975,0.4269,Low,20.0,240.0,2,Month-to-month,Mailed check,0,3731,Month-to-month contract | Manual payment method | New customer (0-12 months),Maintain standard lifecycle communications. Quarterly loyalty rewards & early access to new features. Renewal reminder 60 days before contract expiry.
5702-SKUOB,24.5,0.245,0.1419,0.3019,0.4173,Low,19.6,235.2,4,Month-to-month,Mailed check,0,3734,Month-to-month contract | Manual payment method | New customer (0-12 months),Maintain standard lifecycle communications. Quarterly loyalty rewards & early access to new features. Renewal reminder 60 days before contract expiry.
9139-WQQDY,24.4,0.2435,0.1499,0.3228,0.3587,Low,100.45,1205.4,49,One year,Mailed check,1,3743,Manual payment method | Fiber optic (premium price risk) | High charge ($100/mo),Maintain standard lifecycle communications. Quarterly loyalty rewards & early access to new features. Renewal reminder 60 days before contract expiry.
4869-EPIUS,24.4,0.244,0.1439,0.3257,0.3717,Low,80.9,970.8,56,One year,Electronic check,0,3746,Manual payment method | Fiber optic (premium price risk) | Electronic check payment,Maintain standard lifecycle communications. Quarterly loyalty rewards & early access to new features. Renewal reminder 60 days before contract expiry.
5198-HQAEN,24.4,0.2443,0.0938,0.4383,0.3298,Low,89.7,1076.4,35,One year,Electronic check,0,3747,Manual payment method | Fiber optic (premium price risk) | Electronic check payment,Maintain standard lifecycle communications. Quarterly loyalty rewards & early access to new features. Renewal reminder 60 days before contract expiry.
2843-CQMEG,24.2,0.2418,0.1448,0.3368,0.342,Low,49.7,596.4,24,Month-to-month,Mailed check,0,3750,Month-to-month contract | Manual payment method | Paperless billing,Maintain standard lifecycle communications. Quarterly loyalty rewards & early access to new features. Renewal reminder 60 days before contract expiry.
7629-WIXZF,24.2,0.2419,0.1339,0.3411,0.3631,Low,59.1,709.2,7,One year,Electronic check,0,3752,Manual payment method | New customer (0-12 months) | Electronic check payment,Maintain standard lifecycle communications. Quarterly loyalty rewards & early access to new features. Renewal reminder 60 days before contract expiry.
0345-XMMUG,24.2,0.2419,0.1466,0.3471,0.3222,Low,108.9,1306.8,46,Two year,Credit card (automatic),0,3753,Fiber optic (premium price risk) | Paperless billing | High charge ($109/mo),Maintain standard lifecycle communications. Quarterly loyalty rewards & early access to new features. Renewal reminder 60 days before contract expiry.
0733-VUNUW,24.2,0.2418,0.1363,0.3134,0.3983,Low,55.65,667.8,24,Month-to-month,Bank transfer (automatic),1,3755,Month-to-month contract | Paperless billing | Low engagement (2 services),Maintain standard lifecycle communications. Quarterly loyalty rewards & early access to new features. Renewal reminder 60 days before contract expiry.
3313-QKNKB,24.2,0.2424,0.1301,0.3402,0.3763,Low,85.55,1026.6,59,One year,Electronic check,1,3759,Manual payment method | Fiber optic (premium price risk) | Electronic check payment,Maintain standard lifecycle communications. Quarterly loyalty rewards & early access to new features. Renewal reminder 60 days before contract expiry.
7808-DVWEP,24.1,0.2409,0.1407,0.363,0.3083,Low,20.0,240.0,3,Month-to-month,Bank transfer (automatic),0,3761,Month-to-month contract | New customer (0-12 months) | Low engagement (0 services),Maintain standard lifecycle communications. Quarterly loyalty rewards & early access to new features. Renewal reminder 60 days before contract expiry.
4075-JFPGR,24.1,0.2406,0.1048,0.4055,0.3329,Low,93.5,1122.0,51,One year,Electronic check,0,3762,Manual payment method | Fiber optic (premium price risk) | Electronic check payment,Maintain standard lifecycle communications. Quarterly loyalty rewards & early access to new features. Renewal reminder 60 days before contract expiry.
3363-EWLGO,24.0,0.2396,0.1419,0.2923,0.4046,Low,19.95,239.4,5,Month-to-month,Mailed check,0,3770,Month-to-month contract | Manual payment method | New customer (0-12 months),Maintain standard lifecycle communications. Quarterly loyalty rewards & early access to new features. Renewal reminder 60 days before contract expiry.
1229-RCALF,23.9,0.2389,0.1543,0.3153,0.3359,Low,115.0,1380.0,64,One year,Electronic check,0,3777,Manual payment method | Fiber optic (premium price risk) | Electronic check payment,Maintain standard lifecycle communications. Quarterly loyalty rewards & early access to new features. Renewal reminder 60 days before contract expiry.
0447-BEMNG,23.9,0.2387,0.1666,0.2872,0.346,Low,45.3,543.6,48,Month-to-month,Bank transfer (automatic),1,3779,Month-to-month contract | Paperless billing,Maintain standard lifecycle communications. Quarterly loyalty rewards & early access to new features. Renewal reminder 60 days before contract expiry.
5067-DGXLL,23.9,0.2392,0.1436,0.273,0.4276,Low,20.25,243.0,2,Month-to-month,Mailed check,0,3781,Month-to-month contract | Manual payment method | New customer (0-12 months),Maintain standard lifecycle communications. Quarterly loyalty rewards & early access to new features. Renewal reminder 60 days before contract expiry.
7502-BNYGS,23.9,0.2388,0.1655,0.2398,0.4204,Low,69.1,829.2,46,Month-to-month,Credit card (automatic),0,3783,Month-to-month contract | Paperless billing,Maintain standard lifecycle communications. Quarterly loyalty rewards & early access to new features. Renewal reminder 60 days before contract expiry.
7750-EYXWZ,23.8,0.2377,0.1346,0.2922,0.4138,Low,60.65,727.8,12,One year,Electronic check,0,3791,Manual payment method | New customer (0-12 months) | Electronic check payment,Maintain standard lifecycle communications. Quarterly loyalty rewards & early access to new features. Renewal reminder 60 days before contract expiry.
5562-YJQGT,23.8,0.2381,0.1479,0.3226,0.3369,Low,20.35,244.2,2,Month-to-month,Credit card (automatic),0,3796,Month-to-month contract | New customer (0-12 months) | Low engagement (0 services),Maintain standard lifecycle communications. Quarterly loyalty rewards & early access to new features. Renewal reminder 60 days before contract expiry.
1222-LRYKO,23.7,0.2371,0.1116,0.3428,0.3922,Low,26.35,316.2,6,Month-to-month,Mailed check,0,3798,Month-to-month contract | Manual payment method | New customer (0-12 months),Maintain standard lifecycle communications. Quarterly loyalty rewards & early access to new features. Renewal reminder 60 days before contract expiry.
3682-YEUWS,23.7,0.2374,0.1351,0.2791,0.4307,Low,24.4,292.8,10,Month-to-month,Mailed check,0,3799,Month-to-month contract | Manual payment method | New customer (0-12 months),Maintain standard lifecycle communications. Quarterly loyalty rewards & early access to new features. Renewal reminder 60 days before contract expiry.
4190-MFLUW,23.7,0.2373,0.1516,0.3292,0.3139,Low,55.2,662.4,10,Month-to-month,Credit card (automatic),1,3801,Month-to-month contract | New customer (0-12 months) | Low engagement (2 services),Maintain standard lifecycle communications. Quarterly loyalty rewards & early access to new features. Renewal reminder 60 days before contract expiry.
8930-XOTDP,23.4,0.2343,0.1354,0.3021,0.38,Low,55.95,671.4,18,Month-to-month,Mailed check,0,3817,Month-to-month contract | Manual payment method | Low engagement (1 services),Maintain standard lifecycle communications. Quarterly loyalty rewards & early access to new features. Renewal reminder 60 days before contract expiry.
4184-VODJZ,23.3,0.2332,0.1159,0.3725,0.3176,Low,91.35,1096.2,63,One year,Electronic check,0,3829,Manual payment method | Fiber optic (premium price risk) | Electronic check payment,Maintain standard lifecycle communications. Quarterly loyalty rewards & early access to new features. Renewal reminder 60 days before contract expiry.
6345-ULYRW,23.2,0.2322,0.0973,0.3214,0.4357,Low,88.4,1060.8,44,One year,Mailed check,1,3836,Manual payment method | Fiber optic (premium price risk) | Senior customer,Maintain standard lifecycle communications. Quarterly loyalty rewards & early access to new features. Renewal reminder 60 days before contract expiry.
6806-YDEUL,23.2,0.2317,0.1467,0.3022,0.3383,Low,19.5,234.0,6,Month-to-month,Bank transfer (automatic),0,3837,Month-to-month contract | New customer (0-12 months) | Senior customer,Maintain standard lifecycle communications. Quarterly loyalty rewards & early access to new features. Renewal reminder 60 days before contract expiry.
2748-MYRVK,23.1,0.2311,0.1356,0.3051,0.3587,Low,99.9,1198.8,63,One year,Bank transfer (automatic),1,3844,Fiber optic (premium price risk) | High charge ($100/mo),Maintain standard lifecycle communications. Quarterly loyalty rewards & early access to new features. Renewal reminder 60 days before contract expiry.
1004-NOZNR,23.0,0.23,0.1546,0.3118,0.2959,Low,94.8,1137.6,56,One year,Credit card (automatic),0,3847,Fiber optic (premium price risk) | Senior customer | High charge ($95/mo),Maintain standard lifecycle communications. Quarterly loyalty rewards & early access to new features. Renewal reminder 60 days before contract expiry.
5876-HZVZM,23.0,0.2295,0.1445,0.331,0.29,Low,55.9,670.8,6,Month-to-month,Credit card (automatic),1,3854,Month-to-month contract | New customer (0-12 months) | Low engagement (2 services),Maintain standard lifecycle communications. Quarterly loyalty rewards & early access to new features. Renewal reminder 60 days before contract expiry.
2758-RNWXS,22.9,0.2294,0.0872,0.3919,0.3414,Low,89.2,1070.4,35,One year,Electronic check,0,3857,Manual payment method | Fiber optic (premium price risk) | Electronic check payment,Maintain standard lifecycle communications. Quarterly loyalty rewards & early access to new features. Renewal reminder 60 days before contract expiry.
8652-YHIYU,22.9,0.2295,0.0816,0.3045,0.4865,Low,79.5,954.0,16,One year,Credit card (automatic),0,3860,Fiber optic (premium price risk) | Paperless billing | Low engagement (2 services),Maintain standard lifecycle communications. Quarterly loyalty rewards & early access to new features. Renewal reminder 60 days before contract expiry.
9986-BONCE,22.8,0.2276,0.1486,0.3136,0.2961,Low,20.95,251.4,4,Month-to-month,Bank transfer (automatic),1,3869,Month-to-month contract | New customer (0-12 months) | Low engagement (0 services),Maintain standard lifecycle communications. Quarterly loyalty rewards & early access to new features. Renewal reminder 60 days before contract expiry.
9496-IVVRP,22.6,0.2262,0.1344,0.3493,0.2708,Low,51.0,612.0,11,Month-to-month,Bank transfer (automatic),0,3883,Month-to-month contract | New customer (0-12 months) | Low engagement (1 services),Maintain standard lifecycle communications. Quarterly loyalty rewards & early access to new features. Renewal reminder 60 days before contract expiry.
8970-ANWXO,22.5,0.2252,0.1154,0.3176,0.3608,Low,73.75,885.0,23,One year,Mailed check,0,3895,Manual payment method | Paperless billing,Maintain standard lifecycle communications. Quarterly loyalty rewards & early access to new features. Renewal reminder 60 days before contract expiry.
2908-ZTPNF,22.5,0.2249,0.1325,0.3227,0.3088,Low,34.85,418.2,36,Month-to-month,Bank transfer (automatic),0,3899,Month-to-month contract | Paperless billing | Low engagement (2 services),Maintain standard lifecycle communications. Quarterly loyalty rewards & early access to new features. Renewal reminder 60 days before contract expiry.
3126-WQMGH,22.4,0.2242,0.1473,0.29,0.3175,Low,52.15,625.8,49,Month-to-month,Credit card (automatic),0,3903,Month-to-month contract | Paperless billing | Low engagement (1 services),Maintain standard lifecycle communications. Quarterly loyalty rewards & early access to new features. Renewal reminder 60 days before contract expiry.
2659-VXMWZ,22.3,0.2226,0.138,0.3003,0.3176,Low,111.3,1335.6,67,One year,Electronic check,1,3911,Manual payment method | Fiber optic (premium price risk) | Electronic check payment,Maintain standard lifecycle communications. Quarterly loyalty rewards & early access to new features. Renewal reminder 60 days before contract expiry.
5014-WUQMG,22.2,0.2222,0.1233,0.3486,0.2799,Low,96.1,1153.2,47,One year,Electronic check,0,3919,Manual payment method | Fiber optic (premium price risk) | Electronic check payment,Maintain standard lifecycle communications. Quarterly loyalty rewards & early access to new features. Renewal reminder 60 days before contract expiry.
3694-GLTJM,22.2,0.2218,0.1546,0.2327,0.3738,Low,19.65,235.8,5,Month-to-month,Credit card (automatic),0,3920,Month-to-month contract | New customer (0-12 months) | Paperless billing,Maintain standard lifecycle communications. Quarterly loyalty rewards & early access to new features. Renewal reminder 60 days before contract expiry.
5268-DSMNQ,22.1,0.2209,0.1178,0.2838,0.3844,Low,97.95,1175.4,62,One year,Credit card (automatic),0,3922,Fiber optic (premium price risk) | Senior customer | Paperless billing,Maintain standard lifecycle communications. Quarterly loyalty rewards & early access to new features. Renewal reminder 60 days before contract expiry.
2091-MJTFX,22.1,0.2207,0.1205,0.2477,0.4306,Low,51.2,614.4,30,Month-to-month,Credit card (automatic),1,3925,Month-to-month contract,Maintain standard lifecycle communications. Quarterly loyalty rewards & early access to new features. Renewal reminder 60 days before contract expiry.
5555-RNPGT,22.1,0.2208,0.1137,0.3594,0.2806,Low,24.8,297.6,10,Month-to-month,Credit card (automatic),0,3929,Month-to-month contract | New customer (0-12 months) | Low engagement (1 services),Maintain standard lifecycle communications. Quarterly loyalty rewards & early access to new features. Renewal reminder 60 days before contract expiry.
3537-RYBHH,21.9,0.2195,0.156,0.2836,0.282,Low,67.45,809.4,47,Month-to-month,Credit card (automatic),0,3939,Month-to-month contract | Senior customer | Paperless billing,Maintain standard lifecycle communications. Quarterly loyalty rewards & early access to new features. Renewal reminder 60 days before contract expiry.
9586-JGQKH,21.9,0.2188,0.1597,0.3302,0.1994,Low,105.4,1264.8,64,Two year,Bank transfer (automatic),0,3944,Fiber optic (premium price risk) | Paperless billing | High charge ($105/mo),Maintain standard lifecycle communications. Quarterly loyalty rewards & early access to new features. Renewal reminder 60 days before contract expiry.
4701-AHWMW,21.8,0.2176,0.1428,0.2323,0.3826,Low,54.55,654.6,55,Month-to-month,Bank transfer (automatic),1,3948,Month-to-month contract | Paperless billing,Maintain standard lifecycle communications. Quarterly loyalty rewards & early access to new features. Renewal reminder 60 days before contract expiry.
3450-WXOAT,21.7,0.2168,0.1279,0.3156,0.2907,Low,45.2,542.4,46,Month-to-month,Credit card (automatic),0,3961,Month-to-month contract | Paperless billing | Low engagement (0 services),Maintain standard lifecycle communications. Quarterly loyalty rewards & early access to new features. Renewal reminder 60 days before contract expiry.
0440-QEXBZ,21.7,0.2174,0.1352,0.2824,0.3254,Low,50.15,601.8,44,Month-to-month,Mailed check,0,3964,Month-to-month contract | Manual payment method | Paperless billing,Maintain standard lifecycle communications. Quarterly loyalty rewards & early access to new features. Renewal reminder 60 days before contract expiry.
9039-RBEEE,21.6,0.2159,0.1342,0.2628,0.35,Low,48.95,587.4,39,Month-to-month,Credit card (automatic),1,3970,Month-to-month contract | Paperless billing,Maintain standard lifecycle communications. Quarterly loyalty rewards & early access to new features. Renewal reminder 60 days before contract expiry.
1707-HABPF,21.6,0.2161,0.1037,0.2623,0.4278,Low,91.3,1095.6,46,One year,Bank transfer (automatic),0,3974,Fiber optic (premium price risk) | Senior customer | Paperless billing,Maintain standard lifecycle communications. Quarterly loyalty rewards & early access to new features. Renewal reminder 60 days before contract expiry.
3156-QLHBO,21.5,0.2155,0.126,0.245,0.3948,Low,19.25,231.0,2,Month-to-month,Mailed check,0,3978,Month-to-month contract | Manual payment method | New customer (0-12 months),Maintain standard lifecycle communications. Quarterly loyalty rewards & early access to new features. Renewal reminder 60 days before contract expiry.
5985-BEHZK,21.4,0.2142,0.1351,0.2317,0.3856,Low,105.0,1260.0,72,One year,Credit card (automatic),0,3983,Fiber optic (premium price risk) | Senior customer | High charge ($105/mo),Maintain standard lifecycle communications. Quarterly loyalty rewards & early access to new features. Renewal reminder 60 days before contract expiry.
0750-EBAIU,21.3,0.2128,0.091,0.3698,0.2817,Low,91.25,1095.0,52,One year,Electronic check,0,3993,Manual payment method | Fiber optic (premium price risk) | Electronic check payment,Maintain standard lifecycle communications. Quarterly loyalty rewards & early access to new features. Renewal reminder 60 days before contract expiry.
8409-WQJUX,21.3,0.2126,0.1446,0.1842,0.425,Low,54.2,650.4,25,One year,Electronic check,0,3995,Manual payment method | Electronic check payment,Maintain standard lifecycle communications. Quarterly loyalty rewards & early access to new features. Renewal reminder 60 days before contract expiry.
8402-EIVQS,21.2,0.2115,0.1289,0.3269,0.245,Low,100.9,1210.8,67,One year,Credit card (automatic),0,4002,Fiber optic (premium price risk) | Paperless billing | High charge ($101/mo),Maintain standard lifecycle communications. Quarterly loyalty rewards & early access to new features. Renewal reminder 60 days before contract expiry.
9128-CPXKI,21.1,0.2113,0.1011,0.3771,0.238,Low,95.8,1149.6,59,Two year,Electronic check,0,4010,Manual payment method | Fiber optic (premium price risk) | Electronic check payment,Maintain standard lifecycle communications. Quarterly loyalty rewards & early access to new features. Renewal reminder 60 days before contract expiry.
4946-EDSEW,21.1,0.2111,0.1063,0.2934,0.3496,Low,19.25,231.0,11,Month-to-month,Mailed check,1,4011,Month-to-month contract | Manual payment method | New customer (0-12 months),Maintain standard lifecycle communications. Quarterly loyalty rewards & early access to new features. Renewal reminder 60 days before contract expiry.
4489-SNOJF,21.1,0.211,0.1457,0.2652,0.2928,Low,72.25,867.0,35,Month-to-month,Electronic check,1,4012,Month-to-month contract | Manual payment method | Electronic check payment,Maintain standard lifecycle communications. Quarterly loyalty rewards & early access to new features. Renewal reminder 60 days before contract expiry.
6732-FZUGP,21.1,0.2109,0.1109,0.2605,0.3865,Low,94.9,1138.8,47,One year,Credit card (automatic),0,4013,Fiber optic (premium price risk) | High charge ($95/mo),Maintain standard lifecycle communications. Quarterly loyalty rewards & early access to new features. Renewal reminder 60 days before contract expiry.
8053-WWDRO,21.0,0.2104,0.1037,0.3324,0.2942,Low,19.5,234.0,6,Month-to-month,Bank transfer (automatic),1,4015,Month-to-month contract | New customer (0-12 months) | Low engagement (0 services),Maintain standard lifecycle communications. Quarterly loyalty rewards & early access to new features. Renewal reminder 60 days before contract expiry.
3011-WQKSZ,20.9,0.2089,0.1342,0.2919,0.2708,Low,20.0,240.0,19,Month-to-month,Electronic check,0,4022,Month-to-month contract | Manual payment method | Electronic check payment,Maintain standard lifecycle communications. Quarterly loyalty rewards & early access to new features. Renewal reminder 60 days before contract expiry.
2159-TURXX,20.9,0.2087,0.1383,0.2594,0.3087,Low,20.05,240.6,5,Month-to-month,Credit card (automatic),0,4024,Month-to-month contract | New customer (0-12 months) | Low engagement (0 services),Maintain standard lifecycle communications. Quarterly loyalty rewards & early access to new features. Renewal reminder 60 days before contract expiry.
3638-DIMPH,20.9,0.209,0.0928,0.3051,0.3553,Low,43.8,525.6,13,One year,Electronic check,0,4029,Manual payment method | Electronic check payment | Low engagement (0 services),Maintain standard lifecycle communications. Quarterly loyalty rewards & early access to new features. Renewal reminder 60 days before contract expiry.
5955-EPOAZ,20.8,0.2085,0.1145,0.2129,0.4368,Low,20.95,251.4,6,Month-to-month,Mailed check,0,4033,Month-to-month contract | Manual payment method | New customer (0-12 months),Maintain standard lifecycle communications. Quarterly loyalty rewards & early access to new features. Renewal reminder 60 days before contract expiry.
4365-MSDYN,20.8,0.2077,0.1284,0.2639,0.3218,Low,19.55,234.6,8,Month-to-month,Bank transfer (automatic),0,4041,Month-to-month contract | New customer (0-12 months) | Paperless billing,Maintain standard lifecycle communications. Quarterly loyalty rewards & early access to new features. Renewal reminder 60 days before contract expiry.
2599-CZABP,20.8,0.2085,0.0928,0.3191,0.3319,Low,44.6,535.2,14,One year,Electronic check,0,4043,Manual payment method | Electronic check payment | Low engagement (0 services),Maintain standard lifecycle communications. Quarterly loyalty rewards & early access to new features. Renewal reminder 60 days before contract expiry.
7868-BGSZA,20.6,0.2062,0.1167,0.2702,0.3338,Low,80.2,962.4,43,One year,Electronic check,0,4054,Manual payment method | Electronic check payment | Paperless billing,Maintain standard lifecycle communications. Quarterly loyalty rewards & early access to new features. Renewal reminder 60 days before contract expiry.
9391-DXGGG,20.6,0.2065,0.095,0.2432,0.4302,Low,89.15,1069.8,44,One year,Credit card (automatic),0,4057,Fiber optic (premium price risk) | Senior customer | High charge ($89/mo),Maintain standard lifecycle communications. Quarterly loyalty rewards & early access to new features. Renewal reminder 60 days before contract expiry.
3391-JSQEW,20.5,0.2051,0.1309,0.2934,0.258,Low,50.15,601.8,40,Month-to-month,Mailed check,0,4059,Month-to-month contract | Manual payment method | Paperless billing,Maintain standard lifecycle communications. Quarterly loyalty rewards & early access to new features. Renewal reminder 60 days before contract expiry.
8929-KSWIH,20.5,0.2049,0.1152,0.2963,0.2922,Low,99.3,1191.6,25,Two year,Bank transfer (automatic),0,4060,Fiber optic (premium price risk) | High charge ($99/mo),Maintain standard lifecycle communications. Quarterly loyalty rewards & early access to new features. Renewal reminder 60 days before contract expiry.
0744-GKNGE,20.4,0.2043,0.1426,0.2882,0.2325,Low,86.8,1041.6,64,Month-to-month,Bank transfer (automatic),0,4063,Month-to-month contract | Fiber optic (premium price risk) | Paperless billing,Maintain standard lifecycle communications. Quarterly loyalty rewards & early access to new features. Renewal reminder 60 days before contract expiry.
6661-EIPZC,20.4,0.2039,0.12,0.3076,0.2582,Low,29.5,354.0,48,Month-to-month,Credit card (automatic),0,4068,Month-to-month contract | Paperless billing | Low engagement (1 services),Maintain standard lifecycle communications. Quarterly loyalty rewards & early access to new features. Renewal reminder 60 days before contract expiry.
3675-EQOZA,20.3,0.2034,0.1313,0.2685,0.2859,Low,20.65,247.8,5,Month-to-month,Bank transfer (automatic),0,4074,Month-to-month contract | New customer (0-12 months) | Low engagement (0 services),Maintain standard lifecycle communications. Quarterly loyalty rewards & early access to new features. Renewal reminder 60 days before contract expiry.
3099-OONVS,20.2,0.2022,0.1268,0.3237,0.2086,Low,54.3,651.6,25,Month-to-month,Electronic check,0,4080,Month-to-month contract | Manual payment method | Electronic check payment,Maintain standard lifecycle communications. Quarterly loyalty rewards & early access to new features. Renewal reminder 60 days before contract expiry.
6164-HXUGH,20.2,0.2022,0.0887,0.2999,0.3393,Low,19.85,238.2,6,Month-to-month,Mailed check,0,4082,Month-to-month contract | Manual payment method | New customer (0-12 months),Maintain standard lifecycle communications. Quarterly loyalty rewards & early access to new features. Renewal reminder 60 days before contract expiry.
5236-PERKL,20.1,0.2011,0.1019,0.3576,0.2143,Low,112.95,1355.4,57,Two year,Bank transfer (automatic),1,4088,Fiber optic (premium price risk) | Paperless billing | High charge ($113/mo),Maintain standard lifecycle communications. Quarterly loyalty rewards & early access to new features. Renewal reminder 60 days before contract expiry.
9025-ZRPVR,20.1,0.2013,0.1129,0.1945,0.4327,Low,18.95,227.4,9,Month-to-month,Mailed check,1,4089,Month-to-month contract | Manual payment method | New customer (0-12 months),Maintain standard lifecycle communications. Quarterly loyalty rewards & early access to new features. Renewal reminder 60 days before contract expiry.
1735-XMJVH,19.9,0.1994,0.1003,0.2444,0.3798,Low,19.35,232.2,8,Month-to-month,Mailed check,0,4104,Month-to-month contract | Manual payment method | New customer (0-12 months),Maintain standard lifecycle communications. Quarterly loyalty rewards & early access to new features. Renewal reminder 60 days before contract expiry.
6671-NGWON,19.8,0.1981,0.1037,0.2363,0.3766,Low,20.35,244.2,7,Month-to-month,Mailed check,0,4117,Month-to-month contract | Manual payment method | New customer (0-12 months),Maintain standard lifecycle communications. Quarterly loyalty rewards & early access to new features. Renewal reminder 60 days before contract expiry.
0895-LMRSF,19.8,0.1982,0.1003,0.2351,0.3874,Low,64.9,778.8,23,One year,Bank transfer (automatic),0,4119,Paperless billing | Low engagement (2 services),Maintain standard lifecycle communications. Quarterly loyalty rewards & early access to new features. Renewal reminder 60 days before contract expiry.
3530-CRZSB,19.7,0.197,0.1037,0.2351,0.3728,Low,20.65,247.8,7,Month-to-month,Mailed check,0,4123,Month-to-month contract | Manual payment method | New customer (0-12 months),Maintain standard lifecycle communications. Quarterly loyalty rewards & early access to new features. Renewal reminder 60 days before contract expiry.
9092-GDZKO,19.7,0.1966,0.1208,0.2404,0.3202,Low,24.85,298.2,22,Month-to-month,Credit card (automatic),0,4126,Month-to-month contract | Paperless billing | Low engagement (1 services),Maintain standard lifecycle communications. Quarterly loyalty rewards & early access to new features. Renewal reminder 60 days before contract expiry.
0128-MKWSG,19.7,0.1971,0.1197,0.2836,0.2608,Low,45.8,549.6,26,Month-to-month,Mailed check,0,4127,Month-to-month contract | Manual payment method,Maintain standard lifecycle communications. Quarterly loyalty rewards & early access to new features. Renewal reminder 60 days before contract expiry.
7629-WFGLW,19.7,0.1967,0.1018,0.3364,0.2245,Low,95.65,1147.8,56,One year,Electronic check,0,4131,Manual payment method | Fiber optic (premium price risk) | Electronic check payment,Maintain standard lifecycle communications. Quarterly loyalty rewards & early access to new features. Renewal reminder 60 days before contract expiry.
5360-LJCNJ,19.6,0.1962,0.1102,0.3167,0.2308,Low,105.15,1261.8,71,Two year,Bank transfer (automatic),0,4137,Fiber optic (premium price risk) | Paperless billing | High charge ($105/mo),Maintain standard lifecycle communications. Quarterly loyalty rewards & early access to new features. Renewal reminder 60 days before contract expiry.
5445-PZWGX,19.5,0.1954,0.1055,0.341,0.202,Low,102.0,1224.0,62,One year,Electronic check,1,4141,Manual payment method | Fiber optic (premium price risk) | Electronic check payment,Maintain standard lifecycle communications. Quarterly loyalty rewards & early access to new features. Renewal reminder 60 days before contract expiry.
1376-HHBDV,19.5,0.1952,0.109,0.2944,0.2618,Low,48.8,585.6,30,Month-to-month,Mailed check,0,4142,Month-to-month contract | Manual payment method | Paperless billing,Maintain standard lifecycle communications. Quarterly loyalty rewards & early access to new features. Renewal reminder 60 days before contract expiry.
1140-UKVZG,19.5,0.1946,0.0996,0.3016,0.2714,Low,24.8,297.6,17,Month-to-month,Mailed check,0,4144,Month-to-month contract | Manual payment method | Low engagement (1 services),Maintain standard lifecycle communications. Quarterly loyalty rewards & early access to new features. Renewal reminder 60 days before contract expiry.
9138-EFSMO,19.3,0.1927,0.0713,0.2598,0.3955,Low,78.95,947.4,26,One year,Bank transfer (automatic),0,4154,Fiber optic (premium price risk) | Low engagement (1 services),Maintain standard lifecycle communications. Quarterly loyalty rewards & early access to new features. Renewal reminder 60 days before contract expiry.
7036-ZZKBD,19.3,0.193,0.1161,0.2198,0.3451,Low,66.4,796.8,31,Month-to-month,Credit card (automatic),0,4158,Month-to-month contract | Paperless billing,Maintain standard lifecycle communications. Quarterly loyalty rewards & early access to new features. Renewal reminder 60 days before contract expiry.
7016-NVRIC,19.2,0.1925,0.0851,0.2424,0.3862,Low,90.1,1081.2,29,One year,Bank transfer (automatic),0,4165,Fiber optic (premium price risk) | Senior customer | High charge ($90/mo),Maintain standard lifecycle communications. Quarterly loyalty rewards & early access to new features. Renewal reminder 60 days before contract expiry.
2266-SJNAT,19.1,0.1908,0.1079,0.2684,0.2818,Low,109.15,1309.8,72,One year,Credit card (automatic),0,4169,Fiber optic (premium price risk) | High charge ($109/mo),Maintain standard lifecycle communications. Quarterly loyalty rewards & early access to new features. Renewal reminder 60 days before contract expiry.
7666-WKRON,19.1,0.1906,0.0821,0.3477,0.2265,Low,80.45,965.4,39,Two year,Electronic check,1,4173,Manual payment method | Fiber optic (premium price risk) | Electronic check payment,Maintain standard lifecycle communications. Quarterly loyalty rewards & early access to new features. Renewal reminder 60 days before contract expiry.
6972-SNKKW,19.1,0.1914,0.0927,0.2236,0.3899,Low,20.0,240.0,6,Month-to-month,Mailed check,0,4174,Month-to-month contract | Manual payment method | New customer (0-12 months),Maintain standard lifecycle communications. Quarterly loyalty rewards & early access to new features. Renewal reminder 60 days before contract expiry.
0824-VWDPO,19.1,0.191,0.1052,0.254,0.3108,Low,96.75,1161.0,45,One year,Bank transfer (automatic),0,4177,Fiber optic (premium price risk) | High charge ($97/mo),Maintain standard lifecycle communications. Quarterly loyalty rewards & early access to new features. Renewal reminder 60 days before contract expiry.
5396-IZEPB,19.1,0.1915,0.1196,0.2549,0.276,Low,19.7,236.4,9,Month-to-month,Credit card (automatic),0,4178,Month-to-month contract | New customer (0-12 months) | Low engagement (0 services),Maintain standard lifecycle communications. Quarterly loyalty rewards & early access to new features. Renewal reminder 60 days before contract expiry.
9107-UKCKY,19.1,0.1906,0.1326,0.2443,0.2551,Low,79.8,957.6,61,One year,Electronic check,0,4183,Manual payment method | Electronic check payment | Paperless billing,Maintain standard lifecycle communications. Quarterly loyalty rewards & early access to new features. Renewal reminder 60 days before contract expiry.
1097-FSPVW,19.0,0.1904,0.1035,0.3089,0.2298,Low,54.55,654.6,42,Month-to-month,Credit card (automatic),0,4194,Month-to-month contract | Low engagement (2 services),Maintain standard lifecycle communications. Quarterly loyalty rewards & early access to new features. Renewal reminder 60 days before contract expiry.
2023-VQFDL,18.9,0.1891,0.1119,0.2544,0.2842,Low,19.0,228.0,18,Month-to-month,Electronic check,0,4200,Month-to-month contract | Manual payment method | Electronic check payment,Maintain standard lifecycle communications. Quarterly loyalty rewards & early access to new features. Renewal reminder 60 days before contract expiry.
4830-FAXFM,18.9,0.1895,0.1116,0.2359,0.3146,Low,24.1,289.2,19,Month-to-month,Credit card (automatic),0,4203,Month-to-month contract | Paperless billing | Low engagement (1 services),Maintain standard lifecycle communications. Quarterly loyalty rewards & early access to new features. Renewal reminder 60 days before contract expiry.
3077-RSNTJ,18.7,0.1873,0.0813,0.2617,0.3407,Low,19.7,236.4,6,Month-to-month,Mailed check,0,4210,Month-to-month contract | Manual payment method | New customer (0-12 months),Maintain standard lifecycle communications. Quarterly loyalty rewards & early access to new features. Renewal reminder 60 days before contract expiry.
4504-YOULA,18.5,0.1853,0.1008,0.2808,0.2534,Low,59.45,713.4,35,Month-to-month,Credit card (automatic),0,4230,Month-to-month contract | Paperless billing,Maintain standard lifecycle communications. Quarterly loyalty rewards & early access to new features. Renewal reminder 60 days before contract expiry.
9367-TCUYN,18.4,0.1842,0.0885,0.2497,0.3252,Low,20.1,241.2,12,Month-to-month,Mailed check,0,4235,Month-to-month contract | Manual payment method | New customer (0-12 months),Maintain standard lifecycle communications. Quarterly loyalty rewards & early access to new features. Renewal reminder 60 days before contract expiry.
4002-BQWPQ,18.4,0.1839,0.1178,0.2297,0.2802,Low,81.75,981.0,25,Month-to-month,Bank transfer (automatic),0,4237,Month-to-month contract | High charge ($82/mo),Maintain standard lifecycle communications. Quarterly loyalty rewards & early access to new features. Renewal reminder 60 days before contract expiry.
5832-EXGTT,18.3,0.1831,0.1147,0.2436,0.2633,Low,60.2,722.4,29,Month-to-month,Mailed check,0,4246,Month-to-month contract | Manual payment method | Paperless billing,Maintain standard lifecycle communications. Quarterly loyalty rewards & early access to new features. Renewal reminder 60 days before contract expiry.
6319-QSUSR,18.3,0.1827,0.0938,0.3054,0.2212,Low,19.7,236.4,11,Month-to-month,Credit card (automatic),0,4253,Month-to-month contract | New customer (0-12 months) | Low engagement (0 services),Maintain standard lifecycle communications. Quarterly loyalty rewards & early access to new features. Renewal reminder 60 days before contract expiry.
9364-YKUVW,18.0,0.1796,0.1045,0.2422,0.2732,Low,19.8,237.6,15,Month-to-month,Mailed check,0,4270,Month-to-month contract | Manual payment method | Paperless billing,Maintain standard lifecycle communications. Quarterly loyalty rewards & early access to new features. Renewal reminder 60 days before contract expiry.
9644-KVCNC,18.0,0.1803,0.083,0.235,0.3414,Low,92.15,1105.8,66,One year,Bank transfer (automatic),0,4277,Fiber optic (premium price risk) | Paperless billing | High charge ($92/mo),Maintain standard lifecycle communications. Quarterly loyalty rewards & early access to new features. Renewal reminder 60 days before contract expiry.
7706-DZNKK,18.0,0.1801,0.1152,0.2077,0.3008,Low,20.45,245.4,11,Month-to-month,Credit card (automatic),0,4278,Month-to-month contract | New customer (0-12 months) | Paperless billing,Maintain standard lifecycle communications. Quarterly loyalty rewards & early access to new features. Renewal reminder 60 days before contract expiry.
6766-HFKLA,18.0,0.1801,0.096,0.2786,0.2427,Low,103.2,1238.4,56,Two year,Bank transfer (automatic),0,4280,Fiber optic (premium price risk) | High charge ($103/mo),Maintain standard lifecycle communications. Quarterly loyalty rewards & early access to new features. Renewal reminder 60 days before contract expiry.
7531-GQHME,17.8,0.1782,0.0966,0.2685,0.247,Low,20.05,240.6,12,Month-to-month,Credit card (automatic),0,4291,Month-to-month contract | New customer (0-12 months) | Low engagement (0 services),Maintain standard lifecycle communications. Quarterly loyalty rewards & early access to new features. Renewal reminder 60 days before contract expiry.
4531-AUZNK,17.8,0.1779,0.0905,0.2873,0.2324,Low,95.15,1141.8,51,One year,Mailed check,0,4294,Manual payment method | Fiber optic (premium price risk) | Paperless billing,Maintain standard lifecycle communications. Quarterly loyalty rewards & early access to new features. Renewal reminder 60 days before contract expiry.
9565-JSNFM,17.8,0.1778,0.067,0.2246,0.3844,Low,70.45,845.4,38,One year,Bank transfer (automatic),1,4295,Fiber optic (premium price risk) | Paperless billing | Low engagement (0 services),Maintain standard lifecycle communications. Quarterly loyalty rewards & early access to new features. Renewal reminder 60 days before contract expiry.
2129-ALKBS,17.8,0.1783,0.1295,0.2479,0.1957,Low,26.2,314.4,40,Month-to-month,Electronic check,0,4296,Month-to-month contract | Manual payment method | Electronic check payment,Maintain standard lifecycle communications. Quarterly loyalty rewards & early access to new features. Renewal reminder 60 days before contract expiry.
9762-YAQAA,17.8,0.1782,0.069,0.2265,0.379,Low,81.4,976.8,39,One year,Credit card (automatic),0,4297,Fiber optic (premium price risk) | Low engagement (2 services) | High charge ($81/mo),Maintain standard lifecycle communications. Quarterly loyalty rewards & early access to new features. Renewal reminder 60 days before contract expiry.
8041-TMEID,17.7,0.1767,0.0945,0.2799,0.2275,Low,108.5,1302.0,63,Two year,Credit card (automatic),0,4307,Fiber optic (premium price risk) | Senior customer | High charge ($108/mo),Maintain standard lifecycle communications. Quarterly loyalty rewards & early access to new features. Renewal reminder 60 days before contract expiry.
4770-QAZXN,17.6,0.1762,0.0847,0.2481,0.2972,Low,19.45,233.4,13,Month-to-month,Credit card (automatic),0,4309,Month-to-month contract | Low engagement (0 services),Maintain standard lifecycle communications. Quarterly loyalty rewards & early access to new features. Renewal reminder 60 days before contract expiry.
4785-QRJHC,17.6,0.1755,0.1105,0.1967,0.3064,Low,59.9,718.8,46,One year,Bank transfer (automatic),1,4317,Senior customer | Paperless billing,Maintain standard lifecycle communications. Quarterly loyalty rewards & early access to new features. Renewal reminder 60 days before contract expiry.
1045-LTCYT,17.5,0.1753,0.0909,0.2826,0.2254,Low,21.05,252.6,8,Month-to-month,Credit card (automatic),0,4322,Month-to-month contract | New customer (0-12 months) | Low engagement (0 services),Maintain standard lifecycle communications. Quarterly loyalty rewards & early access to new features. Renewal reminder 60 days before contract expiry.
2338-BQEZT,17.5,0.1747,0.1037,0.2976,0.1681,Low,50.55,606.6,55,Month-to-month,Credit card (automatic),0,4323,Month-to-month contract | Paperless billing | Low engagement (1 services),Maintain standard lifecycle communications. Quarterly loyalty rewards & early access to new features. Renewal reminder 60 days before contract expiry.
0665-XHDJU,17.4,0.1741,0.09,0.2597,0.256,Low,99.4,1192.8,72,Two year,Electronic check,0,4333,Manual payment method | Fiber optic (premium price risk) | Electronic check payment,Maintain standard lifecycle communications. Quarterly loyalty rewards & early access to new features. Renewal reminder 60 days before contract expiry.
8963-MQVYN,17.4,0.1738,0.1324,0.197,0.2425,Low,20.55,246.6,22,Month-to-month,Electronic check,0,4335,Month-to-month contract | Manual payment method | Electronic check payment,Maintain standard lifecycle communications. Quarterly loyalty rewards & early access to new features. Renewal reminder 60 days before contract expiry.
3022-BEXHZ,17.4,0.1739,0.0918,0.3197,0.1602,Low,111.2,1334.4,67,Two year,Bank transfer (automatic),0,4340,Fiber optic (premium price risk) | Paperless billing | High charge ($111/mo),Maintain standard lifecycle communications. Quarterly loyalty rewards & early access to new features. Renewal reminder 60 days before contract expiry.
3096-WPXBT,17.3,0.1732,0.0858,0.2701,0.2466,Low,100.7,1208.4,61,One year,Credit card (automatic),0,4350,Fiber optic (premium price risk) | Paperless billing | High charge ($101/mo),Maintain standard lifecycle communications. Quarterly loyalty rewards & early access to new features. Renewal reminder 60 days before contract expiry.
6500-JVEGC,17.3,0.1726,0.1119,0.2517,0.2057,Low,101.35,1216.2,68,One year,Bank transfer (automatic),0,4352,Fiber optic (premium price risk) | High charge ($101/mo),Maintain standard lifecycle communications. Quarterly loyalty rewards & early access to new features. Renewal reminder 60 days before contract expiry.
1345-GKDZZ,17.3,0.1733,0.0848,0.2055,0.3462,Low,19.55,234.6,6,Month-to-month,Mailed check,0,4355,Month-to-month contract | Manual payment method | New customer (0-12 months),Maintain standard lifecycle communications. Quarterly loyalty rewards & early access to new features. Renewal reminder 60 days before contract expiry.
2533-QVMSK,17.3,0.1726,0.1092,0.2652,0.1921,Low,94.1,1129.2,61,Two year,Electronic check,1,4359,Manual payment method | Fiber optic (premium price risk) | Electronic check payment,Maintain standard lifecycle communications. Quarterly loyalty rewards & early access to new features. Renewal reminder 60 days before contract expiry.
9470-RTWDV,17.2,0.1724,0.0777,0.2405,0.307,Low,82.0,984.0,26,One year,Credit card (automatic),0,4363,Paperless billing | High charge ($82/mo),Maintain standard lifecycle communications. Quarterly loyalty rewards & early access to new features. Renewal reminder 60 days before contract expiry.
4011-ARPHK,17.2,0.1723,0.092,0.2753,0.2183,Low,50.35,604.2,27,Month-to-month,Mailed check,0,4365,Month-to-month contract | Manual payment method | Low engagement (1 services),Maintain standard lifecycle communications. Quarterly loyalty rewards & early access to new features. Renewal reminder 60 days before contract expiry.
3597-YASZG,17.1,0.1714,0.0824,0.2921,0.2127,Low,104.45,1253.4,70,Two year,Bank transfer (automatic),0,4369,Fiber optic (premium price risk) | Senior customer | Paperless billing,Maintain standard lifecycle communications. Quarterly loyalty rewards & early access to new features. Renewal reminder 60 days before contract expiry.
4419-UJMUS,17.1,0.1707,0.1017,0.266,0.2001,Low,99.35,1192.2,69,Two year,Electronic check,0,4376,Manual payment method | Fiber optic (premium price risk) | Electronic check payment,Maintain standard lifecycle communications. Quarterly loyalty rewards & early access to new features. Renewal reminder 60 days before contract expiry.
3523-QRQLL,17.0,0.1705,0.095,0.2039,0.3091,Low,69.5,834.0,22,One year,Bank transfer (automatic),1,4381,Paperless billing,Maintain standard lifecycle communications. Quarterly loyalty rewards & early access to new features. Renewal reminder 60 days before contract expiry.
8319-QBEHW,17.0,0.17,0.0603,0.2516,0.3218,Low,39.95,479.4,26,One year,Bank transfer (automatic),0,4384,Paperless billing | Low engagement (2 services),Maintain standard lifecycle communications. Quarterly loyalty rewards & early access to new features. Renewal reminder 60 days before contract expiry.
0623-EJQEG,16.9,0.1689,0.0795,0.2792,0.2267,Low,93.55,1122.6,65,One year,Electronic check,0,4388,Manual payment method | Fiber optic (premium price risk) | Electronic check payment,Maintain standard lifecycle communications. Quarterly loyalty rewards & early access to new features. Renewal reminder 60 days before contract expiry.
0076-LVEPS,16.9,0.1692,0.1064,0.2441,0.2141,Low,45.0,540.0,29,Month-to-month,Mailed check,0,4395,Month-to-month contract | Manual payment method | Paperless billing,Maintain standard lifecycle communications. Quarterly loyalty rewards & early access to new features. Renewal reminder 60 days before contract expiry.
0297-RBCSG,16.8,0.1682,0.0753,0.2735,0.2425,Low,65.35,784.2,19,One year,Bank transfer (automatic),0,4401,Paperless billing,Maintain standard lifecycle communications. Quarterly loyalty rewards & early access to new features. Renewal reminder 60 days before contract expiry.
5269-NRGDP,16.7,0.1667,0.1019,0.246,0.2096,Low,73.15,877.8,42,One year,Electronic check,0,4409,Manual payment method | Electronic check payment,Maintain standard lifecycle communications. Quarterly loyalty rewards & early access to new features. Renewal reminder 60 days before contract expiry.
9480-BQJEI,16.7,0.1671,0.0601,0.2598,0.2955,Low,92.3,1107.6,62,One year,Bank transfer (automatic),0,4413,Fiber optic (premium price risk) | Paperless billing | High charge ($92/mo),Maintain standard lifecycle communications. Quarterly loyalty rewards & early access to new features. Renewal reminder 60 days before contract expiry.
4501-UYKBC,16.5,0.165,0.0914,0.2098,0.2817,Low,69.1,829.2,46,One year,Credit card (automatic),0,4425,Senior customer | Paperless billing,Maintain standard lifecycle communications. Quarterly loyalty rewards & early access to new features. Renewal reminder 60 days before contract expiry.
9086-YJYXS,16.4,0.1636,0.1002,0.2085,0.2547,Low,77.2,926.4,34,One year,Bank transfer (automatic),0,4428,Standard risk profile,Maintain standard lifecycle communications. Quarterly loyalty rewards & early access to new features. Renewal reminder 60 days before contract expiry.
6303-KFWSL,16.4,0.1641,0.1071,0.1758,0.2889,Low,55.25,663.0,29,One year,Electronic check,0,4429,Manual payment method | Electronic check payment | Paperless billing,Maintain standard lifecycle communications. Quarterly loyalty rewards & early access to new features. Renewal reminder 60 days before contract expiry.
9402-ROUMJ,16.2,0.1624,0.0769,0.2892,0.1858,Low,100.25,1203.0,67,One year,Bank transfer (automatic),0,4453,Fiber optic (premium price risk) | Paperless billing | High charge ($100/mo),Maintain standard lifecycle communications. Quarterly loyalty rewards & early access to new features. Renewal reminder 60 days before contract expiry.
4353-HYOJD,16.2,0.1624,0.0972,0.2327,0.22,Low,49.85,598.2,27,Month-to-month,Mailed check,0,4455,Month-to-month contract | Manual payment method | Low engagement (1 services),Maintain standard lifecycle communications. Quarterly loyalty rewards & early access to new features. Renewal reminder 60 days before contract expiry.
9040-KZVWO,16.2,0.1621,0.0503,0.2354,0.3316,Low,75.5,906.0,26,One year,Bank transfer (automatic),0,4456,Fiber optic (premium price risk) | Low engagement (1 services),Maintain standard lifecycle communications. Quarterly loyalty rewards & early access to new features. Renewal reminder 60 days before contract expiry.
6734-FQAJX,16.1,0.1609,0.0973,0.2722,0.1529,Low,105.05,1260.6,67,Two year,Electronic check,0,4461,Manual payment method | Fiber optic (premium price risk) | Electronic check payment,Maintain standard lifecycle communications. Quarterly loyalty rewards & early access to new features. Renewal reminder 60 days before contract expiry.
1150-WFARN,16.1,0.1613,0.0975,0.2748,0.1505,Low,108.75,1305.0,67,Two year,Credit card (automatic),1,4462,Fiber optic (premium price risk) | Paperless billing | High charge ($109/mo),Maintain standard lifecycle communications. Quarterly loyalty rewards & early access to new features. Renewal reminder 60 days before contract expiry.
9114-AAFQH,16.1,0.1607,0.1182,0.2047,0.2009,Low,65.65,787.8,48,One year,Electronic check,0,4463,Manual payment method | Electronic check payment | Paperless billing,Maintain standard lifecycle communications. Quarterly loyalty rewards & early access to new features. Renewal reminder 60 days before contract expiry.
2466-NEJOJ,16.1,0.1607,0.0777,0.2452,0.2414,Low,19.65,235.8,8,Month-to-month,Credit card (automatic),0,4468,Month-to-month contract | New customer (0-12 months) | Low engagement (0 services),Maintain standard lifecycle communications. Quarterly loyalty rewards & early access to new features. Renewal reminder 60 days before contract expiry.
0975-UYDTX,16.0,0.1603,0.0954,0.1995,0.2637,Low,90.1,1081.2,26,One year,Credit card (automatic),0,4476,Paperless billing | High charge ($90/mo),Maintain standard lifecycle communications. Quarterly loyalty rewards & early access to new features. Renewal reminder 60 days before contract expiry.
7105-MXJLL,16.0,0.1597,0.0927,0.2135,0.2463,Low,60.7,728.4,26,One year,Mailed check,0,4477,Manual payment method | Senior customer | Low engagement (2 services),Maintain standard lifecycle communications. Quarterly loyalty rewards & early access to new features. Renewal reminder 60 days before contract expiry.
6036-TTFYU,15.9,0.1588,0.092,0.2305,0.2181,Low,19.6,235.2,16,Month-to-month,Mailed check,0,4487,Month-to-month contract | Manual payment method | Low engagement (0 services),Maintain standard lifecycle communications. Quarterly loyalty rewards & early access to new features. Renewal reminder 60 days before contract expiry.
1247-QBVSH,15.8,0.1582,0.0971,0.2575,0.1621,Low,50.2,602.4,43,Month-to-month,Mailed check,0,4505,Month-to-month contract | Manual payment method | Low engagement (1 services),Maintain standard lifecycle communications. Quarterly loyalty rewards & early access to new features. Renewal reminder 60 days before contract expiry.
0347-UBKUZ,15.7,0.1571,0.088,0.2252,0.2279,Low,19.9,238.8,15,Month-to-month,Mailed check,0,4509,Month-to-month contract | Manual payment method | Low engagement (0 services),Maintain standard lifecycle communications. Quarterly loyalty rewards & early access to new features. Renewal reminder 60 days before contract expiry.
7839-NUIAA,15.6,0.1558,0.1026,0.2636,0.1267,Low,59.8,717.6,61,Month-to-month,Electronic check,0,4513,Month-to-month contract | Manual payment method | Electronic check payment,Maintain standard lifecycle communications. Quarterly loyalty rewards & early access to new features. Renewal reminder 60 days before contract expiry.
9152-AMKAK,15.6,0.1558,0.0642,0.319,0.1399,Low,80.25,963.0,6,Two year,Mailed check,0,4521,Manual payment method | New customer (0-12 months) | Paperless billing,Maintain standard lifecycle communications. Quarterly loyalty rewards & early access to new features. Renewal reminder 60 days before contract expiry.
3594-UVONA,15.5,0.1554,0.0825,0.2188,0.2425,Low,85.95,1031.4,35,One year,Credit card (automatic),1,4526,Paperless billing | High charge ($86/mo),Maintain standard lifecycle communications. Quarterly loyalty rewards & early access to new features. Renewal reminder 60 days before contract expiry.
2798-NYLMZ,15.5,0.1552,0.0816,0.2711,0.1652,Low,108.55,1302.6,71,Two year,Credit card (automatic),0,4528,Fiber optic (premium price risk) | Paperless billing | High charge ($109/mo),Maintain standard lifecycle communications. Quarterly loyalty rewards & early access to new features. Renewal reminder 60 days before contract expiry.
0484-JPBRU,15.5,0.1553,0.0924,0.234,0.1945,Low,25.25,303.0,41,Month-to-month,Bank transfer (automatic),0,4531,Month-to-month contract | Paperless billing | Low engagement (1 services),Maintain standard lifecycle communications. Quarterly loyalty rewards & early access to new features. Renewal reminder 60 days before contract expiry.
8246-SHFGA,15.5,0.155,0.075,0.2297,0.2431,Low,21.1,253.2,17,Month-to-month,Credit card (automatic),0,4533,Month-to-month contract | Low engagement (0 services),Maintain standard lifecycle communications. Quarterly loyalty rewards & early access to new features. Renewal reminder 60 days before contract expiry.
6617-WLBQC,15.5,0.1553,0.053,0.2134,0.324,Low,81.85,982.2,23,One year,Credit card (automatic),0,4535,Fiber optic (premium price risk) | Low engagement (2 services) | High charge ($82/mo),Maintain standard lifecycle communications. Quarterly loyalty rewards & early access to new features. Renewal reminder 60 days before contract expiry.
6993-YCOBK,15.4,0.1545,0.0882,0.2444,0.1855,Low,110.6,1327.2,60,Two year,Electronic check,0,4537,Manual payment method | Fiber optic (premium price risk) | Electronic check payment,Maintain standard lifecycle communications. Quarterly loyalty rewards & early access to new features. Renewal reminder 60 days before contract expiry.
4189-NAKJS,15.4,0.1536,0.0661,0.2047,0.2954,Low,51.55,618.6,26,One year,Credit card (automatic),0,4539,Paperless billing | Low engagement (1 services),Maintain standard lifecycle communications. Quarterly loyalty rewards & early access to new features. Renewal reminder 60 days before contract expiry.
6967-PEJLL,15.4,0.1536,0.0886,0.2482,0.1744,Low,40.2,482.4,37,One year,Electronic check,0,4540,Manual payment method | Electronic check payment | Paperless billing,Maintain standard lifecycle communications. Quarterly loyalty rewards & early access to new features. Renewal reminder 60 days before contract expiry.
4072-IPYLT,15.4,0.1543,0.0891,0.2585,0.1608,Low,51.05,612.6,36,Month-to-month,Credit card (automatic),0,4543,Month-to-month contract | Low engagement (1 services),Maintain standard lifecycle communications. Quarterly loyalty rewards & early access to new features. Renewal reminder 60 days before contract expiry.
0377-JBKKT,15.3,0.1528,0.1003,0.2148,0.1912,Low,57.95,695.4,22,Month-to-month,Mailed check,0,4547,Month-to-month contract | Manual payment method | Paperless billing,Maintain standard lifecycle communications. Quarterly loyalty rewards & early access to new features. Renewal reminder 60 days before contract expiry.
2930-UOTMB,15.3,0.1532,0.09,0.1996,0.2416,Low,65.25,783.0,31,Month-to-month,Credit card (automatic),1,4549,Month-to-month contract,Maintain standard lifecycle communications. Quarterly loyalty rewards & early access to new features. Renewal reminder 60 days before contract expiry.
9592-ERDKV,15.3,0.1534,0.0837,0.2099,0.2426,Low,79.25,951.0,37,One year,Mailed check,0,4550,Manual payment method,Maintain standard lifecycle communications. Quarterly loyalty rewards & early access to new features. Renewal reminder 60 days before contract expiry.
4423-JWZJN,15.3,0.1535,0.076,0.2035,0.2721,Low,90.25,1083.0,64,One year,Credit card (automatic),0,4552,Fiber optic (premium price risk) | High charge ($90/mo),Maintain standard lifecycle communications. Quarterly loyalty rewards & early access to new features. Renewal reminder 60 days before contract expiry.
6682-QJDGB,15.2,0.1517,0.0974,0.2367,0.1598,Low,55.25,663.0,40,Month-to-month,Mailed check,1,4556,Month-to-month contract | Manual payment method | Paperless billing,Maintain standard lifecycle communications. Quarterly loyalty rewards & early access to new features. Renewal reminder 60 days before contract expiry.
0080-EMYVY,15.2,0.1515,0.0602,0.2383,0.2499,Low,51.45,617.4,14,One year,Credit card (automatic),0,4559,Low engagement (1 services),Maintain standard lifecycle communications. Quarterly loyalty rewards & early access to new features. Renewal reminder 60 days before contract expiry.
8318-LCNBW,15.2,0.1525,0.088,0.1647,0.2953,Low,53.15,637.8,35,One year,Credit card (automatic),0,4561,Standard risk profile,Maintain standard lifecycle communications. Quarterly loyalty rewards & early access to new features. Renewal reminder 60 days before contract expiry.
0670-ANMUU,15.1,0.1514,0.0819,0.2735,0.142,Low,97.65,1171.8,71,One year,Credit card (automatic),0,4568,Fiber optic (premium price risk) | High charge ($98/mo),Maintain standard lifecycle communications. Quarterly loyalty rewards & early access to new features. Renewal reminder 60 days before contract expiry.
8261-GWDBQ,15.1,0.1514,0.0824,0.2361,0.1967,Low,116.05,1392.6,60,Two year,Bank transfer (automatic),0,4569,Fiber optic (premium price risk) | Senior customer | Paperless billing,Maintain standard lifecycle communications. Quarterly loyalty rewards & early access to new features. Renewal reminder 60 days before contract expiry.
6941-KXRRV,15.0,0.1503,0.0965,0.203,0.2056,Low,58.95,707.4,48,One year,Bank transfer (automatic),0,4573,Senior customer | Paperless billing | Low engagement (2 services),Maintain standard lifecycle communications. Quarterly loyalty rewards & early access to new features. Renewal reminder 60 days before contract expiry.
4644-PIZRT,15.0,0.1504,0.0703,0.1818,0.3034,Low,70.35,844.2,17,One year,Bank transfer (automatic),0,4578,Paperless billing,Maintain standard lifecycle communications. Quarterly loyalty rewards & early access to new features. Renewal reminder 60 days before contract expiry.
4806-DXQCE,14.8,0.1477,0.1253,0.1503,0.1999,Low,113.65,1363.8,70,Two year,Electronic check,0,4589,Manual payment method | Fiber optic (premium price risk) | Electronic check payment,Maintain standard lifecycle communications. Quarterly loyalty rewards & early access to new features. Renewal reminder 60 days before contract expiry.
6048-UWKAL,14.8,0.1482,0.0959,0.2206,0.1702,Low,105.4,1264.8,69,Two year,Credit card (automatic),0,4590,Fiber optic (premium price risk) | Senior customer | High charge ($105/mo),Maintain standard lifecycle communications. Quarterly loyalty rewards & early access to new features. Renewal reminder 60 days before contract expiry.
1744-JHKYS,14.6,0.1462,0.1051,0.1802,0.1981,Low,24.7,296.4,34,Month-to-month,Electronic check,0,4604,Month-to-month contract | Manual payment method | Electronic check payment,Maintain standard lifecycle communications. Quarterly loyalty rewards & early access to new features. Renewal reminder 60 days before contract expiry.
2483-XSSMZ,14.6,0.146,0.0919,0.206,0.1913,Low,47.85,574.2,39,One year,Electronic check,0,4605,Manual payment method | Electronic check payment | Paperless billing,Maintain standard lifecycle communications. Quarterly loyalty rewards & early access to new features. Renewal reminder 60 days before contract expiry.
8869-LIHMK,14.6,0.1463,0.0772,0.2516,0.1611,Low,115.1,1381.2,64,Two year,Bank transfer (automatic),0,4607,Fiber optic (premium price risk) | Paperless billing | High charge ($115/mo),Maintain standard lifecycle communications. Quarterly loyalty rewards & early access to new features. Renewal reminder 60 days before contract expiry.
9933-QRGTX,14.5,0.1451,0.0726,0.2462,0.1749,Low,97.2,1166.4,60,Two year,Electronic check,0,4609,Manual payment method | Fiber optic (premium price risk) | Electronic check payment,Maintain standard lifecycle communications. Quarterly loyalty rewards & early access to new features. Renewal reminder 60 days before contract expiry.
2061-VVFST,14.5,0.1445,0.0714,0.2647,0.1471,Low,19.5,234.0,37,Month-to-month,Bank transfer (automatic),0,4613,Month-to-month contract | Low engagement (0 services),Maintain standard lifecycle communications. Quarterly loyalty rewards & early access to new features. Renewal reminder 60 days before contract expiry.
0835-JKADZ,14.4,0.144,0.066,0.2276,0.2139,Low,111.25,1335.0,71,Two year,Electronic check,0,4620,Manual payment method | Fiber optic (premium price risk) | Electronic check payment,Maintain standard lifecycle communications. Quarterly loyalty rewards & early access to new features. Renewal reminder 60 days before contract expiry.
9378-FXTIZ,14.3,0.1431,0.09,0.1401,0.2805,Low,70.15,841.8,54,One year,Credit card (automatic),1,4627,Paperless billing,Maintain standard lifecycle communications. Quarterly loyalty rewards & early access to new features. Renewal reminder 60 days before contract expiry.
2096-XOTMO,14.3,0.1433,0.082,0.2182,0.1842,Low,19.35,232.2,16,Month-to-month,Mailed check,0,4628,Month-to-month contract | Manual payment method | Low engagement (0 services),Maintain standard lifecycle communications. Quarterly loyalty rewards & early access to new features. Renewal reminder 60 days before contract expiry.
5447-VYTKW,14.3,0.1428,0.0831,0.2166,0.1812,Low,53.45,641.4,27,Month-to-month,Mailed check,0,4632,Month-to-month contract | Manual payment method | Low engagement (2 services),Maintain standard lifecycle communications. Quarterly loyalty rewards & early access to new features. Renewal reminder 60 days before contract expiry.
7931-PXHFC,14.2,0.1416,0.0716,0.2198,0.1995,Low,62.3,747.6,38,One year,Mailed check,1,4634,Manual payment method | Paperless billing,Maintain standard lifecycle communications. Quarterly loyalty rewards & early access to new features. Renewal reminder 60 days before contract expiry.
6620-HVDUJ,14.2,0.1418,0.0852,0.2083,0.1837,Low,60.45,725.4,24,Month-to-month,Bank transfer (automatic),0,4635,Month-to-month contract,Maintain standard lifecycle communications. Quarterly loyalty rewards & early access to new features. Renewal reminder 60 days before contract expiry.
2272-WUSPA,14.2,0.1417,0.1059,0.1699,0.1888,Low,110.75,1329.0,72,Two year,Electronic check,0,4645,Manual payment method | Fiber optic (premium price risk) | Electronic check payment,Maintain standard lifecycle communications. Quarterly loyalty rewards & early access to new features. Renewal reminder 60 days before contract expiry.
4049-ZPALD,14.2,0.142,0.0541,0.2658,0.1758,Low,99.0,1188.0,64,Two year,Bank transfer (automatic),0,4646,Fiber optic (premium price risk) | Paperless billing | High charge ($99/mo),Maintain standard lifecycle communications. Quarterly loyalty rewards & early access to new features. Renewal reminder 60 days before contract expiry.
0134-XWXCE,14.1,0.1407,0.0876,0.1752,0.2219,Low,74.85,898.2,44,One year,Bank transfer (automatic),0,4649,Senior customer,Maintain standard lifecycle communications. Quarterly loyalty rewards & early access to new features. Renewal reminder 60 days before contract expiry.
4759-PXTAN,14.1,0.1409,0.0995,0.1703,0.2002,Low,80.1,961.2,59,One year,Electronic check,0,4651,Manual payment method | Electronic check payment | Paperless billing,Maintain standard lifecycle communications. Quarterly loyalty rewards & early access to new features. Renewal reminder 60 days before contract expiry.
2408-PSJVE,14.0,0.1397,0.0986,0.2017,0.1494,Low,61.9,742.8,44,Month-to-month,Mailed check,0,4654,Month-to-month contract | Manual payment method | Paperless billing,Maintain standard lifecycle communications. Quarterly loyalty rewards & early access to new features. Renewal reminder 60 days before contract expiry.
7432-FFVAR,14.0,0.1398,0.0665,0.1903,0.2471,Low,90.95,1091.4,46,One year,Bank transfer (automatic),0,4657,Fiber optic (premium price risk) | High charge ($91/mo),Maintain standard lifecycle communications. Quarterly loyalty rewards & early access to new features. Renewal reminder 60 days before contract expiry.
1936-UAFEH,14.0,0.14,0.0755,0.2656,0.1126,Low,110.25,1323.0,68,Two year,Credit card (automatic),0,4663,Fiber optic (premium price risk) | High charge ($110/mo),Maintain standard lifecycle communications. Quarterly loyalty rewards & early access to new features. Renewal reminder 60 days before contract expiry.
3190-FZATL,14.0,0.1404,0.0866,0.1935,0.1951,Low,19.95,239.4,14,Month-to-month,Mailed check,0,4664,Month-to-month contract | Manual payment method | Low engagement (0 services),Maintain standard lifecycle communications. Quarterly loyalty rewards & early access to new features. Renewal reminder 60 days before contract expiry.
1171-TYKUR,13.8,0.138,0.1024,0.1913,0.1468,Low,25.4,304.8,47,Month-to-month,Electronic check,0,4673,Month-to-month contract | Manual payment method | Electronic check payment,Maintain standard lifecycle communications. Quarterly loyalty rewards & early access to new features. Renewal reminder 60 days before contract expiry.
1264-FUHCX,13.6,0.1359,0.0834,0.1585,0.2334,Low,56.3,675.6,49,One year,Credit card (automatic),0,4691,Paperless billing,Maintain standard lifecycle communications. Quarterly loyalty rewards & early access to new features. Renewal reminder 60 days before contract expiry.
7923-IYJWY,13.5,0.135,0.0689,0.2124,0.1842,Low,116.1,1393.2,67,Two year,Credit card (automatic),0,4700,Fiber optic (premium price risk) | Senior customer | Paperless billing,Maintain standard lifecycle communications. Quarterly loyalty rewards & early access to new features. Renewal reminder 60 days before contract expiry.
9391-TTOYH,13.5,0.1352,0.0865,0.1653,0.2119,Low,19.5,234.0,23,Month-to-month,Mailed check,0,4702,Month-to-month contract | Manual payment method | Paperless billing,Maintain standard lifecycle communications. Quarterly loyalty rewards & early access to new features. Renewal reminder 60 days before contract expiry.
5574-NXZIU,13.2,0.1317,0.074,0.2418,0.1104,Low,109.2,1310.4,63,Two year,Credit card (automatic),0,4727,Fiber optic (premium price risk) | High charge ($109/mo),Maintain standard lifecycle communications. Quarterly loyalty rewards & early access to new features. Renewal reminder 60 days before contract expiry.
8204-TIFGJ,13.2,0.1321,0.0865,0.1388,0.2358,Low,20.3,243.6,23,Month-to-month,Bank transfer (automatic),0,4731,Month-to-month contract | Paperless billing | Low engagement (0 services),Maintain standard lifecycle communications. Quarterly loyalty rewards & early access to new features. Renewal reminder 60 days before contract expiry.
7781-EWARA,13.1,0.1306,0.0867,0.2262,0.0967,Low,60.35,724.2,70,One year,Electronic check,0,4737,Manual payment method | Electronic check payment,Maintain standard lifecycle communications. Quarterly loyalty rewards & early access to new features. Renewal reminder 60 days before contract expiry.
3551-GAEGL,13.1,0.1313,0.078,0.2234,0.1263,Low,30.4,364.8,34,One year,Bank transfer (automatic),0,4738,Low engagement (1 services),Maintain standard lifecycle communications. Quarterly loyalty rewards & early access to new features. Renewal reminder 60 days before contract expiry.
5120-ZBLAI,13.0,0.1298,0.0836,0.1211,0.2585,Low,75.7,908.4,50,One year,Bank transfer (automatic),0,4749,Standard risk profile,Maintain standard lifecycle communications. Quarterly loyalty rewards & early access to new features. Renewal reminder 60 days before contract expiry.
0946-FKYTX,12.9,0.1294,0.0589,0.2624,0.1063,Low,30.1,361.2,52,One year,Mailed check,0,4758,Manual payment method | Low engagement (1 services),Maintain standard lifecycle communications. Quarterly loyalty rewards & early access to new features. Renewal reminder 60 days before contract expiry.
0323-XWWTN,12.8,0.1277,0.0499,0.275,0.1013,Low,26.4,316.8,3,Two year,Mailed check,0,4767,Manual payment method | New customer (0-12 months) | Paperless billing,Maintain standard lifecycle communications. Quarterly loyalty rewards & early access to new features. Renewal reminder 60 days before contract expiry.
4626-OZDTJ,12.8,0.1275,0.0852,0.1286,0.2317,Low,78.65,943.8,51,One year,Credit card (automatic),0,4770,Paperless billing,Maintain standard lifecycle communications. Quarterly loyalty rewards & early access to new features. Renewal reminder 60 days before contract expiry.
6752-APNJL,12.8,0.128,0.0881,0.1966,0.1247,Low,54.5,654.0,42,Month-to-month,Mailed check,0,4771,Month-to-month contract | Manual payment method | Low engagement (2 services),Maintain standard lifecycle communications. Quarterly loyalty rewards & early access to new features. Renewal reminder 60 days before contract expiry.
1545-JFUML,12.7,0.1271,0.0542,0.2301,0.155,Low,99.0,1188.0,71,Two year,Electronic check,0,4778,Manual payment method | Fiber optic (premium price risk) | Electronic check payment,Maintain standard lifecycle communications. Quarterly loyalty rewards & early access to new features. Renewal reminder 60 days before contract expiry.
5524-KHNJP,12.7,0.1275,0.0694,0.1956,0.1706,Low,74.75,897.0,33,One year,Credit card (automatic),0,4779,Standard risk profile,Maintain standard lifecycle communications. Quarterly loyalty rewards & early access to new features. Renewal reminder 60 days before contract expiry.
0487-VVUVK,12.6,0.1261,0.0749,0.1873,0.1624,Low,19.15,229.8,25,Month-to-month,Mailed check,0,4784,Month-to-month contract | Manual payment method | Paperless billing,Maintain standard lifecycle communications. Quarterly loyalty rewards & early access to new features. Renewal reminder 60 days before contract expiry.
3229-USWAR,12.4,0.1241,0.0692,0.1777,0.1811,Low,79.95,959.4,34,One year,Bank transfer (automatic),0,4801,Paperless billing,Maintain standard lifecycle communications. Quarterly loyalty rewards & early access to new features. Renewal reminder 60 days before contract expiry.
1036-GUDCL,12.3,0.123,0.0836,0.1681,0.1541,Low,79.05,948.6,60,Month-to-month,Credit card (automatic),0,4810,Month-to-month contract | Paperless billing,Maintain standard lifecycle communications. Quarterly loyalty rewards & early access to new features. Renewal reminder 60 days before contract expiry.
7520-HQWJU,12.3,0.1225,0.0852,0.1947,0.1077,Low,67.45,809.4,66,Month-to-month,Bank transfer (automatic),0,4811,Month-to-month contract | Paperless billing,Maintain standard lifecycle communications. Quarterly loyalty rewards & early access to new features. Renewal reminder 60 days before contract expiry.
2205-LPVGL,12.3,0.1229,0.0487,0.2132,0.1729,Low,89.85,1078.2,58,One year,Bank transfer (automatic),0,4813,Fiber optic (premium price risk) | Senior customer | Paperless billing,Maintain standard lifecycle communications. Quarterly loyalty rewards & early access to new features. Renewal reminder 60 days before contract expiry.
2789-CZANW,12.3,0.1235,0.0641,0.2397,0.0975,Low,110.3,1323.6,64,Two year,Bank transfer (automatic),0,4819,Fiber optic (premium price risk) | High charge ($110/mo),Maintain standard lifecycle communications. Quarterly loyalty rewards & early access to new features. Renewal reminder 60 days before contract expiry.
2434-EEVDB,12.3,0.1227,0.0501,0.2081,0.176,Low,94.6,1135.2,64,Two year,Credit card (automatic),0,4820,Fiber optic (premium price risk) | Paperless billing | High charge ($95/mo),Maintain standard lifecycle communications. Quarterly loyalty rewards & early access to new features. Renewal reminder 60 days before contract expiry.
8879-XUAHX,12.1,0.1213,0.0829,0.1559,0.1654,Low,116.25,1395.0,71,Two year,Electronic check,0,4832,Manual payment method | Fiber optic (premium price risk) | Electronic check payment,Maintain standard lifecycle communications. Quarterly loyalty rewards & early access to new features. Renewal reminder 60 days before contract expiry.
7654-YWJUF,12.1,0.1214,0.0443,0.1765,0.2313,Low,84.25,1011.0,43,One year,Bank transfer (automatic),0,4834,Fiber optic (premium price risk) | Paperless billing | High charge ($84/mo),Maintain standard lifecycle communications. Quarterly loyalty rewards & early access to new features. Renewal reminder 60 days before contract expiry.
3244-CQPHU,12.1,0.1213,0.0835,0.1676,0.1462,Low,110.1,1321.2,72,Two year,Bank transfer (automatic),0,4839,Fiber optic (premium price risk) | Senior customer | Paperless billing,Maintain standard lifecycle communications. Quarterly loyalty rewards & early access to new features. Renewal reminder 60 days before contract expiry.
8406-LNMHF,12.0,0.1196,0.0492,0.1611,0.2333,Low,82.95,995.4,59,One year,Credit card (automatic),0,4848,Fiber optic (premium price risk) | Senior customer | Paperless billing,Maintain standard lifecycle communications. Quarterly loyalty rewards & early access to new features. Renewal reminder 60 days before contract expiry.
6260-XLACS,11.9,0.1187,0.0568,0.1994,0.1523,Low,19.7,236.4,4,One year,Mailed check,0,4849,Manual payment method | New customer (0-12 months) | Low engagement (0 services),Maintain standard lifecycle communications. Quarterly loyalty rewards & early access to new features. Renewal reminder 60 days before contract expiry.
3696-XRIEN,11.8,0.1177,0.0757,0.1105,0.2335,Low,82.5,990.0,50,One year,Credit card (automatic),0,4857,Paperless billing | High charge ($82/mo),Maintain standard lifecycle communications. Quarterly loyalty rewards & early access to new features. Renewal reminder 60 days before contract expiry.
1929-ZCBHE,11.8,0.1177,0.0724,0.2089,0.094,Low,40.3,483.6,47,One year,Electronic check,0,4860,Manual payment method | Electronic check payment,Maintain standard lifecycle communications. Quarterly loyalty rewards & early access to new features. Renewal reminder 60 days before contract expiry.
0020-INWCK,11.8,0.1181,0.0493,0.215,0.1445,Low,95.75,1149.0,71,Two year,Credit card (automatic),0,4863,Fiber optic (premium price risk) | Paperless billing | High charge ($96/mo),Maintain standard lifecycle communications. Quarterly loyalty rewards & early access to new features. Renewal reminder 60 days before contract expiry.
2834-JKOOW,11.7,0.1174,0.0663,0.1634,0.1762,Low,45.9,550.8,15,One year,Mailed check,0,4866,Manual payment method,Maintain standard lifecycle communications. Quarterly loyalty rewards & early access to new features. Renewal reminder 60 days before contract expiry.
5049-MUBWG,11.6,0.1159,0.0605,0.1697,0.1738,Low,75.0,900.0,26,One year,Bank transfer (automatic),0,4874,Standard risk profile,Maintain standard lifecycle communications. Quarterly loyalty rewards & early access to new features. Renewal reminder 60 days before contract expiry.
9894-QMIMJ,11.4,0.1144,0.0502,0.1709,0.1904,Low,55.8,669.6,23,One year,Bank transfer (automatic),0,4904,Low engagement (2 services),Maintain standard lifecycle communications. Quarterly loyalty rewards & early access to new features. Renewal reminder 60 days before contract expiry.
1179-INLAT,11.4,0.1143,0.0607,0.1502,0.1944,Low,19.45,233.4,3,One year,Mailed check,0,4906,Manual payment method | New customer (0-12 months) | Paperless billing,Maintain standard lifecycle communications. Quarterly loyalty rewards & early access to new features. Renewal reminder 60 days before contract expiry.
6322-HRPFA,11.4,0.1138,0.0805,0.1823,0.0944,Low,59.6,715.2,49,Month-to-month,Credit card (automatic),0,4913,Month-to-month contract,Maintain standard lifecycle communications. Quarterly loyalty rewards & early access to new features. Renewal reminder 60 days before contract expiry.
6174-NRBTZ,11.4,0.1141,0.0578,0.1788,0.1579,Low,30.75,369.0,46,One year,Bank transfer (automatic),0,4914,Paperless billing | Low engagement (1 services),Maintain standard lifecycle communications. Quarterly loyalty rewards & early access to new features. Renewal reminder 60 days before contract expiry.
6295-OSINB,11.3,0.1133,0.0531,0.1541,0.2025,Low,109.65,1315.8,72,Two year,Electronic check,0,4918,Manual payment method | Fiber optic (premium price risk) | Electronic check payment,Maintain standard lifecycle communications. Quarterly loyalty rewards & early access to new features. Renewal reminder 60 days before contract expiry.
1936-CZAKF,11.3,0.1132,0.0563,0.1916,0.1378,Low,49.65,595.8,49,Two year,Credit card (automatic),0,4921,Standard risk profile,Maintain standard lifecycle communications. Quarterly loyalty rewards & early access to new features. Renewal reminder 60 days before contract expiry.
1474-JUWSM,11.3,0.1129,0.0721,0.1653,0.1363,Low,68.4,820.8,58,One year,Electronic check,0,4925,Manual payment method | Electronic check payment | Paperless billing,Maintain standard lifecycle communications. Quarterly loyalty rewards & early access to new features. Renewal reminder 60 days before contract expiry.
4304-TSPVK,11.3,0.1129,0.061,0.1953,0.119,Low,114.9,1378.8,68,Two year,Bank transfer (automatic),0,4928,Fiber optic (premium price risk) | High charge ($115/mo),Maintain standard lifecycle communications. Quarterly loyalty rewards & early access to new features. Renewal reminder 60 days before contract expiry.
4223-BKEOR,11.2,0.1116,0.0641,0.1615,0.1557,Low,64.85,778.2,21,One year,Mailed check,0,4934,Manual payment method,Maintain standard lifecycle communications. Quarterly loyalty rewards & early access to new features. Renewal reminder 60 days before contract expiry.
3372-CDXFJ,11.2,0.1119,0.057,0.1672,0.1663,Low,24.5,294.0,13,One year,Bank transfer (automatic),0,4938,Low engagement (1 services),Maintain standard lifecycle communications. Quarterly loyalty rewards & early access to new features. Renewal reminder 60 days before contract expiry.
8097-VBQTZ,11.1,0.1107,0.092,0.1259,0.1345,Low,69.9,838.8,54,Month-to-month,Mailed check,0,4944,Month-to-month contract | Manual payment method | Paperless billing,Maintain standard lifecycle communications. Quarterly loyalty rewards & early access to new features. Renewal reminder 60 days before contract expiry.
8024-XNAFQ,11.1,0.1112,0.0851,0.1585,0.1055,Low,107.4,1288.8,72,Two year,Bank transfer (automatic),0,4956,Fiber optic (premium price risk) | Senior customer | Paperless billing,Maintain standard lifecycle communications. Quarterly loyalty rewards & early access to new features. Renewal reminder 60 days before contract expiry.
5829-NVSQN,11.0,0.1101,0.0652,0.1217,0.2048,Low,68.75,825.0,23,One year,Bank transfer (automatic),0,4958,Paperless billing,Maintain standard lifecycle communications. Quarterly loyalty rewards & early access to new features. Renewal reminder 60 days before contract expiry.
9796-MVYXX,10.9,0.109,0.0517,0.1786,0.148,Low,39.7,476.4,14,Two year,Mailed check,0,4969,Manual payment method | Senior customer,Maintain standard lifecycle communications. Quarterly loyalty rewards & early access to new features. Renewal reminder 60 days before contract expiry.
2085-JVGAD,10.7,0.1072,0.064,0.1606,0.1353,Low,20.35,244.2,37,Month-to-month,Bank transfer (automatic),0,4984,Month-to-month contract | Low engagement (0 services),Maintain standard lifecycle communications. Quarterly loyalty rewards & early access to new features. Renewal reminder 60 days before contract expiry.
5982-PSMKW,10.7,0.1074,0.0535,0.1832,0.1284,Low,91.1,1093.2,23,Two year,Credit card (automatic),0,4989,Paperless billing | High charge ($91/mo),Maintain standard lifecycle communications. Quarterly loyalty rewards & early access to new features. Renewal reminder 60 days before contract expiry.
6047-SUHPR,10.7,0.1072,0.0633,0.1826,0.1039,Low,59.8,717.6,39,One year,Electronic check,0,4992,Manual payment method | Electronic check payment,Maintain standard lifecycle communications. Quarterly loyalty rewards & early access to new features. Renewal reminder 60 days before contract expiry.
0628-CNQRM,10.6,0.1059,0.0565,0.1351,0.1859,Low,67.5,810.0,22,One year,Bank transfer (automatic),1,4998,Paperless billing,Maintain standard lifecycle communications. Quarterly loyalty rewards & early access to new features. Renewal reminder 60 days before contract expiry.
9209-NWPGU,10.6,0.1064,0.0796,0.1456,0.1144,Low,65.4,784.8,44,One year,Electronic check,0,5002,Manual payment method | Electronic check payment,Maintain standard lifecycle communications. Quarterly loyalty rewards & early access to new features. Renewal reminder 60 days before contract expiry.
1915-OAKWD,10.6,0.106,0.0376,0.1915,0.1485,Low,19.3,231.6,16,One year,Bank transfer (automatic),0,5006,Paperless billing | Low engagement (0 services),Maintain standard lifecycle communications. Quarterly loyalty rewards & early access to new features. Renewal reminder 60 days before contract expiry.
3374-PZLXD,10.5,0.1046,0.0678,0.163,0.1088,Low,19.7,236.4,34,Month-to-month,Mailed check,0,5016,Month-to-month contract | Manual payment method | Low engagement (0 services),Maintain standard lifecycle communications. Quarterly loyalty rewards & early access to new features. Renewal reminder 60 days before contract expiry.
4032-RMHCI,10.4,0.1041,0.0529,0.1663,0.139,Low,35.4,424.8,41,One year,Credit card (automatic),0,5023,Low engagement (2 services),Maintain standard lifecycle communications. Quarterly loyalty rewards & early access to new features. Renewal reminder 60 days before contract expiry.
9955-QOPOY,10.4,0.1035,0.0773,0.1262,0.135,Low,60.8,729.6,69,One year,Credit card (automatic),0,5029,Paperless billing,Maintain standard lifecycle communications. Quarterly loyalty rewards & early access to new features. Renewal reminder 60 days before contract expiry.
0083-PIVIK,10.4,0.1043,0.0693,0.1747,0.0866,Low,81.25,975.0,64,One year,Electronic check,0,5030,Manual payment method | Electronic check payment | High charge ($81/mo),Maintain standard lifecycle communications. Quarterly loyalty rewards & early access to new features. Renewal reminder 60 days before contract expiry.
9860-LISIZ,10.3,0.1026,0.0678,0.1582,0.1061,Low,20.35,244.2,34,Month-to-month,Mailed check,0,5039,Month-to-month contract | Manual payment method | Low engagement (0 services),Maintain standard lifecycle communications. Quarterly loyalty rewards & early access to new features. Renewal reminder 60 days before contract expiry.
6445-TNRXS,10.3,0.1029,0.0581,0.164,0.1233,Low,114.7,1376.4,68,Two year,Bank transfer (automatic),0,5041,Fiber optic (premium price risk) | Paperless billing | High charge ($115/mo),Maintain standard lifecycle communications. Quarterly loyalty rewards & early access to new features. Renewal reminder 60 days before contract expiry.
2546-KZAAT,10.3,0.1031,0.0662,0.1533,0.12,Low,75.4,904.8,52,One year,Mailed check,0,5043,Manual payment method | Paperless billing,Maintain standard lifecycle communications. Quarterly loyalty rewards & early access to new features. Renewal reminder 60 days before contract expiry.
4369-NYSCF,10.2,0.1022,0.07,0.1341,0.1351,Low,75.75,909.0,56,One year,Bank transfer (automatic),0,5046,Paperless billing,Maintain standard lifecycle communications. Quarterly loyalty rewards & early access to new features. Renewal reminder 60 days before contract expiry.
5975-BAICR,10.2,0.1023,0.0621,0.1363,0.1521,Low,63.7,764.4,36,One year,Credit card (automatic),0,5051,Paperless billing,Maintain standard lifecycle communications. Quarterly loyalty rewards & early access to new features. Renewal reminder 60 days before contract expiry.
0519-DRGTI,10.1,0.101,0.0695,0.1184,0.1537,Low,20.35,244.2,20,Month-to-month,Mailed check,0,5063,Month-to-month contract | Manual payment method | Low engagement (0 services),Maintain standard lifecycle communications. Quarterly loyalty rewards & early access to new features. Renewal reminder 60 days before contract expiry.
8309-PPCED,10.1,0.1012,0.0511,0.1343,0.1766,Low,110.45,1325.4,72,Two year,Bank transfer (automatic),0,5064,Fiber optic (premium price risk) | Paperless billing | High charge ($110/mo),Maintain standard lifecycle communications. Quarterly loyalty rewards & early access to new features. Renewal reminder 60 days before contract expiry.
7971-HLVXI,10.1,0.1008,0.0425,0.1646,0.1507,Low,84.5,1014.0,72,Two year,Credit card (automatic),0,5068,Fiber optic (premium price risk) | Paperless billing | Low engagement (2 services),Maintain standard lifecycle communications. Quarterly loyalty rewards & early access to new features. Renewal reminder 60 days before contract expiry.
3506-OVLKD,10.1,0.101,0.0411,0.2154,0.0789,Low,26.2,314.4,35,One year,Bank transfer (automatic),0,5070,Low engagement (1 services),Maintain standard lifecycle communications. Quarterly loyalty rewards & early access to new features. Renewal reminder 60 days before contract expiry.
5271-YNWVR,10.1,0.1005,0.057,0.1325,0.1614,Low,113.15,1357.8,68,Two year,Electronic check,1,5072,Manual payment method | Fiber optic (premium price risk) | Electronic check payment,Maintain standard lifecycle communications. Quarterly loyalty rewards & early access to new features. Renewal reminder 60 days before contract expiry.
3392-EHMNK,10.0,0.1005,0.0504,0.184,0.1006,Low,94.1,1129.2,67,Two year,Credit card (automatic),0,5079,Fiber optic (premium price risk) | High charge ($94/mo),Maintain standard lifecycle communications. Quarterly loyalty rewards & early access to new features. Renewal reminder 60 days before contract expiry.
5297-MDOIR,10.0,0.1003,0.0423,0.1437,0.1803,Low,81.15,973.8,63,One year,Credit card (automatic),0,5083,Fiber optic (premium price risk) | Paperless billing | Low engagement (2 services),Maintain standard lifecycle communications. Quarterly loyalty rewards & early access to new features. Renewal reminder 60 days before contract expiry.
5149-QYTTU,9.9,0.0991,0.0459,0.1745,0.1189,Low,95.15,1141.8,71,One year,Credit card (automatic),0,5095,Fiber optic (premium price risk) | Paperless billing | High charge ($95/mo),Maintain standard lifecycle communications. Quarterly loyalty rewards & early access to new features. Renewal reminder 60 days before contract expiry.
4174-LPGTI,9.9,0.0989,0.0632,0.1407,0.1252,Low,66.5,798.0,41,One year,Bank transfer (automatic),1,5097,Paperless billing,Maintain standard lifecycle communications. Quarterly loyalty rewards & early access to new features. Renewal reminder 60 days before contract expiry.
1038-RQOST,9.8,0.0982,0.0705,0.1062,0.1555,Low,20.6,247.2,19,Month-to-month,Mailed check,0,5105,Month-to-month contract | Manual payment method | Low engagement (0 services),Maintain standard lifecycle communications. Quarterly loyalty rewards & early access to new features. Renewal reminder 60 days before contract expiry.
0221-NAUXK,9.7,0.0966,0.0457,0.1512,0.1417,Low,19.95,239.4,10,One year,Bank transfer (automatic),0,5111,New customer (0-12 months) | Paperless billing | Low engagement (0 services),Maintain standard lifecycle communications. Quarterly loyalty rewards & early access to new features. Renewal reminder 60 days before contract expiry.
6434-TTGJP,9.7,0.0967,0.0426,0.1707,0.1209,Low,53.7,644.4,10,Two year,Credit card (automatic),0,5119,New customer (0-12 months),Maintain standard lifecycle communications. Quarterly loyalty rewards & early access to new features. Renewal reminder 60 days before contract expiry.
6016-LVTJQ,9.6,0.0963,0.0638,0.1578,0.0854,Low,20.65,247.8,34,Month-to-month,Mailed check,0,5124,Month-to-month contract | Manual payment method | Low engagement (0 services),Maintain standard lifecycle communications. Quarterly loyalty rewards & early access to new features. Renewal reminder 60 days before contract expiry.
8975-SKGRX,9.6,0.0961,0.0477,0.1529,0.1317,Low,116.1,1393.2,71,Two year,Bank transfer (automatic),0,5127,Fiber optic (premium price risk) | Paperless billing | High charge ($116/mo),Maintain standard lifecycle communications. Quarterly loyalty rewards & early access to new features. Renewal reminder 60 days before contract expiry.
2364-UFROM,9.5,0.0949,0.0625,0.13,0.1234,Low,70.4,844.8,30,One year,Electronic check,0,5135,Manual payment method | Electronic check payment,Maintain standard lifecycle communications. Quarterly loyalty rewards & early access to new features. Renewal reminder 60 days before contract expiry.
6598-RFFVI,9.4,0.0938,0.0361,0.1193,0.2,Low,19.3,231.6,2,One year,Credit card (automatic),1,5149,New customer (0-12 months) | Low engagement (0 services),Maintain standard lifecycle communications. Quarterly loyalty rewards & early access to new features. Renewal reminder 60 days before contract expiry.
1043-UXOVO,9.3,0.0928,0.0449,0.1293,0.158,Low,113.15,1357.8,71,Two year,Credit card (automatic),0,5164,Fiber optic (premium price risk) | Paperless billing | High charge ($113/mo),Maintain standard lifecycle communications. Quarterly loyalty rewards & early access to new features. Renewal reminder 60 days before contract expiry.
6519-ZHPXP,9.3,0.0934,0.0534,0.1665,0.0835,Low,108.3,1299.6,72,Two year,Bank transfer (automatic),0,5171,Fiber optic (premium price risk) | Paperless billing | High charge ($108/mo),Maintain standard lifecycle communications. Quarterly loyalty rewards & early access to new features. Renewal reminder 60 days before contract expiry.
7471-MQPOS,9.2,0.092,0.0527,0.1544,0.0969,Low,72.9,874.8,71,One year,Bank transfer (automatic),0,5178,Senior customer | Paperless billing,Maintain standard lifecycle communications. Quarterly loyalty rewards & early access to new features. Renewal reminder 60 days before contract expiry.
9174-IHETN,9.2,0.0917,0.0305,0.1752,0.1193,Low,70.35,844.2,50,Two year,Credit card (automatic),0,5179,Fiber optic (premium price risk) | Low engagement (0 services),Maintain standard lifecycle communications. Quarterly loyalty rewards & early access to new features. Renewal reminder 60 days before contract expiry.
7690-KPNCU,9.1,0.0914,0.0605,0.1266,0.1157,Low,73.05,876.6,64,One year,Credit card (automatic),0,5189,Paperless billing,Maintain standard lifecycle communications. Quarterly loyalty rewards & early access to new features. Renewal reminder 60 days before contract expiry.
3301-VKTGC,9.1,0.0912,0.0413,0.1434,0.1375,Low,85.5,1026.0,68,One year,Bank transfer (automatic),0,5190,Fiber optic (premium price risk) | Paperless billing | High charge ($86/mo),Maintain standard lifecycle communications. Quarterly loyalty rewards & early access to new features. Renewal reminder 60 days before contract expiry.
8097-OMULG,9.1,0.0912,0.056,0.1394,0.1068,Low,76.75,921.0,59,One year,Credit card (automatic),0,5192,Standard risk profile,Maintain standard lifecycle communications. Quarterly loyalty rewards & early access to new features. Renewal reminder 60 days before contract expiry.
1090-ESELR,9.1,0.0914,0.0531,0.1783,0.0568,Low,105.5,1266.0,72,Two year,Bank transfer (automatic),0,5193,Fiber optic (premium price risk) | High charge ($106/mo),Maintain standard lifecycle communications. Quarterly loyalty rewards & early access to new features. Renewal reminder 60 days before contract expiry.
9046-JBFWA,9.1,0.0914,0.0599,0.1225,0.1235,Low,19.15,229.8,27,Month-to-month,Mailed check,0,5194,Month-to-month contract | Manual payment method | Low engagement (0 services),Maintain standard lifecycle communications. Quarterly loyalty rewards & early access to new features. Renewal reminder 60 days before contract expiry.
7445-WMRBW,9.1,0.0909,0.0537,0.0825,0.1966,Low,73.85,886.2,48,One year,Bank transfer (automatic),0,5198,Paperless billing,Maintain standard lifecycle communications. Quarterly loyalty rewards & early access to new features. Renewal reminder 60 days before contract expiry.
4039-PIMHX,9.0,0.0899,0.0424,0.1966,0.0488,Low,49.8,597.6,49,Two year,Mailed check,0,5213,Manual payment method | Senior customer | Low engagement (1 services),Maintain standard lifecycle communications. Quarterly loyalty rewards & early access to new features. Renewal reminder 60 days before contract expiry.
4445-KWOKW,8.9,0.0886,0.0502,0.1123,0.149,Low,60.15,721.8,42,One year,Bank transfer (automatic),0,5216,Paperless billing,Maintain standard lifecycle communications. Quarterly loyalty rewards & early access to new features. Renewal reminder 60 days before contract expiry.
5820-PTRYM,8.9,0.0889,0.05,0.1393,0.1105,Low,68.45,821.4,56,One year,Credit card (automatic),0,5219,Senior customer | Paperless billing,Maintain standard lifecycle communications. Quarterly loyalty rewards & early access to new features. Renewal reminder 60 days before contract expiry.
9289-LBQVU,8.8,0.0875,0.0617,0.1306,0.0877,Low,70.15,841.8,64,One year,Mailed check,0,5235,Manual payment method | Paperless billing,Maintain standard lifecycle communications. Quarterly loyalty rewards & early access to new features. Renewal reminder 60 days before contract expiry.
0023-UYUPN,8.7,0.0872,0.0681,0.1212,0.0839,Low,25.2,302.4,50,One year,Electronic check,0,5243,Manual payment method | Electronic check payment | Senior customer,Maintain standard lifecycle communications. Quarterly loyalty rewards & early access to new features. Renewal reminder 60 days before contract expiry.
1303-SRDOK,8.7,0.0865,0.0321,0.1459,0.1335,Low,69.05,828.6,55,Two year,Credit card (automatic),0,5245,Fiber optic (premium price risk) | Paperless billing | Low engagement (0 services),Maintain standard lifecycle communications. Quarterly loyalty rewards & early access to new features. Renewal reminder 60 days before contract expiry.
6194-HBGQN,8.7,0.0869,0.0577,0.1075,0.1291,Low,81.15,973.8,51,One year,Credit card (automatic),0,5247,Paperless billing | High charge ($81/mo),Maintain standard lifecycle communications. Quarterly loyalty rewards & early access to new features. Renewal reminder 60 days before contract expiry.
8782-NUUOL,8.7,0.0868,0.0547,0.1476,0.0759,Low,79.0,948.0,60,One year,Mailed check,0,5250,Manual payment method,Maintain standard lifecycle communications. Quarterly loyalty rewards & early access to new features. Renewal reminder 60 days before contract expiry.
4999-IEZLT,8.7,0.0868,0.0455,0.1683,0.0677,Low,29.45,353.4,66,One year,Credit card (automatic),0,5265,Low engagement (1 services),Maintain standard lifecycle communications. Quarterly loyalty rewards & early access to new features. Renewal reminder 60 days before contract expiry.
3521-HTQTV,8.6,0.0858,0.026,0.215,0.0413,Low,26.1,313.2,34,Two year,Bank transfer (automatic),0,5274,Low engagement (1 services),Maintain standard lifecycle communications. Quarterly loyalty rewards & early access to new features. Renewal reminder 60 days before contract expiry.
0866-QLSIR,8.6,0.0855,0.0446,0.1431,0.1015,Low,64.4,772.8,34,One year,Mailed check,1,5275,Manual payment method | Paperless billing,Maintain standard lifecycle communications. Quarterly loyalty rewards & early access to new features. Renewal reminder 60 days before contract expiry.
2599-CIPQE,8.5,0.0854,0.0408,0.1698,0.0706,Low,109.3,1311.6,71,Two year,Credit card (automatic),0,5278,Fiber optic (premium price risk) | High charge ($109/mo),Maintain standard lifecycle communications. Quarterly loyalty rewards & early access to new features. Renewal reminder 60 days before contract expiry.
8821-KVZKQ,8.5,0.0848,0.0604,0.107,0.1126,Low,58.4,700.8,70,One year,Bank transfer (automatic),0,5279,Paperless billing,Maintain standard lifecycle communications. Quarterly loyalty rewards & early access to new features. Renewal reminder 60 days before contract expiry.
7338-ERIVA,8.5,0.0852,0.0498,0.1063,0.142,Low,45.05,540.6,39,One year,Bank transfer (automatic),0,5280,Standard risk profile,Maintain standard lifecycle communications. Quarterly loyalty rewards & early access to new features. Renewal reminder 60 days before contract expiry.
0230-UBYPQ,8.5,0.0852,0.0547,0.1546,0.0572,Low,36.1,433.2,63,One year,Bank transfer (automatic),0,5281,Senior customer | Low engagement (2 services),Maintain standard lifecycle communications. Quarterly loyalty rewards & early access to new features. Renewal reminder 60 days before contract expiry.
3926-YZVVX,8.5,0.0854,0.0427,0.138,0.1132,Low,50.05,600.6,41,One year,Bank transfer (automatic),0,5285,Low engagement (1 services),Maintain standard lifecycle communications. Quarterly loyalty rewards & early access to new features. Renewal reminder 60 days before contract expiry.
8915-NNTRC,8.4,0.0844,0.0498,0.1156,0.1239,Low,107.7,1292.4,72,Two year,Credit card (automatic),0,5297,Fiber optic (premium price risk) | Paperless billing | High charge ($108/mo),Maintain standard lifecycle communications. Quarterly loyalty rewards & early access to new features. Renewal reminder 60 days before contract expiry.
0191-EQUUH,8.4,0.0839,0.0324,0.1776,0.0723,Low,35.05,420.6,25,Two year,Bank transfer (automatic),0,5303,Low engagement (2 services),Maintain standard lifecycle communications. Quarterly loyalty rewards & early access to new features. Renewal reminder 60 days before contract expiry.
0412-UCCNP,8.3,0.0826,0.0458,0.1724,0.0401,Low,59.2,710.4,55,Two year,Electronic check,0,5311,Manual payment method | Electronic check payment | Paperless billing,Maintain standard lifecycle communications. Quarterly loyalty rewards & early access to new features. Renewal reminder 60 days before contract expiry.
5906-CVLHP,8.3,0.0831,0.0432,0.1415,0.0953,Low,54.15,649.8,45,One year,Credit card (automatic),1,5321,Paperless billing | Low engagement (2 services),Maintain standard lifecycle communications. Quarterly loyalty rewards & early access to new features. Renewal reminder 60 days before contract expiry.
9867-XOBQA,8.2,0.0817,0.037,0.1494,0.092,Low,53.15,637.8,21,Two year,Mailed check,0,5328,Manual payment method,Maintain standard lifecycle communications. Quarterly loyalty rewards & early access to new features. Renewal reminder 60 days before contract expiry.
4685-TFLLS,8.1,0.0806,0.0363,0.1401,0.1018,Low,19.8,237.6,18,One year,Bank transfer (automatic),0,5331,Low engagement (0 services),Maintain standard lifecycle communications. Quarterly loyalty rewards & early access to new features. Renewal reminder 60 days before contract expiry.
4803-LBYPN,8.1,0.0807,0.0603,0.1141,0.0819,Low,20.8,249.6,34,Month-to-month,Mailed check,0,5335,Month-to-month contract | Manual payment method | Low engagement (0 services),Maintain standard lifecycle communications. Quarterly loyalty rewards & early access to new features. Renewal reminder 60 days before contract expiry.
6061-GWWAV,8.1,0.0809,0.0443,0.1352,0.091,Low,70.2,842.4,41,One year,Mailed check,0,5343,Manual payment method,Maintain standard lifecycle communications. Quarterly loyalty rewards & early access to new features. Renewal reminder 60 days before contract expiry.
6924-TDGMT,8.1,0.0811,0.0476,0.1045,0.1299,Low,20.55,246.6,11,One year,Mailed check,0,5344,Manual payment method | New customer (0-12 months) | Paperless billing,Maintain standard lifecycle communications. Quarterly loyalty rewards & early access to new features. Renewal reminder 60 days before contract expiry.
6810-VCAEX,7.9,0.0788,0.0462,0.1259,0.0897,Low,39.65,475.8,47,One year,Credit card (automatic),0,5365,Standard risk profile,Maintain standard lifecycle communications. Quarterly loyalty rewards & early access to new features. Renewal reminder 60 days before contract expiry.
0121-SNYRK,7.9,0.0794,0.0485,0.1257,0.0873,Low,35.4,424.8,50,One year,Mailed check,0,5368,Manual payment method | Paperless billing | Low engagement (2 services),Maintain standard lifecycle communications. Quarterly loyalty rewards & early access to new features. Renewal reminder 60 days before contract expiry.
1834-ABKHQ,7.9,0.0789,0.0547,0.103,0.1031,Low,50.95,611.4,52,One year,Bank transfer (automatic),0,5371,Paperless billing | Low engagement (1 services),Maintain standard lifecycle communications. Quarterly loyalty rewards & early access to new features. Renewal reminder 60 days before contract expiry.
2188-SXWVT,7.9,0.079,0.0403,0.1426,0.0802,Low,55.0,660.0,34,One year,Mailed check,0,5378,Manual payment method | Low engagement (2 services),Maintain standard lifecycle communications. Quarterly loyalty rewards & early access to new features. Renewal reminder 60 days before contract expiry.
7569-NMZYQ,7.8,0.0777,0.0401,0.1269,0.0981,Low,118.75,1425.0,72,Two year,Bank transfer (automatic),0,5382,Fiber optic (premium price risk) | Paperless billing | High charge ($119/mo),Maintain standard lifecycle communications. Quarterly loyalty rewards & early access to new features. Renewal reminder 60 days before contract expiry.
2282-YGNOR,7.8,0.0775,0.041,0.1106,0.1194,Low,58.0,696.0,29,One year,Credit card (automatic),0,5388,Standard risk profile,Maintain standard lifecycle communications. Quarterly loyalty rewards & early access to new features. Renewal reminder 60 days before contract expiry.
7762-ONLJY,7.8,0.0776,0.0395,0.1182,0.1118,Low,19.7,236.4,6,One year,Mailed check,0,5390,Manual payment method | New customer (0-12 months) | Low engagement (0 services),Maintain standard lifecycle communications. Quarterly loyalty rewards & early access to new features. Renewal reminder 60 days before contract expiry.
0813-TAXXS,7.8,0.0777,0.0513,0.0817,0.1379,Low,77.8,933.6,55,Two year,Bank transfer (automatic),0,5391,Paperless billing,Maintain standard lifecycle communications. Quarterly loyalty rewards & early access to new features. Renewal reminder 60 days before contract expiry.
4942-VZZOM,7.8,0.0778,0.0469,0.102,0.1186,Low,66.15,793.8,64,One year,Credit card (automatic),0,5393,Paperless billing,Maintain standard lifecycle communications. Quarterly loyalty rewards & early access to new features. Renewal reminder 60 days before contract expiry.
7359-WWYJV,7.7,0.0774,0.0441,0.1054,0.1189,Low,114.45,1373.4,72,Two year,Credit card (automatic),0,5395,Fiber optic (premium price risk) | High charge ($114/mo),Maintain standard lifecycle communications. Quarterly loyalty rewards & early access to new features. Renewal reminder 60 days before contract expiry.
2606-PKWJB,7.7,0.0774,0.0419,0.1394,0.0733,Low,40.25,483.0,40,One year,Mailed check,0,5396,Manual payment method,Maintain standard lifecycle communications. Quarterly loyalty rewards & early access to new features. Renewal reminder 60 days before contract expiry.
7037-MTYVW,7.7,0.0765,0.0461,0.1002,0.1171,Low,85.4,1024.8,38,Two year,Bank transfer (automatic),0,5397,Paperless billing | High charge ($85/mo),Maintain standard lifecycle communications. Quarterly loyalty rewards & early access to new features. Renewal reminder 60 days before contract expiry.
8292-FRFZQ,7.7,0.0767,0.0504,0.0983,0.1102,Low,41.15,493.8,39,One year,Bank transfer (automatic),0,5406,Standard risk profile,Maintain standard lifecycle communications. Quarterly loyalty rewards & early access to new features. Renewal reminder 60 days before contract expiry.
1139-WUOAH,7.7,0.0774,0.0405,0.121,0.1045,Low,53.35,640.2,57,Two year,Credit card (automatic),0,5407,Standard risk profile,Maintain standard lifecycle communications. Quarterly loyalty rewards & early access to new features. Renewal reminder 60 days before contract expiry.
2361-UPSND,7.7,0.0768,0.0541,0.1229,0.0644,Low,70.6,847.2,46,One year,Mailed check,0,5408,Manual payment method,Maintain standard lifecycle communications. Quarterly loyalty rewards & early access to new features. Renewal reminder 60 days before contract expiry.
1265-HVPZB,7.7,0.077,0.0481,0.1155,0.0915,Low,66.4,796.8,59,One year,Credit card (automatic),0,5409,Standard risk profile,Maintain standard lifecycle communications. Quarterly loyalty rewards & early access to new features. Renewal reminder 60 days before contract expiry.
5622-UEJFI,7.6,0.0759,0.0285,0.1755,0.0449,Low,25.4,304.8,35,Two year,Credit card (automatic),0,5418,Paperless billing | Low engagement (1 services),Maintain standard lifecycle communications. Quarterly loyalty rewards & early access to new features. Renewal reminder 60 days before contract expiry.
8166-ZZTFS,7.5,0.0752,0.0454,0.0963,0.1182,Low,80.55,966.6,66,Two year,Bank transfer (automatic),1,5424,Senior customer | Paperless billing | High charge ($81/mo),Maintain standard lifecycle communications. Quarterly loyalty rewards & early access to new features. Renewal reminder 60 days before contract expiry.
3133-PZNSR,7.5,0.0747,0.0327,0.1392,0.0828,Low,97.75,1173.0,72,Two year,Credit card (automatic),0,5430,Fiber optic (premium price risk) | Paperless billing | High charge ($98/mo),Maintain standard lifecycle communications. Quarterly loyalty rewards & early access to new features. Renewal reminder 60 days before contract expiry.
0906-QVPMS,7.5,0.0753,0.0428,0.1086,0.1068,Low,115.15,1381.8,72,Two year,Bank transfer (automatic),0,5431,Fiber optic (premium price risk) | High charge ($115/mo),Maintain standard lifecycle communications. Quarterly loyalty rewards & early access to new features. Renewal reminder 60 days before contract expiry.
4378-BZYFP,7.4,0.0737,0.0427,0.0848,0.1345,Low,20.5,246.0,17,One year,Mailed check,0,5440,Manual payment method | Paperless billing | Low engagement (0 services),Maintain standard lifecycle communications. Quarterly loyalty rewards & early access to new features. Renewal reminder 60 days before contract expiry.
2325-ZUSFD,7.4,0.0735,0.0562,0.0743,0.1155,Low,70.1,841.2,57,One year,Bank transfer (automatic),1,5443,Paperless billing,Maintain standard lifecycle communications. Quarterly loyalty rewards & early access to new features. Renewal reminder 60 days before contract expiry.
2348-KCJLT,7.4,0.0744,0.0456,0.1138,0.0871,Low,61.5,738.0,44,One year,Mailed check,0,5444,Manual payment method | Paperless billing,Maintain standard lifecycle communications. Quarterly loyalty rewards & early access to new features. Renewal reminder 60 days before contract expiry.
5583-EJXRD,7.4,0.074,0.0356,0.1376,0.0743,Low,54.05,648.6,44,Two year,Credit card (automatic),0,5453,Paperless billing,Maintain standard lifecycle communications. Quarterly loyalty rewards & early access to new features. Renewal reminder 60 days before contract expiry.
2673-ZALNP,7.3,0.0728,0.0405,0.0857,0.1342,Low,19.9,238.8,7,One year,Mailed check,0,5468,Manual payment method | New customer (0-12 months) | Low engagement (0 services),Maintain standard lifecycle communications. Quarterly loyalty rewards & early access to new features. Renewal reminder 60 days before contract expiry.
5327-XOKKY,7.3,0.073,0.0408,0.0923,0.1245,Low,73.45,881.4,72,Two year,Credit card (automatic),0,5471,Senior customer | Paperless billing,Maintain standard lifecycle communications. Quarterly loyalty rewards & early access to new features. Renewal reminder 60 days before contract expiry.
9298-WGMRW,7.2,0.0715,0.041,0.0824,0.1316,Low,115.5,1386.0,72,Two year,Bank transfer (automatic),0,5475,Fiber optic (premium price risk) | Paperless billing | High charge ($116/mo),Maintain standard lifecycle communications. Quarterly loyalty rewards & early access to new features. Renewal reminder 60 days before contract expiry.
9127-FHJBZ,7.1,0.0706,0.0364,0.0847,0.1348,Low,114.0,1368.0,72,Two year,Electronic check,0,5494,Manual payment method | Fiber optic (premium price risk) | Electronic check payment,Maintain standard lifecycle communications. Quarterly loyalty rewards & early access to new features. Renewal reminder 60 days before contract expiry.
5322-TEUJK,7.1,0.0711,0.0351,0.1176,0.0915,Low,114.6,1375.2,71,Two year,Bank transfer (automatic),0,5497,Fiber optic (premium price risk) | High charge ($115/mo),Maintain standard lifecycle communications. Quarterly loyalty rewards & early access to new features. Renewal reminder 60 days before contract expiry.
8869-TORSS,7.1,0.071,0.043,0.1059,0.0887,Low,60.35,724.2,48,One year,Credit card (automatic),1,5498,Paperless billing,Maintain standard lifecycle communications. Quarterly loyalty rewards & early access to new features. Renewal reminder 60 days before contract expiry.
8259-DZLIZ,7.1,0.0706,0.0465,0.101,0.0851,Low,53.85,646.2,64,One year,Bank transfer (automatic),0,5500,Paperless billing | Low engagement (2 services),Maintain standard lifecycle communications. Quarterly loyalty rewards & early access to new features. Renewal reminder 60 days before contract expiry.
9648-BCHKM,7.1,0.071,0.0344,0.1166,0.0944,Low,24.65,295.8,18,Two year,Credit card (automatic),0,5501,Paperless billing | Low engagement (1 services),Maintain standard lifecycle communications. Quarterly loyalty rewards & early access to new features. Renewal reminder 60 days before contract expiry.
9194-GFVOI,7.0,0.0702,0.0361,0.0981,0.1134,Low,84.35,1012.2,42,Two year,Credit card (automatic),0,5503,High charge ($84/mo),Maintain standard lifecycle communications. Quarterly loyalty rewards & early access to new features. Renewal reminder 60 days before contract expiry.
4376-KFVRS,7.0,0.0702,0.0383,0.0845,0.1284,Low,114.05,1368.6,72,Two year,Credit card (automatic),0,5507,Fiber optic (premium price risk) | Paperless billing | High charge ($114/mo),Maintain standard lifecycle communications. Quarterly loyalty rewards & early access to new features. Renewal reminder 60 days before contract expiry.
3298-QEICA,7.0,0.0705,0.0324,0.1364,0.0669,Low,34.6,415.2,23,Two year,Mailed check,0,5511,Manual payment method | Low engagement (2 services),Maintain standard lifecycle communications. Quarterly loyalty rewards & early access to new features. Renewal reminder 60 days before contract expiry.
9258-CNWAC,7.0,0.0698,0.0361,0.1029,0.1044,Low,113.65,1363.8,71,Two year,Credit card (automatic),0,5520,Fiber optic (premium price risk) | High charge ($114/mo),Maintain standard lifecycle communications. Quarterly loyalty rewards & early access to new features. Renewal reminder 60 days before contract expiry.
4056-QHXHZ,6.9,0.0689,0.0485,0.0895,0.0891,Low,107.45,1289.4,72,Two year,Mailed check,0,5532,Manual payment method | Fiber optic (premium price risk) | High charge ($107/mo),Maintain standard lifecycle communications. Quarterly loyalty rewards & early access to new features. Renewal reminder 60 days before contract expiry.
6094-ZIVKX,6.9,0.0688,0.0422,0.1192,0.0597,Low,54.45,653.4,68,One year,Credit card (automatic),0,5534,Paperless billing | Low engagement (2 services),Maintain standard lifecycle communications. Quarterly loyalty rewards & early access to new features. Renewal reminder 60 days before contract expiry.
0853-TWRVK,6.9,0.0691,0.0416,0.1132,0.0718,Low,105.6,1267.2,72,Two year,Bank transfer (automatic),0,5542,Fiber optic (premium price risk) | High charge ($106/mo),Maintain standard lifecycle communications. Quarterly loyalty rewards & early access to new features. Renewal reminder 60 days before contract expiry.
1952-DVVSW,6.8,0.0685,0.0432,0.0809,0.1131,Low,20.1,241.2,10,One year,Mailed check,0,5543,Manual payment method | New customer (0-12 months) | Low engagement (0 services),Maintain standard lifecycle communications. Quarterly loyalty rewards & early access to new features. Renewal reminder 60 days before contract expiry.
7527-QNRUS,6.8,0.0676,0.0349,0.1182,0.0737,Low,25.15,301.8,17,Two year,Mailed check,0,5545,Manual payment method | Paperless billing | Low engagement (1 services),Maintain standard lifecycle communications. Quarterly loyalty rewards & early access to new features. Renewal reminder 60 days before contract expiry.
4464-JCOLN,6.8,0.0679,0.0377,0.0769,0.1298,Low,19.85,238.2,2,One year,Mailed check,1,5548,Manual payment method | New customer (0-12 months) | Low engagement (0 services),Maintain standard lifecycle communications. Quarterly loyalty rewards & early access to new features. Renewal reminder 60 days before contract expiry.
3891-NLXJB,6.8,0.0679,0.0351,0.127,0.0612,Low,40.55,486.6,37,Two year,Mailed check,0,5554,Manual payment method | Paperless billing,Maintain standard lifecycle communications. Quarterly loyalty rewards & early access to new features. Renewal reminder 60 days before contract expiry.
1982-FEBTD,6.8,0.0684,0.0337,0.1244,0.071,Low,25.6,307.2,23,Two year,Credit card (automatic),0,5555,Paperless billing | Low engagement (1 services),Maintain standard lifecycle communications. Quarterly loyalty rewards & early access to new features. Renewal reminder 60 days before contract expiry.
0895-LNKRC,6.5,0.0655,0.0395,0.0769,0.1131,Low,19.45,233.4,6,One year,Mailed check,0,5600,Manual payment method | New customer (0-12 months) | Low engagement (0 services),Maintain standard lifecycle communications. Quarterly loyalty rewards & early access to new features. Renewal reminder 60 days before contract expiry.
7524-VRLPL,6.5,0.0652,0.037,0.1283,0.041,Low,74.1,889.2,69,Two year,Credit card (automatic),0,5601,Senior customer,Maintain standard lifecycle communications. Quarterly loyalty rewards & early access to new features. Renewal reminder 60 days before contract expiry.
3021-VLNRJ,6.5,0.0651,0.0409,0.0884,0.0905,Low,70.8,849.6,50,One year,Credit card (automatic),0,5604,Paperless billing,Maintain standard lifecycle communications. Quarterly loyalty rewards & early access to new features. Renewal reminder 60 days before contract expiry.
1429-UYJSV,6.5,0.0653,0.0448,0.0697,0.11,Low,19.7,236.4,12,One year,Mailed check,0,5605,Manual payment method | New customer (0-12 months) | Low engagement (0 services),Maintain standard lifecycle communications. Quarterly loyalty rewards & early access to new features. Renewal reminder 60 days before contract expiry.
2907-ILJBN,6.5,0.0648,0.0414,0.0885,0.088,Low,20.6,247.2,11,One year,Mailed check,0,5610,Manual payment method | New customer (0-12 months) | Low engagement (0 services),Maintain standard lifecycle communications. Quarterly loyalty rewards & early access to new features. Renewal reminder 60 days before contract expiry.
6754-WKSHP,6.5,0.0645,0.0359,0.101,0.0814,Low,25.35,304.2,30,One year,Bank transfer (automatic),0,5613,Low engagement (1 services),Maintain standard lifecycle communications. Quarterly loyalty rewards & early access to new features. Renewal reminder 60 days before contract expiry.
6754-LZUKA,6.4,0.064,0.0405,0.0862,0.0892,Low,80.9,970.8,61,Two year,Bank transfer (automatic),0,5614,High charge ($81/mo),Maintain standard lifecycle communications. Quarterly loyalty rewards & early access to new features. Renewal reminder 60 days before contract expiry.
0513-RBGPE,6.3,0.0629,0.0317,0.1048,0.0783,Low,62.8,753.6,37,Two year,Credit card (automatic),0,5645,Paperless billing,Maintain standard lifecycle communications. Quarterly loyalty rewards & early access to new features. Renewal reminder 60 days before contract expiry.
2995-YWTCD,6.3,0.0632,0.0344,0.098,0.0831,Low,24.9,298.8,19,Two year,Bank transfer (automatic),0,5651,Paperless billing | Low engagement (1 services),Maintain standard lifecycle communications. Quarterly loyalty rewards & early access to new features. Renewal reminder 60 days before contract expiry.
3933-DQPWX,6.3,0.0627,0.0301,0.1197,0.0586,Low,39.7,476.4,50,Two year,Credit card (automatic),0,5653,Standard risk profile,Maintain standard lifecycle communications. Quarterly loyalty rewards & early access to new features. Renewal reminder 60 days before contract expiry.
3174-AKMAS,6.2,0.0619,0.0318,0.1003,0.0798,Low,64.2,770.4,46,Two year,Credit card (automatic),0,5657,Paperless billing,Maintain standard lifecycle communications. Quarterly loyalty rewards & early access to new features. Renewal reminder 60 days before contract expiry.
1345-ZUKID,6.2,0.0623,0.0422,0.0503,0.1305,Low,19.35,232.2,14,One year,Mailed check,0,5663,Manual payment method | Low engagement (0 services),Maintain standard lifecycle communications. Quarterly loyalty rewards & early access to new features. Renewal reminder 60 days before contract expiry.
6332-FBZRI,6.1,0.0608,0.0386,0.1067,0.0475,Low,69.35,832.2,67,One year,Credit card (automatic),0,5671,Paperless billing,Maintain standard lifecycle communications. Quarterly loyalty rewards & early access to new features. Renewal reminder 60 days before contract expiry.
3378-AJRAO,6.1,0.0612,0.051,0.0716,0.071,Low,24.85,298.2,44,One year,Electronic check,0,5674,Manual payment method | Electronic check payment | Low engagement (1 services),Maintain standard lifecycle communications. Quarterly loyalty rewards & early access to new features. Renewal reminder 60 days before contract expiry.
9470-YFUYI,6.1,0.0611,0.0407,0.1018,0.0509,Low,71.0,852.0,71,One year,Bank transfer (automatic),0,5677,Senior customer | Paperless billing,Maintain standard lifecycle communications. Quarterly loyalty rewards & early access to new features. Renewal reminder 60 days before contract expiry.
6463-MVYRY,6.1,0.0609,0.0317,0.1227,0.0414,Low,69.85,838.2,57,Two year,Bank transfer (automatic),0,5687,Senior customer,Maintain standard lifecycle communications. Quarterly loyalty rewards & early access to new features. Renewal reminder 60 days before contract expiry.
2040-XBAVJ,6.0,0.0604,0.0362,0.0832,0.0868,Low,114.45,1373.4,72,Two year,Bank transfer (automatic),0,5697,Fiber optic (premium price risk) | High charge ($114/mo),Maintain standard lifecycle communications. Quarterly loyalty rewards & early access to new features. Renewal reminder 60 days before contract expiry.
3556-BVQGL,6.0,0.0605,0.0427,0.0494,0.1216,Low,20.0,240.0,20,One year,Mailed check,0,5698,Manual payment method | Paperless billing | Low engagement (0 services),Maintain standard lifecycle communications. Quarterly loyalty rewards & early access to new features. Renewal reminder 60 days before contract expiry.
6685-GBWJZ,6.0,0.0597,0.044,0.0948,0.0465,Low,70.8,849.6,63,One year,Credit card (automatic),0,5699,Standard risk profile,Maintain standard lifecycle communications. Quarterly loyalty rewards & early access to new features. Renewal reminder 60 days before contract expiry.
5312-TSZVC,6.0,0.0598,0.0377,0.0694,0.1007,Low,19.65,235.8,15,One year,Mailed check,0,5701,Manual payment method | Low engagement (0 services),Maintain standard lifecycle communications. Quarterly loyalty rewards & early access to new features. Renewal reminder 60 days before contract expiry.
2676-SSLTO,6.0,0.0604,0.0355,0.0791,0.0945,Low,66.15,793.8,49,Two year,Bank transfer (automatic),0,5703,Paperless billing,Maintain standard lifecycle communications. Quarterly loyalty rewards & early access to new features. Renewal reminder 60 days before contract expiry.
5126-RCXYW,5.9,0.0587,0.0404,0.0895,0.0583,Low,46.0,552.0,54,Two year,Credit card (automatic),0,5707,Standard risk profile,Maintain standard lifecycle communications. Quarterly loyalty rewards & early access to new features. Renewal reminder 60 days before contract expiry.
3724-BSCVH,5.9,0.0593,0.0414,0.067,0.0925,Low,20.45,245.4,10,One year,Mailed check,0,5708,Manual payment method | New customer (0-12 months) | Low engagement (0 services),Maintain standard lifecycle communications. Quarterly loyalty rewards & early access to new features. Renewal reminder 60 days before contract expiry.
3705-PSNGL,5.9,0.0587,0.061,0.042,0.0779,Low,20.4,244.8,45,One year,Electronic check,1,5710,Manual payment method | Electronic check payment | Paperless billing,Maintain standard lifecycle communications. Quarterly loyalty rewards & early access to new features. Renewal reminder 60 days before contract expiry.
8221-HVAYI,5.9,0.059,0.0284,0.1132,0.0543,Low,69.15,829.8,35,Two year,Credit card (automatic),0,5714,Paperless billing,Maintain standard lifecycle communications. Quarterly loyalty rewards & early access to new features. Renewal reminder 60 days before contract expiry.
0835-DUUIQ,5.9,0.0587,0.0343,0.0869,0.0775,Low,21.05,252.6,24,One year,Bank transfer (automatic),0,5715,Low engagement (0 services),Maintain standard lifecycle communications. Quarterly loyalty rewards & early access to new features. Renewal reminder 60 days before contract expiry.
2138-VFAPZ,5.8,0.058,0.0263,0.1058,0.0653,Low,19.7,236.4,14,Two year,Mailed check,0,5717,Manual payment method | Paperless billing | Low engagement (0 services),Maintain standard lifecycle communications. Quarterly loyalty rewards & early access to new features. Renewal reminder 60 days before contract expiry.
2088-IEBAU,5.8,0.0584,0.0394,0.0788,0.075,Low,88.15,1057.8,68,Two year,Electronic check,0,5724,Manual payment method | Electronic check payment | Paperless billing,Maintain standard lifecycle communications. Quarterly loyalty rewards & early access to new features. Renewal reminder 60 days before contract expiry.
3831-YCPUO,5.8,0.058,0.0359,0.0761,0.0864,Low,109.5,1314.0,72,Two year,Credit card (automatic),0,5727,Fiber optic (premium price risk) | Paperless billing | High charge ($110/mo),Maintain standard lifecycle communications. Quarterly loyalty rewards & early access to new features. Renewal reminder 60 days before contract expiry.
1534-OULXE,5.8,0.0581,0.0424,0.0876,0.0531,Low,49.7,596.4,61,One year,Bank transfer (automatic),0,5733,Paperless billing | Low engagement (1 services),Maintain standard lifecycle communications. Quarterly loyalty rewards & early access to new features. Renewal reminder 60 days before contract expiry.
5127-BZENZ,5.7,0.0574,0.0421,0.0586,0.0938,Low,65.2,782.4,56,One year,Bank transfer (automatic),0,5740,Standard risk profile,Maintain standard lifecycle communications. Quarterly loyalty rewards & early access to new features. Renewal reminder 60 days before contract expiry.
2335-GSODA,5.7,0.057,0.0316,0.0935,0.0657,Low,40.1,481.2,23,Two year,Mailed check,0,5743,Manual payment method,Maintain standard lifecycle communications. Quarterly loyalty rewards & early access to new features. Renewal reminder 60 days before contract expiry.
8050-XGRVL,5.7,0.0571,0.04,0.0923,0.0468,Low,54.75,657.0,62,One year,Credit card (automatic),0,5747,Low engagement (2 services),Maintain standard lifecycle communications. Quarterly loyalty rewards & early access to new features. Renewal reminder 60 days before contract expiry.
4632-XJMEX,5.6,0.0557,0.0367,0.1005,0.0357,Low,62.85,754.2,53,One year,Credit card (automatic),0,5756,Standard risk profile,Maintain standard lifecycle communications. Quarterly loyalty rewards & early access to new features. Renewal reminder 60 days before contract expiry.
3108-PCCGG,5.6,0.0563,0.0343,0.0895,0.0616,Low,84.45,1013.4,72,Two year,Credit card (automatic),0,5760,Senior customer | High charge ($84/mo),Maintain standard lifecycle communications. Quarterly loyalty rewards & early access to new features. Renewal reminder 60 days before contract expiry.
5702-KVQRD,5.6,0.0564,0.0361,0.1001,0.0417,Low,82.55,990.6,71,Two year,Electronic check,0,5762,Manual payment method | Electronic check payment | Paperless billing,Maintain standard lifecycle communications. Quarterly loyalty rewards & early access to new features. Renewal reminder 60 days before contract expiry.
9871-ELEYA,5.6,0.056,0.0293,0.1005,0.056,Low,67.65,811.8,34,Two year,Credit card (automatic),0,5764,Standard risk profile,Maintain standard lifecycle communications. Quarterly loyalty rewards & early access to new features. Renewal reminder 60 days before contract expiry.
3398-GCPMU,5.6,0.0557,0.0272,0.1059,0.0516,Low,89.55,1074.6,72,Two year,Credit card (automatic),0,5769,Senior customer | Paperless billing | High charge ($90/mo),Maintain standard lifecycle communications. Quarterly loyalty rewards & early access to new features. Renewal reminder 60 days before contract expiry.
8277-RVRSV,5.5,0.0551,0.0359,0.0693,0.0819,Low,24.15,289.8,33,One year,Credit card (automatic),0,5774,Low engagement (1 services),Maintain standard lifecycle communications. Quarterly loyalty rewards & early access to new features. Renewal reminder 60 days before contract expiry.
4648-YPBTM,5.5,0.0554,0.0366,0.0663,0.0859,Low,73.9,886.8,53,Two year,Bank transfer (automatic),0,5778,Paperless billing,Maintain standard lifecycle communications. Quarterly loyalty rewards & early access to new features. Renewal reminder 60 days before contract expiry.
9483-GCPWE,5.5,0.0554,0.0432,0.0467,0.0989,Low,20.1,241.2,9,One year,Mailed check,0,5780,Manual payment method | New customer (0-12 months) | Low engagement (0 services),Maintain standard lifecycle communications. Quarterly loyalty rewards & early access to new features. Renewal reminder 60 days before contract expiry.
0487-CRLZF,5.5,0.0552,0.0337,0.0543,0.1104,Low,74.45,893.4,49,Two year,Bank transfer (automatic),0,5781,Paperless billing,Maintain standard lifecycle communications. Quarterly loyalty rewards & early access to new features. Renewal reminder 60 days before contract expiry.
7609-NRNCA,5.5,0.0546,0.036,0.0472,0.112,Low,19.55,234.6,17,One year,Mailed check,0,5782,Manual payment method | Low engagement (0 services),Maintain standard lifecycle communications. Quarterly loyalty rewards & early access to new features. Renewal reminder 60 days before contract expiry.
9674-EHPPG,5.5,0.0549,0.0312,0.0958,0.0526,Low,40.4,484.8,46,Two year,Credit card (automatic),0,5783,Standard risk profile,Maintain standard lifecycle communications. Quarterly loyalty rewards & early access to new features. Renewal reminder 60 days before contract expiry.
9968-FFVVH,5.4,0.0536,0.0376,0.0837,0.0485,Low,68.8,825.6,63,One year,Bank transfer (automatic),0,5791,Standard risk profile,Maintain standard lifecycle communications. Quarterly loyalty rewards & early access to new features. Renewal reminder 60 days before contract expiry.
7244-KXYZN,5.4,0.0537,0.0365,0.0491,0.1037,Low,20.45,245.4,24,One year,Credit card (automatic),0,5795,Low engagement (0 services),Maintain standard lifecycle communications. Quarterly loyalty rewards & early access to new features. Renewal reminder 60 days before contract expiry.
0307-BCOPK,5.3,0.0526,0.0395,0.0281,0.1224,Low,19.05,228.6,16,One year,Mailed check,0,5808,Manual payment method | Low engagement (0 services),Maintain standard lifecycle communications. Quarterly loyalty rewards & early access to new features. Renewal reminder 60 days before contract expiry.
0916-KNFAJ,5.3,0.0533,0.0314,0.0887,0.0549,Low,69.9,838.8,61,Two year,Mailed check,0,5809,Manual payment method | Paperless billing,Maintain standard lifecycle communications. Quarterly loyalty rewards & early access to new features. Renewal reminder 60 days before contract expiry.
5158-RIVOP,5.3,0.0528,0.0259,0.097,0.0539,Low,20.9,250.8,11,Two year,Credit card (automatic),0,5815,New customer (0-12 months) | Low engagement (0 services),Maintain standard lifecycle communications. Quarterly loyalty rewards & early access to new features. Renewal reminder 60 days before contract expiry.
5313-FPXWG,5.2,0.0518,0.0408,0.0575,0.0707,Low,24.6,295.2,51,One year,Bank transfer (automatic),0,5824,Paperless billing | Low engagement (1 services),Maintain standard lifecycle communications. Quarterly loyalty rewards & early access to new features. Renewal reminder 60 days before contract expiry.
0754-EEBDC,5.2,0.0521,0.0344,0.0762,0.0602,Low,19.9,238.8,4,Two year,Mailed check,0,5826,Manual payment method | New customer (0-12 months) | Low engagement (0 services),Maintain standard lifecycle communications. Quarterly loyalty rewards & early access to new features. Renewal reminder 60 days before contract expiry.
1568-LJSZU,5.2,0.0516,0.0368,0.0821,0.0431,Low,92.2,1106.4,68,Two year,Credit card (automatic),0,5835,Paperless billing | High charge ($92/mo),Maintain standard lifecycle communications. Quarterly loyalty rewards & early access to new features. Renewal reminder 60 days before contract expiry.
3594-BDSOA,5.1,0.0511,0.0365,0.0423,0.101,Low,20.4,244.8,24,One year,Credit card (automatic),0,5840,Low engagement (0 services),Maintain standard lifecycle communications. Quarterly loyalty rewards & early access to new features. Renewal reminder 60 days before contract expiry.
1069-QJOEE,5.1,0.0507,0.0501,0.0238,0.0925,Low,19.9,238.8,25,One year,Electronic check,0,5841,Manual payment method | Electronic check payment | Low engagement (0 services),Maintain standard lifecycle communications. Quarterly loyalty rewards & early access to new features. Renewal reminder 60 days before contract expiry.
1023-BQXZE,5.1,0.051,0.0338,0.0595,0.0811,Low,74.35,892.2,57,Two year,Bank transfer (automatic),0,5843,Paperless billing,Maintain standard lifecycle communications. Quarterly loyalty rewards & early access to new features. Renewal reminder 60 days before contract expiry.
5696-JVVQY,5.1,0.0509,0.0322,0.0793,0.055,Low,70.1,841.2,48,Two year,Credit card (automatic),0,5844,Paperless billing,Maintain standard lifecycle communications. Quarterly loyalty rewards & early access to new features. Renewal reminder 60 days before contract expiry.
1272-ILHFG,5.1,0.0513,0.0395,0.0386,0.0997,Low,19.65,235.8,15,One year,Mailed check,0,5847,Manual payment method | Low engagement (0 services),Maintain standard lifecycle communications. Quarterly loyalty rewards & early access to new features. Renewal reminder 60 days before contract expiry.
3745-HRPHI,5.0,0.0497,0.0365,0.0688,0.0537,Low,54.65,655.8,66,Two year,Bank transfer (automatic),0,5855,Standard risk profile,Maintain standard lifecycle communications. Quarterly loyalty rewards & early access to new features. Renewal reminder 60 days before contract expiry.
3125-RAHBV,5.0,0.0499,0.0372,0.0299,0.1116,Low,20.3,243.6,22,One year,Credit card (automatic),0,5856,Low engagement (0 services),Maintain standard lifecycle communications. Quarterly loyalty rewards & early access to new features. Renewal reminder 60 days before contract expiry.
6870-ZWMNX,5.0,0.0499,0.0308,0.0906,0.0368,Low,76.1,913.2,70,Two year,Credit card (automatic),0,5859,Standard risk profile,Maintain standard lifecycle communications. Quarterly loyalty rewards & early access to new features. Renewal reminder 60 days before contract expiry.
1525-LNLOJ,5.0,0.0496,0.0358,0.0595,0.0691,Low,63.3,759.6,66,Two year,Bank transfer (automatic),0,5873,Paperless billing,Maintain standard lifecycle communications. Quarterly loyalty rewards & early access to new features. Renewal reminder 60 days before contract expiry.
6388-TABGU,5.0,0.0495,0.0373,0.0803,0.034,Low,56.15,673.8,62,One year,Bank transfer (automatic),0,5876,Low engagement (2 services),Maintain standard lifecycle communications. Quarterly loyalty rewards & early access to new features. Renewal reminder 60 days before contract expiry.
3967-KXAPS,4.9,0.0488,0.0289,0.0904,0.0363,Low,92.3,1107.6,72,Two year,Credit card (automatic),0,5879,High charge ($92/mo),Maintain standard lifecycle communications. Quarterly loyalty rewards & early access to new features. Renewal reminder 60 days before contract expiry.
2150-OEGBV,4.9,0.0488,0.034,0.0486,0.086,Low,20.1,241.2,27,One year,Bank transfer (automatic),0,5892,Low engagement (0 services),Maintain standard lifecycle communications. Quarterly loyalty rewards & early access to new features. Renewal reminder 60 days before contract expiry.
3546-GHEAE,4.9,0.0486,0.0306,0.0652,0.0687,Low,19.45,233.4,7,Two year,Mailed check,0,5893,Manual payment method | New customer (0-12 months) | Low engagement (0 services),Maintain standard lifecycle communications. Quarterly loyalty rewards & early access to new features. Renewal reminder 60 days before contract expiry.
6723-CEGQI,4.8,0.0484,0.0288,0.0951,0.0271,Low,45.25,543.0,65,Two year,Mailed check,0,5900,Manual payment method,Maintain standard lifecycle communications. Quarterly loyalty rewards & early access to new features. Renewal reminder 60 days before contract expiry.
2324-AALNO,4.8,0.0478,0.0356,0.057,0.0645,Low,24.55,294.6,48,One year,Bank transfer (automatic),0,5901,Low engagement (1 services),Maintain standard lifecycle communications. Quarterly loyalty rewards & early access to new features. Renewal reminder 60 days before contract expiry.
0071-NDAFP,4.8,0.0484,0.0289,0.0783,0.0521,Low,25.5,306.0,25,Two year,Credit card (automatic),0,5902,Low engagement (1 services),Maintain standard lifecycle communications. Quarterly loyalty rewards & early access to new features. Renewal reminder 60 days before contract expiry.
7401-JIXNM,4.8,0.0477,0.0349,0.0657,0.0527,Low,91.3,1095.6,54,Two year,Credit card (automatic),0,5909,High charge ($91/mo),Maintain standard lifecycle communications. Quarterly loyalty rewards & early access to new features. Renewal reminder 60 days before contract expiry.
2252-NKNSI,4.8,0.0485,0.0388,0.0596,0.0559,Low,85.15,1021.8,52,Two year,Mailed check,0,5910,Manual payment method | Paperless billing | High charge ($85/mo),Maintain standard lifecycle communications. Quarterly loyalty rewards & early access to new features. Renewal reminder 60 days before contract expiry.
9030-QGZNL,4.7,0.0471,0.0322,0.063,0.0607,Low,20.85,250.2,8,Two year,Mailed check,0,5916,Manual payment method | New customer (0-12 months) | Low engagement (0 services),Maintain standard lifecycle communications. Quarterly loyalty rewards & early access to new features. Renewal reminder 60 days before contract expiry.
1776-SPBWV,4.7,0.0474,0.0353,0.0557,0.0655,Low,20.1,241.2,34,One year,Bank transfer (automatic),0,5917,Paperless billing | Low engagement (0 services),Maintain standard lifecycle communications. Quarterly loyalty rewards & early access to new features. Renewal reminder 60 days before contract expiry.
4709-LKHYG,4.7,0.0468,0.0441,0.0306,0.0778,Low,20.0,240.0,29,One year,Electronic check,0,5919,Manual payment method | Electronic check payment | Low engagement (0 services),Maintain standard lifecycle communications. Quarterly loyalty rewards & early access to new features. Renewal reminder 60 days before contract expiry.
7975-JMZNT,4.7,0.0471,0.0332,0.0742,0.0411,Low,91.7,1100.4,66,Two year,Bank transfer (automatic),0,5922,High charge ($92/mo),Maintain standard lifecycle communications. Quarterly loyalty rewards & early access to new features. Renewal reminder 60 days before contract expiry.
9531-NSBMR,4.7,0.0466,0.0343,0.0464,0.0777,Low,19.25,231.0,36,One year,Bank transfer (automatic),0,5928,Paperless billing | Low engagement (0 services),Maintain standard lifecycle communications. Quarterly loyalty rewards & early access to new features. Renewal reminder 60 days before contract expiry.
0383-CLDDA,4.7,0.0468,0.0382,0.0507,0.0626,Low,85.35,1024.2,69,Two year,Credit card (automatic),0,5929,Paperless billing | High charge ($85/mo),Maintain standard lifecycle communications. Quarterly loyalty rewards & early access to new features. Renewal reminder 60 days before contract expiry.
0436-TWFFZ,4.6,0.0456,0.0371,0.0552,0.0523,Low,85.25,1023.0,67,Two year,Mailed check,0,5942,Manual payment method | Paperless billing | High charge ($85/mo),Maintain standard lifecycle communications. Quarterly loyalty rewards & early access to new features. Renewal reminder 60 days before contract expiry.
9224-VTYID,4.6,0.0463,0.0332,0.0546,0.0665,Low,90.5,1086.0,47,Two year,Mailed check,0,5943,Manual payment method | Paperless billing | High charge ($90/mo),Maintain standard lifecycle communications. Quarterly loyalty rewards & early access to new features. Renewal reminder 60 days before contract expiry.
1335-MXCSE,4.6,0.0456,0.0294,0.0772,0.0388,Low,55.25,663.0,55,Two year,Credit card (automatic),0,5946,Paperless billing | Low engagement (2 services),Maintain standard lifecycle communications. Quarterly loyalty rewards & early access to new features. Renewal reminder 60 days before contract expiry.
2650-GYRYL,4.5,0.0451,0.0333,0.0488,0.069,Low,19.45,233.4,33,One year,Bank transfer (automatic),0,5961,Paperless billing | Low engagement (0 services),Maintain standard lifecycle communications. Quarterly loyalty rewards & early access to new features. Renewal reminder 60 days before contract expiry.
1194-BHJYC,4.5,0.0448,0.0335,0.058,0.0534,Low,62.15,745.8,61,Two year,Mailed check,0,5966,Manual payment method | Paperless billing,Maintain standard lifecycle communications. Quarterly loyalty rewards & early access to new features. Renewal reminder 60 days before contract expiry.
9945-PSVIP,4.5,0.0448,0.0215,0.0858,0.0418,Low,18.7,224.4,25,Two year,Mailed check,0,5970,Manual payment method | Paperless billing | Low engagement (0 services),Maintain standard lifecycle communications. Quarterly loyalty rewards & early access to new features. Renewal reminder 60 days before contract expiry.
6518-KZXCB,4.5,0.045,0.0314,0.0582,0.0589,Low,25.25,303.0,22,Two year,Mailed check,0,5972,Manual payment method | Low engagement (1 services),Maintain standard lifecycle communications. Quarterly loyalty rewards & early access to new features. Renewal reminder 60 days before contract expiry.
8314-HTWVE,4.4,0.0442,0.0268,0.0666,0.054,Low,19.85,238.2,7,Two year,Mailed check,0,5981,Manual payment method | New customer (0-12 months) | Low engagement (0 services),Maintain standard lifecycle communications. Quarterly loyalty rewards & early access to new features. Renewal reminder 60 days before contract expiry.
2987-BJXIK,4.4,0.0443,0.0336,0.0614,0.0455,Low,84.7,1016.4,70,Two year,Mailed check,0,5987,Manual payment method | High charge ($85/mo),Maintain standard lifecycle communications. Quarterly loyalty rewards & early access to new features. Renewal reminder 60 days before contract expiry.
0379-DJQHR,4.4,0.0443,0.032,0.0729,0.0322,Low,81.35,976.2,67,Two year,Credit card (automatic),0,5988,High charge ($81/mo),Maintain standard lifecycle communications. Quarterly loyalty rewards & early access to new features. Renewal reminder 60 days before contract expiry.
3161-ONRWK,4.4,0.0437,0.0354,0.0619,0.0372,Low,65.85,790.2,60,One year,Bank transfer (automatic),0,5992,Paperless billing,Maintain standard lifecycle communications. Quarterly loyalty rewards & early access to new features. Renewal reminder 60 days before contract expiry.
7872-BAAZR,4.4,0.0436,0.0301,0.0756,0.0295,Low,19.55,234.6,53,One year,Bank transfer (automatic),0,5998,Low engagement (0 services),Maintain standard lifecycle communications. Quarterly loyalty rewards & early access to new features. Renewal reminder 60 days before contract expiry.
7009-PCARS,4.4,0.0437,0.0292,0.0785,0.0276,Low,19.1,229.2,55,One year,Bank transfer (automatic),0,6008,Low engagement (0 services),Maintain standard lifecycle communications. Quarterly loyalty rewards & early access to new features. Renewal reminder 60 days before contract expiry.
8966-KZXXA,4.3,0.0427,0.0221,0.0833,0.0335,Low,25.1,301.2,36,Two year,Credit card (automatic),0,6013,Low engagement (1 services),Maintain standard lifecycle communications. Quarterly loyalty rewards & early access to new features. Renewal reminder 60 days before contract expiry.
0336-KXKFK,4.3,0.0431,0.0312,0.0588,0.0492,Low,61.2,734.4,72,Two year,Credit card (automatic),0,6024,Paperless billing,Maintain standard lifecycle communications. Quarterly loyalty rewards & early access to new features. Renewal reminder 60 days before contract expiry.
7073-QETQY,4.3,0.043,0.0532,0.0382,0.025,Low,20.35,244.2,66,One year,Electronic check,0,6027,Manual payment method | Electronic check payment | Paperless billing,Maintain standard lifecycle communications. Quarterly loyalty rewards & early access to new features. Renewal reminder 60 days before contract expiry.
8413-YNHNV,4.3,0.0428,0.0332,0.0649,0.0339,Low,90.65,1087.8,69,Two year,Mailed check,0,6028,Manual payment method | High charge ($91/mo),Maintain standard lifecycle communications. Quarterly loyalty rewards & early access to new features. Renewal reminder 60 days before contract expiry.
4092-OFQZS,4.3,0.0432,0.0378,0.0196,0.0923,Low,20.65,247.8,20,One year,Mailed check,0,6030,Manual payment method | Low engagement (0 services),Maintain standard lifecycle communications. Quarterly loyalty rewards & early access to new features. Renewal reminder 60 days before contract expiry.
2829-HYVZP,4.3,0.0428,0.0385,0.0222,0.0847,Low,19.8,237.6,29,One year,Mailed check,0,6033,Manual payment method | Paperless billing | Low engagement (0 services),Maintain standard lifecycle communications. Quarterly loyalty rewards & early access to new features. Renewal reminder 60 days before contract expiry.
5847-MXBEO,4.3,0.0435,0.0372,0.0238,0.0887,Low,20.3,243.6,22,One year,Mailed check,0,6041,Manual payment method | Low engagement (0 services),Maintain standard lifecycle communications. Quarterly loyalty rewards & early access to new features. Renewal reminder 60 days before contract expiry.
0909-SELIE,4.2,0.0421,0.0277,0.0653,0.0434,Low,80.8,969.6,61,Two year,Bank transfer (automatic),0,6051,Paperless billing | High charge ($81/mo),Maintain standard lifecycle communications. Quarterly loyalty rewards & early access to new features. Renewal reminder 60 days before contract expiry.
6199-IPCAO,4.2,0.0419,0.0227,0.0799,0.0331,Low,26.1,313.2,29,Two year,Mailed check,0,6052,Manual payment method | Low engagement (1 services),Maintain standard lifecycle communications. Quarterly loyalty rewards & early access to new features. Renewal reminder 60 days before contract expiry.
1972-XMUWV,4.2,0.0419,0.0274,0.0648,0.044,Low,59.8,717.6,65,Two year,Credit card (automatic),0,6060,Paperless billing | Low engagement (2 services),Maintain standard lifecycle communications. Quarterly loyalty rewards & early access to new features. Renewal reminder 60 days before contract expiry.
0214-JHPFW,4.2,0.0423,0.0337,0.048,0.0554,Low,57.8,693.6,70,Two year,Bank transfer (automatic),0,6065,Standard risk profile,Maintain standard lifecycle communications. Quarterly loyalty rewards & early access to new features. Renewal reminder 60 days before contract expiry.
5472-CVMDX,4.2,0.0418,0.0293,0.0778,0.0191,Low,38.9,466.8,68,Two year,Mailed check,0,6068,Manual payment method,Maintain standard lifecycle communications. Quarterly loyalty rewards & early access to new features. Renewal reminder 60 days before contract expiry.
3227-WLKLI,4.2,0.0424,0.031,0.0661,0.0351,Low,91.55,1098.6,65,Two year,Bank transfer (automatic),0,6069,High charge ($92/mo),Maintain standard lifecycle communications. Quarterly loyalty rewards & early access to new features. Renewal reminder 60 days before contract expiry.
1265-BCFEO,4.2,0.0417,0.0283,0.0433,0.0731,Low,80.45,965.4,71,Two year,Bank transfer (automatic),0,6074,Paperless billing | High charge ($80/mo),Maintain standard lifecycle communications. Quarterly loyalty rewards & early access to new features. Renewal reminder 60 days before contract expiry.
0604-THJFP,4.2,0.0417,0.0283,0.0561,0.0538,Low,75.95,911.4,59,Two year,Credit card (automatic),0,6079,Paperless billing,Maintain standard lifecycle communications. Quarterly loyalty rewards & early access to new features. Renewal reminder 60 days before contract expiry.
2675-IJRGJ,4.1,0.0407,0.0191,0.0924,0.0173,Low,19.65,235.8,53,Two year,Bank transfer (automatic),0,6089,Low engagement (0 services),Maintain standard lifecycle communications. Quarterly loyalty rewards & early access to new features. Renewal reminder 60 days before contract expiry.
9073-ZZIAY,4.1,0.0413,0.0302,0.0656,0.0326,Low,86.1,1033.2,62,Two year,Electronic check,0,6091,Manual payment method | Electronic check payment | High charge ($86/mo),Maintain standard lifecycle communications. Quarterly loyalty rewards & early access to new features. Renewal reminder 60 days before contract expiry.
8404-VIOMB,4.1,0.0405,0.0323,0.0405,0.0609,Low,62.5,750.0,66,Two year,Bank transfer (automatic),0,6093,Paperless billing,Maintain standard lifecycle communications. Quarterly loyalty rewards & early access to new features. Renewal reminder 60 days before contract expiry.
3649-JPUGY,4.1,0.0406,0.0303,0.0488,0.0542,Low,88.6,1063.2,72,Two year,Bank transfer (automatic),0,6102,Paperless billing | High charge ($89/mo),Maintain standard lifecycle communications. Quarterly loyalty rewards & early access to new features. Renewal reminder 60 days before contract expiry.
3884-UEBXB,4.1,0.041,0.0318,0.0715,0.0185,Low,36.15,433.8,67,Two year,Bank transfer (automatic),0,6107,Low engagement (2 services),Maintain standard lifecycle communications. Quarterly loyalty rewards & early access to new features. Renewal reminder 60 days before contract expiry.
8626-PTQGE,4.0,0.04,0.0355,0.0442,0.0452,Low,60.05,720.6,69,Two year,Bank transfer (automatic),0,6112,Paperless billing,Maintain standard lifecycle communications. Quarterly loyalty rewards & early access to new features. Renewal reminder 60 days before contract expiry.
0016-QLJIS,4.0,0.0396,0.0307,0.0541,0.0399,Low,90.45,1085.4,65,Two year,Mailed check,0,6114,Manual payment method | Paperless billing | High charge ($90/mo),Maintain standard lifecycle communications. Quarterly loyalty rewards & early access to new features. Renewal reminder 60 days before contract expiry.
3778-FOAQW,4.0,0.0403,0.0326,0.0263,0.0804,Low,20.15,241.8,24,One year,Mailed check,0,6115,Manual payment method | Low engagement (0 services),Maintain standard lifecycle communications. Quarterly loyalty rewards & early access to new features. Renewal reminder 60 days before contract expiry.
5736-YEJAX,4.0,0.0404,0.0244,0.0728,0.0318,Low,79.45,953.4,69,Two year,Credit card (automatic),0,6122,Paperless billing,Maintain standard lifecycle communications. Quarterly loyalty rewards & early access to new features. Renewal reminder 60 days before contract expiry.
8069-RHUXK,4.0,0.0395,0.0293,0.0711,0.0178,Low,35.7,428.4,67,Two year,Credit card (automatic),0,6125,Low engagement (2 services),Maintain standard lifecycle communications. Quarterly loyalty rewards & early access to new features. Renewal reminder 60 days before contract expiry.
4701-LKOZD,4.0,0.0404,0.0331,0.0497,0.0446,Low,89.75,1077.0,70,Two year,Credit card (automatic),0,6126,High charge ($90/mo),Maintain standard lifecycle communications. Quarterly loyalty rewards & early access to new features. Renewal reminder 60 days before contract expiry.
8194-PEEBY,4.0,0.0396,0.0343,0.0292,0.0684,Low,19.9,238.8,24,One year,Mailed check,0,6133,Manual payment method | Low engagement (0 services),Maintain standard lifecycle communications. Quarterly loyalty rewards & early access to new features. Renewal reminder 60 days before contract expiry.
6953-PBDIN,4.0,0.0403,0.0291,0.0579,0.0417,Low,72.95,875.4,70,Two year,Bank transfer (automatic),0,6140,Standard risk profile,Maintain standard lifecycle communications. Quarterly loyalty rewards & early access to new features. Renewal reminder 60 days before contract expiry.
3460-TJBWI,3.9,0.039,0.0289,0.0512,0.046,Low,24.2,290.4,24,Two year,Mailed check,0,6142,Manual payment method | Low engagement (1 services),Maintain standard lifecycle communications. Quarterly loyalty rewards & early access to new features. Renewal reminder 60 days before contract expiry.
4102-HLENU,3.9,0.0391,0.0249,0.0746,0.0212,Low,65.65,787.8,67,Two year,Mailed check,0,6152,Manual payment method,Maintain standard lifecycle communications. Quarterly loyalty rewards & early access to new features. Renewal reminder 60 days before contract expiry.
8908-SLFCJ,3.9,0.0392,0.027,0.0373,0.0723,Low,20.85,250.2,21,Two year,Credit card (automatic),0,6156,Paperless billing | Low engagement (0 services),Maintain standard lifecycle communications. Quarterly loyalty rewards & early access to new features. Renewal reminder 60 days before contract expiry.
6698-OXETB,3.9,0.0395,0.0285,0.0478,0.0542,Low,20.4,244.8,11,Two year,Mailed check,0,6167,Manual payment method | New customer (0-12 months) | Low engagement (0 services),Maintain standard lifecycle communications. Quarterly loyalty rewards & early access to new features. Renewal reminder 60 days before contract expiry.
5915-ANOEI,3.9,0.0388,0.028,0.0676,0.0228,Low,79.15,949.8,70,Two year,Mailed check,0,6168,Manual payment method,Maintain standard lifecycle communications. Quarterly loyalty rewards & early access to new features. Renewal reminder 60 days before contract expiry.
6823-SIDFQ,3.9,0.039,0.0302,0.0154,0.0965,Low,18.25,219.0,28,One year,Credit card (automatic),0,6169,Low engagement (0 services),Maintain standard lifecycle communications. Quarterly loyalty rewards & early access to new features. Renewal reminder 60 days before contract expiry.
5057-RKGLH,3.9,0.0391,0.0274,0.0525,0.0482,Low,20.35,244.2,9,Two year,Mailed check,0,6171,Manual payment method | New customer (0-12 months) | Low engagement (0 services),Maintain standard lifecycle communications. Quarterly loyalty rewards & early access to new features. Renewal reminder 60 days before contract expiry.
8430-TWCBX,3.9,0.0389,0.034,0.0434,0.0443,Low,20.7,248.4,49,One year,Credit card (automatic),0,6172,Low engagement (0 services),Maintain standard lifecycle communications. Quarterly loyalty rewards & early access to new features. Renewal reminder 60 days before contract expiry.
0019-GFNTW,3.9,0.0389,0.0316,0.0565,0.0309,Low,45.05,540.6,56,Two year,Bank transfer (automatic),0,6173,Standard risk profile,Maintain standard lifecycle communications. Quarterly loyalty rewards & early access to new features. Renewal reminder 60 days before contract expiry.
9489-JMTTN,3.9,0.0393,0.0259,0.0654,0.034,Low,89.75,1077.0,72,Two year,Credit card (automatic),0,6174,High charge ($90/mo),Maintain standard lifecycle communications. Quarterly loyalty rewards & early access to new features. Renewal reminder 60 days before contract expiry.
0969-RGKCU,3.9,0.0387,0.0318,0.0349,0.0617,Low,19.8,237.6,37,One year,Credit card (automatic),0,6175,Low engagement (0 services),Maintain standard lifecycle communications. Quarterly loyalty rewards & early access to new features. Renewal reminder 60 days before contract expiry.
5458-CQJTA,3.9,0.0392,0.0302,0.0578,0.034,Low,74.8,897.6,65,Two year,Bank transfer (automatic),1,6182,Paperless billing,Maintain standard lifecycle communications. Quarterly loyalty rewards & early access to new features. Renewal reminder 60 days before contract expiry.
3796-ENZGF,3.9,0.0394,0.0308,0.0532,0.0402,Low,67.25,807.0,63,Two year,Mailed check,0,6184,Manual payment method,Maintain standard lifecycle communications. Quarterly loyalty rewards & early access to new features. Renewal reminder 60 days before contract expiry.
8181-YHCMF,3.9,0.0386,0.0303,0.047,0.0467,Low,60.3,723.6,68,Two year,Credit card (automatic),0,6185,Standard risk profile,Maintain standard lifecycle communications. Quarterly loyalty rewards & early access to new features. Renewal reminder 60 days before contract expiry.
6248-TKCQV,3.8,0.0379,0.0302,0.0495,0.04,Low,80.6,967.2,70,Two year,Bank transfer (automatic),0,6189,Paperless billing | High charge ($81/mo),Maintain standard lifecycle communications. Quarterly loyalty rewards & early access to new features. Renewal reminder 60 days before contract expiry.
0556-FJEGU,3.8,0.0382,0.0276,0.0551,0.0392,Low,70.1,841.2,58,Two year,Bank transfer (automatic),0,6195,Standard risk profile,Maintain standard lifecycle communications. Quarterly loyalty rewards & early access to new features. Renewal reminder 60 days before contract expiry.
0114-IGABW,3.8,0.0382,0.0288,0.0443,0.0526,Low,58.25,699.0,71,Two year,Bank transfer (automatic),0,6199,Standard risk profile,Maintain standard lifecycle communications. Quarterly loyalty rewards & early access to new features. Renewal reminder 60 days before contract expiry.
5627-TVBPP,3.8,0.0385,0.0333,0.0279,0.0673,Low,20.1,241.2,35,One year,Credit card (automatic),0,6203,Paperless billing | Low engagement (0 services),Maintain standard lifecycle communications. Quarterly loyalty rewards & early access to new features. Renewal reminder 60 days before contract expiry.
5016-LIPDW,3.8,0.0381,0.0311,0.0615,0.0203,Low,19.4,232.8,57,One year,Mailed check,0,6204,Manual payment method | Low engagement (0 services),Maintain standard lifecycle communications. Quarterly loyalty rewards & early access to new features. Renewal reminder 60 days before contract expiry.
1775-KWJKQ,3.8,0.0382,0.0248,0.0639,0.0331,Low,89.85,1078.2,72,Two year,Credit card (automatic),0,6206,High charge ($90/mo),Maintain standard lifecycle communications. Quarterly loyalty rewards & early access to new features. Renewal reminder 60 days before contract expiry.
7473-ZBDSN,3.8,0.0382,0.0224,0.0539,0.0541,Low,18.8,225.6,14,Two year,Mailed check,0,6208,Manual payment method | Low engagement (0 services),Maintain standard lifecycle communications. Quarterly loyalty rewards & early access to new features. Renewal reminder 60 days before contract expiry.
5214-CHIWJ,3.8,0.0377,0.034,0.0209,0.0721,Low,20.3,243.6,27,One year,Mailed check,0,6211,Manual payment method | Low engagement (0 services),Maintain standard lifecycle communications. Quarterly loyalty rewards & early access to new features. Renewal reminder 60 days before contract expiry.
1757-TCATG,3.7,0.037,0.0319,0.037,0.0495,Low,20.05,240.6,35,One year,Bank transfer (automatic),0,6231,Low engagement (0 services),Maintain standard lifecycle communications. Quarterly loyalty rewards & early access to new features. Renewal reminder 60 days before contract expiry.
7157-SMCFK,3.7,0.0368,0.0192,0.0853,0.008,Low,19.75,237.0,61,Two year,Mailed check,0,6235,Manual payment method | Low engagement (0 services),Maintain standard lifecycle communications. Quarterly loyalty rewards & early access to new features. Renewal reminder 60 days before contract expiry.
5924-SNGKP,3.7,0.0371,0.0352,0.0196,0.068,Low,20.25,243.0,41,One year,Credit card (automatic),0,6236,Paperless billing | Low engagement (0 services),Maintain standard lifecycle communications. Quarterly loyalty rewards & early access to new features. Renewal reminder 60 days before contract expiry.
1293-HHSHJ,3.7,0.0373,0.034,0.0347,0.0491,Low,21.1,253.2,35,One year,Mailed check,0,6244,Manual payment method | Low engagement (0 services),Maintain standard lifecycle communications. Quarterly loyalty rewards & early access to new features. Renewal reminder 60 days before contract expiry.
5495-GPSRW,3.7,0.0373,0.027,0.0375,0.0627,Low,19.7,236.4,20,Two year,Mailed check,0,6247,Manual payment method | Paperless billing | Low engagement (0 services),Maintain standard lifecycle communications. Quarterly loyalty rewards & early access to new features. Renewal reminder 60 days before contract expiry.
2925-VDZHY,3.7,0.0365,0.0237,0.059,0.0349,Low,88.7,1064.4,72,Two year,Credit card (automatic),0,6251,High charge ($89/mo),Maintain standard lifecycle communications. Quarterly loyalty rewards & early access to new features. Renewal reminder 60 days before contract expiry.
9359-JANWS,3.7,0.0374,0.0242,0.0714,0.0195,Low,58.9,706.8,65,Two year,Credit card (automatic),0,6255,Standard risk profile,Maintain standard lifecycle communications. Quarterly loyalty rewards & early access to new features. Renewal reminder 60 days before contract expiry.
4674-HGNUA,3.7,0.0368,0.0248,0.0587,0.0338,Low,89.9,1078.8,71,Two year,Credit card (automatic),0,6256,High charge ($90/mo),Maintain standard lifecycle communications. Quarterly loyalty rewards & early access to new features. Renewal reminder 60 days before contract expiry.
4538-WNTMJ,3.7,0.0374,0.0334,0.0382,0.0461,Low,24.95,299.4,46,One year,Mailed check,0,6264,Manual payment method | Low engagement (1 services),Maintain standard lifecycle communications. Quarterly loyalty rewards & early access to new features. Renewal reminder 60 days before contract expiry.
1716-LSAMB,3.7,0.0367,0.027,0.0583,0.0284,Low,54.65,655.8,45,Two year,Bank transfer (automatic),0,6267,Low engagement (2 services),Maintain standard lifecycle communications. Quarterly loyalty rewards & early access to new features. Renewal reminder 60 days before contract expiry.
6164-HAQTX,3.6,0.036,0.0259,0.0595,0.0261,Low,53.95,647.4,71,Two year,Bank transfer (automatic),0,6272,Standard risk profile,Maintain standard lifecycle communications. Quarterly loyalty rewards & early access to new features. Renewal reminder 60 days before contract expiry.
8722-PRFDV,3.6,0.0363,0.0262,0.0572,0.0304,Low,77.55,930.6,71,Two year,Credit card (automatic),0,6280,Standard risk profile,Maintain standard lifecycle communications. Quarterly loyalty rewards & early access to new features. Renewal reminder 60 days before contract expiry.
9348-ROUAI,3.6,0.0359,0.0298,0.0396,0.0458,Low,90.3,1083.6,59,Two year,Credit card (automatic),0,6281,High charge ($90/mo),Maintain standard lifecycle communications. Quarterly loyalty rewards & early access to new features. Renewal reminder 60 days before contract expiry.
8882-TLVRW,3.6,0.0362,0.0312,0.0592,0.0143,Low,39.1,469.2,69,Two year,Mailed check,0,6282,Manual payment method,Maintain standard lifecycle communications. Quarterly loyalty rewards & early access to new features. Renewal reminder 60 days before contract expiry.
1722-LDZJS,3.6,0.0364,0.0319,0.048,0.0304,Low,20.2,242.4,53,One year,Credit card (automatic),0,6283,Low engagement (0 services),Maintain standard lifecycle communications. Quarterly loyalty rewards & early access to new features. Renewal reminder 60 days before contract expiry.
0123-CRBRT,3.6,0.0355,0.027,0.0467,0.04,Low,88.1,1057.2,61,Two year,Mailed check,0,6284,Manual payment method | High charge ($88/mo),Maintain standard lifecycle communications. Quarterly loyalty rewards & early access to new features. Renewal reminder 60 days before contract expiry.
5067-WJEUN,3.6,0.0363,0.0253,0.0657,0.0195,Low,54.2,650.4,67,Two year,Bank transfer (automatic),0,6287,Paperless billing | Low engagement (2 services),Maintain standard lifecycle communications. Quarterly loyalty rewards & early access to new features. Renewal reminder 60 days before contract expiry.
8042-RNLKO,3.6,0.036,0.0352,0.0425,0.0281,Low,25.45,305.4,66,One year,Bank transfer (automatic),0,6291,Low engagement (1 services),Maintain standard lifecycle communications. Quarterly loyalty rewards & early access to new features. Renewal reminder 60 days before contract expiry.
2954-PIBKO,3.5,0.0348,0.0235,0.0611,0.0236,Low,64.15,769.8,69,Two year,Credit card (automatic),0,6311,Paperless billing,Maintain standard lifecycle communications. Quarterly loyalty rewards & early access to new features. Renewal reminder 60 days before contract expiry.
1459-QNFQT,3.5,0.0347,0.034,0.0368,0.0334,Low,59.5,714.0,70,Two year,Bank transfer (automatic),0,6312,Standard risk profile,Maintain standard lifecycle communications. Quarterly loyalty rewards & early access to new features. Renewal reminder 60 days before contract expiry.
1328-EUZHC,3.5,0.0351,0.0239,0.0425,0.0522,Low,20.1,241.2,18,Two year,Mailed check,0,6313,Manual payment method | Low engagement (0 services),Maintain standard lifecycle communications. Quarterly loyalty rewards & early access to new features. Renewal reminder 60 days before contract expiry.
2122-SZZZD,3.5,0.0348,0.0303,0.0267,0.0581,Low,19.5,234.0,44,One year,Credit card (automatic),0,6324,Low engagement (0 services),Maintain standard lifecycle communications. Quarterly loyalty rewards & early access to new features. Renewal reminder 60 days before contract expiry.
5148-ORICT,3.5,0.0345,0.0259,0.0554,0.0248,Low,74.35,892.2,64,Two year,Mailed check,0,6326,Manual payment method | Paperless billing,Maintain standard lifecycle communications. Quarterly loyalty rewards & early access to new features. Renewal reminder 60 days before contract expiry.
1265-ZFOSD,3.5,0.035,0.0252,0.0528,0.0325,Low,81.3,975.6,64,Two year,Mailed check,0,6327,Manual payment method | Paperless billing | High charge ($81/mo),Maintain standard lifecycle communications. Quarterly loyalty rewards & early access to new features. Renewal reminder 60 days before contract expiry.
9227-YBAXE,3.5,0.0352,0.0254,0.0429,0.0483,Low,82.5,990.0,65,Two year,Bank transfer (automatic),0,6328,Paperless billing | High charge ($82/mo),Maintain standard lifecycle communications. Quarterly loyalty rewards & early access to new features. Renewal reminder 60 days before contract expiry.
9297-EONCV,3.4,0.0345,0.0274,0.0379,0.0471,Low,91.35,1096.2,72,Two year,Bank transfer (automatic),0,6345,Paperless billing | High charge ($91/mo),Maintain standard lifecycle communications. Quarterly loyalty rewards & early access to new features. Renewal reminder 60 days before contract expiry.
2535-PBCGC,3.4,0.0341,0.0319,0.0357,0.037,Low,64.55,774.6,70,Two year,Bank transfer (automatic),0,6354,Standard risk profile,Maintain standard lifecycle communications. Quarterly loyalty rewards & early access to new features. Renewal reminder 60 days before contract expiry.
4967-WPNCF,3.4,0.0342,0.0303,0.0337,0.0448,Low,63.7,764.4,72,Two year,Bank transfer (automatic),0,6360,Paperless billing,Maintain standard lifecycle communications. Quarterly loyalty rewards & early access to new features. Renewal reminder 60 days before contract expiry.
9602-WCXPI,3.4,0.0338,0.034,0.0271,0.0434,Low,20.15,241.8,50,One year,Credit card (automatic),0,6362,Low engagement (0 services),Maintain standard lifecycle communications. Quarterly loyalty rewards & early access to new features. Renewal reminder 60 days before contract expiry.
6292-TOSSS,3.4,0.0337,0.0225,0.0566,0.0274,Low,24.9,298.8,50,Two year,Bank transfer (automatic),0,6363,Low engagement (1 services),Maintain standard lifecycle communications. Quarterly loyalty rewards & early access to new features. Renewal reminder 60 days before contract expiry.
0902-RFHOF,3.4,0.0337,0.034,0.0174,0.0572,Low,20.1,241.2,38,One year,Mailed check,0,6365,Manual payment method | Low engagement (0 services),Maintain standard lifecycle communications. Quarterly loyalty rewards & early access to new features. Renewal reminder 60 days before contract expiry.
7579-KKLOE,3.3,0.0335,0.0258,0.0473,0.032,Low,91.25,1095.0,71,Two year,Mailed check,0,6373,Manual payment method | Paperless billing | High charge ($91/mo),Maintain standard lifecycle communications. Quarterly loyalty rewards & early access to new features. Renewal reminder 60 days before contract expiry.
9814-AOUDH,3.3,0.0327,0.0215,0.0604,0.019,Low,19.5,234.0,53,Two year,Credit card (automatic),0,6376,Low engagement (0 services),Maintain standard lifecycle communications. Quarterly loyalty rewards & early access to new features. Renewal reminder 60 days before contract expiry.
8990-YOZLV,3.3,0.0328,0.0233,0.0589,0.0173,Low,66.9,802.8,69,Two year,Mailed check,0,6380,Manual payment method | Paperless billing,Maintain standard lifecycle communications. Quarterly loyalty rewards & early access to new features. Renewal reminder 60 days before contract expiry.
5774-QPLTF,3.3,0.0327,0.032,0.0333,0.0337,Low,20.35,244.2,50,One year,Mailed check,0,6381,Manual payment method | Paperless billing | Low engagement (0 services),Maintain standard lifecycle communications. Quarterly loyalty rewards & early access to new features. Renewal reminder 60 days before contract expiry.
7018-FPXHH,3.3,0.033,0.0247,0.0489,0.0299,Low,59.8,717.6,56,Two year,Bank transfer (automatic),0,6382,Paperless billing,Maintain standard lifecycle communications. Quarterly loyalty rewards & early access to new features. Renewal reminder 60 days before contract expiry.
9286-BHDQG,3.3,0.0328,0.0261,0.057,0.0131,Low,45.25,543.0,72,Two year,Credit card (automatic),0,6392,Standard risk profile,Maintain standard lifecycle communications. Quarterly loyalty rewards & early access to new features. Renewal reminder 60 days before contract expiry.
5176-OLSKT,3.3,0.0325,0.0249,0.0502,0.0251,Low,66.9,802.8,66,Two year,Bank transfer (automatic),0,6395,Standard risk profile,Maintain standard lifecycle communications. Quarterly loyalty rewards & early access to new features. Renewal reminder 60 days before contract expiry.
1302-TPUBN,3.2,0.0324,0.0189,0.07,0.0098,Low,19.35,232.2,66,Two year,Bank transfer (automatic),0,6397,Low engagement (0 services),Maintain standard lifecycle communications. Quarterly loyalty rewards & early access to new features. Renewal reminder 60 days before contract expiry.
1227-UDMZR,3.2,0.0319,0.0274,0.0297,0.0462,Low,91.15,1093.8,72,Two year,Bank transfer (automatic),0,6399,Paperless billing | High charge ($91/mo),Maintain standard lifecycle communications. Quarterly loyalty rewards & early access to new features. Renewal reminder 60 days before contract expiry.
7306-YDSOI,3.2,0.0324,0.0249,0.0545,0.0179,Low,59.75,717.0,69,Two year,Bank transfer (automatic),0,6401,Paperless billing,Maintain standard lifecycle communications. Quarterly loyalty rewards & early access to new features. Renewal reminder 60 days before contract expiry.
7688-AWMDX,3.2,0.0321,0.0212,0.0633,0.0126,Low,54.5,654.0,71,Two year,Bank transfer (automatic),0,6408,Low engagement (2 services),Maintain standard lifecycle communications. Quarterly loyalty rewards & early access to new features. Renewal reminder 60 days before contract expiry.
1074-WVEVG,3.2,0.0322,0.0333,0.0367,0.0228,Low,20.35,244.2,59,One year,Mailed check,0,6411,Manual payment method | Low engagement (0 services),Maintain standard lifecycle communications. Quarterly loyalty rewards & early access to new features. Renewal reminder 60 days before contract expiry.
3563-SVYLG,3.2,0.0319,0.0246,0.0563,0.0134,Low,62.65,751.8,68,Two year,Credit card (automatic),0,6414,Standard risk profile,Maintain standard lifecycle communications. Quarterly loyalty rewards & early access to new features. Renewal reminder 60 days before contract expiry.
7242-EDTYC,3.1,0.0309,0.019,0.0572,0.0213,Low,19.55,234.6,44,Two year,Bank transfer (automatic),0,6422,Low engagement (0 services),Maintain standard lifecycle communications. Quarterly loyalty rewards & early access to new features. Renewal reminder 60 days before contract expiry.
3785-KTYSH,3.1,0.0308,0.0225,0.0515,0.0205,Low,24.6,295.2,53,Two year,Mailed check,0,6431,Manual payment method | Low engagement (1 services),Maintain standard lifecycle communications. Quarterly loyalty rewards & early access to new features. Renewal reminder 60 days before contract expiry.
1657-DYMBM,3.1,0.0308,0.0215,0.0546,0.0185,Low,19.9,238.8,53,Two year,Credit card (automatic),0,6436,Low engagement (0 services),Maintain standard lifecycle communications. Quarterly loyalty rewards & early access to new features. Renewal reminder 60 days before contract expiry.
6425-JWTDV,3.1,0.0312,0.0191,0.06,0.018,Low,19.25,231.0,48,Two year,Mailed check,0,6442,Manual payment method | Low engagement (0 services),Maintain standard lifecycle communications. Quarterly loyalty rewards & early access to new features. Renewal reminder 60 days before contract expiry.
3978-YNKDD,3.1,0.0309,0.022,0.032,0.0513,Low,20.85,250.2,19,Two year,Credit card (automatic),0,6450,Low engagement (0 services),Maintain standard lifecycle communications. Quarterly loyalty rewards & early access to new features. Renewal reminder 60 days before contract expiry.
0732-OCQOC,3.0,0.0302,0.0236,0.044,0.0259,Low,25.05,300.6,52,Two year,Bank transfer (automatic),0,6475,Paperless billing | Low engagement (1 services),Maintain standard lifecycle communications. Quarterly loyalty rewards & early access to new features. Renewal reminder 60 days before contract expiry.
6349-JDHQP,3.0,0.0299,0.0215,0.0514,0.0189,Low,19.85,238.2,53,Two year,Credit card (automatic),0,6486,Low engagement (0 services),Maintain standard lifecycle communications. Quarterly loyalty rewards & early access to new features. Renewal reminder 60 days before contract expiry.
6695-AMZUF,3.0,0.0298,0.0299,0.0311,0.0273,Low,86.45,1037.4,70,Two year,Credit card (automatic),0,6487,High charge ($86/mo),Maintain standard lifecycle communications. Quarterly loyalty rewards & early access to new features. Renewal reminder 60 days before contract expiry.
0301-KOBTQ,2.9,0.0292,0.023,0.0303,0.043,Low,20.05,240.6,32,Two year,Bank transfer (automatic),0,6499,Paperless billing | Low engagement (0 services),Maintain standard lifecycle communications. Quarterly loyalty rewards & early access to new features. Renewal reminder 60 days before contract expiry.
5356-KZCKT,2.9,0.0286,0.0254,0.0341,0.0281,Low,24.45,293.4,58,Two year,Credit card (automatic),0,6519,Paperless billing | Low engagement (1 services),Maintain standard lifecycle communications. Quarterly loyalty rewards & early access to new features. Renewal reminder 60 days before contract expiry.
3889-VWBID,2.9,0.0291,0.0293,0.0349,0.0201,Low,82.85,994.2,68,Two year,Bank transfer (automatic),0,6520,High charge ($83/mo),Maintain standard lifecycle communications. Quarterly loyalty rewards & early access to new features. Renewal reminder 60 days before contract expiry.
2068-WWXQZ,2.8,0.0278,0.0215,0.0413,0.0235,Low,20.05,240.6,46,Two year,Bank transfer (automatic),0,6529,Low engagement (0 services),Maintain standard lifecycle communications. Quarterly loyalty rewards & early access to new features. Renewal reminder 60 days before contract expiry.
9795-SHUHB,2.8,0.0283,0.0222,0.0465,0.0164,Low,58.2,698.4,66,Two year,Credit card (automatic),0,6530,Paperless billing,Maintain standard lifecycle communications. Quarterly loyalty rewards & early access to new features. Renewal reminder 60 days before contract expiry.
7399-QHBJS,2.8,0.0278,0.0181,0.0541,0.0125,Low,66.75,801.0,72,Two year,Credit card (automatic),0,6534,Standard risk profile,Maintain standard lifecycle communications. Quarterly loyalty rewards & early access to new features. Renewal reminder 60 days before contract expiry.
5730-DBDSI,2.8,0.0276,0.0189,0.054,0.0096,Low,19.7,236.4,66,Two year,Bank transfer (automatic),0,6541,Low engagement (0 services),Maintain standard lifecycle communications. Quarterly loyalty rewards & early access to new features. Renewal reminder 60 days before contract expiry.
8857-CUPFQ,2.8,0.028,0.0212,0.0518,0.0093,Low,19.25,231.0,63,Two year,Mailed check,0,6543,Manual payment method | Low engagement (0 services),Maintain standard lifecycle communications. Quarterly loyalty rewards & early access to new features. Renewal reminder 60 days before contract expiry.
7722-VJRQD,2.8,0.0278,0.029,0.0242,0.0304,Low,60.95,731.4,72,Two year,Bank transfer (automatic),0,6547,Standard risk profile,Maintain standard lifecycle communications. Quarterly loyalty rewards & early access to new features. Renewal reminder 60 days before contract expiry.
5980-BDHPY,2.8,0.0283,0.0251,0.0171,0.0529,Low,87.1,1045.2,72,Two year,Bank transfer (automatic),0,6549,Paperless billing | High charge ($87/mo),Maintain standard lifecycle communications. Quarterly loyalty rewards & early access to new features. Renewal reminder 60 days before contract expiry.
4077-HWUYD,2.8,0.0282,0.0228,0.0266,0.0443,Low,87.55,1050.6,72,Two year,Bank transfer (automatic),0,6551,Paperless billing | High charge ($88/mo),Maintain standard lifecycle communications. Quarterly loyalty rewards & early access to new features. Renewal reminder 60 days before contract expiry.
1862-QRWPE,2.7,0.0272,0.0201,0.0457,0.0172,Low,20.65,247.8,48,Two year,Bank transfer (automatic),0,6552,Low engagement (0 services),Maintain standard lifecycle communications. Quarterly loyalty rewards & early access to new features. Renewal reminder 60 days before contract expiry.
2817-LVCPP,2.7,0.0269,0.0215,0.039,0.0224,Low,19.4,232.8,50,Two year,Credit card (automatic),0,6556,Low engagement (0 services),Maintain standard lifecycle communications. Quarterly loyalty rewards & early access to new features. Renewal reminder 60 days before contract expiry.
2263-SFSQZ,2.7,0.0267,0.0236,0.0346,0.0222,Low,24.95,299.4,51,Two year,Mailed check,0,6564,Manual payment method | Paperless billing | Low engagement (1 services),Maintain standard lifecycle communications. Quarterly loyalty rewards & early access to new features. Renewal reminder 60 days before contract expiry.
5360-XGYAZ,2.7,0.027,0.0266,0.0234,0.0333,Low,65.65,787.8,72,Two year,Bank transfer (automatic),0,6573,Paperless billing,Maintain standard lifecycle communications. Quarterly loyalty rewards & early access to new features. Renewal reminder 60 days before contract expiry.
7205-BAIAD,2.7,0.0274,0.0243,0.0248,0.0389,Low,20.6,247.2,40,Two year,Bank transfer (automatic),0,6575,Paperless billing | Low engagement (0 services),Maintain standard lifecycle communications. Quarterly loyalty rewards & early access to new features. Renewal reminder 60 days before contract expiry.
3620-EHIMZ,2.6,0.026,0.0201,0.0447,0.0126,Low,19.35,232.2,52,Two year,Mailed check,0,6579,Manual payment method | Low engagement (0 services),Maintain standard lifecycle communications. Quarterly loyalty rewards & early access to new features. Renewal reminder 60 days before contract expiry.
6248-BSHKG,2.6,0.0264,0.0322,0.0234,0.0163,Low,20.4,244.8,61,One year,Mailed check,0,6586,Manual payment method | Low engagement (0 services),Maintain standard lifecycle communications. Quarterly loyalty rewards & early access to new features. Renewal reminder 60 days before contract expiry.
4973-MGTON,2.6,0.0259,0.0243,0.0205,0.0378,Low,84.4,1012.8,71,Two year,Credit card (automatic),0,6588,Paperless billing | High charge ($84/mo),Maintain standard lifecycle communications. Quarterly loyalty rewards & early access to new features. Renewal reminder 60 days before contract expiry.
2725-TTRIQ,2.6,0.0263,0.0248,0.017,0.0442,Low,84.2,1010.4,72,Two year,Bank transfer (automatic),0,6589,Paperless billing | High charge ($84/mo),Maintain standard lifecycle communications. Quarterly loyalty rewards & early access to new features. Renewal reminder 60 days before contract expiry.
1223-UNPKS,2.6,0.0264,0.0224,0.025,0.0384,Low,20.05,240.6,20,Two year,Mailed check,0,6592,Manual payment method | Low engagement (0 services),Maintain standard lifecycle communications. Quarterly loyalty rewards & early access to new features. Renewal reminder 60 days before contract expiry.
0040-HALCW,2.6,0.0262,0.0201,0.0448,0.0137,Low,20.4,244.8,54,Two year,Credit card (automatic),0,6593,Low engagement (0 services),Maintain standard lifecycle communications. Quarterly loyalty rewards & early access to new features. Renewal reminder 60 days before contract expiry.
5006-MXVRN,2.6,0.026,0.0227,0.0265,0.0335,Low,20.7,248.4,39,Two year,Credit card (automatic),0,6604,Low engagement (0 services),Maintain standard lifecycle communications. Quarterly loyalty rewards & early access to new features. Renewal reminder 60 days before contract expiry.
8218-FFJDS,2.6,0.0262,0.0253,0.0184,0.04,Low,86.4,1036.8,72,Two year,Bank transfer (automatic),0,6617,Paperless billing | High charge ($86/mo),Maintain standard lifecycle communications. Quarterly loyalty rewards & early access to new features. Renewal reminder 60 days before contract expiry.
3400-ESFUW,2.6,0.0265,0.0239,0.0364,0.0179,Low,57.55,690.6,55,Two year,Bank transfer (automatic),1,6618,Standard risk profile,Maintain standard lifecycle communications. Quarterly loyalty rewards & early access to new features. Renewal reminder 60 days before contract expiry.
6695-FRVEC,2.6,0.0263,0.025,0.0354,0.0158,Low,60.4,724.8,67,Two year,Bank transfer (automatic),0,6621,Paperless billing,Maintain standard lifecycle communications. Quarterly loyalty rewards & early access to new features. Renewal reminder 60 days before contract expiry.
9548-LERKT,2.5,0.0253,0.0231,0.019,0.0403,Low,19.75,237.0,24,Two year,Mailed check,0,6628,Manual payment method | Low engagement (0 services),Maintain standard lifecycle communications. Quarterly loyalty rewards & early access to new features. Renewal reminder 60 days before contract expiry.
1619-YWUBB,2.5,0.0254,0.023,0.0353,0.0168,Low,24.95,299.4,68,Two year,Credit card (automatic),0,6632,Paperless billing | Low engagement (1 services),Maintain standard lifecycle communications. Quarterly loyalty rewards & early access to new features. Renewal reminder 60 days before contract expiry.
9453-PATOS,2.5,0.0248,0.0233,0.0294,0.0219,Low,85.1,1021.2,72,Two year,Mailed check,0,6642,Manual payment method | High charge ($85/mo),Maintain standard lifecycle communications. Quarterly loyalty rewards & early access to new features. Renewal reminder 60 days before contract expiry.
8922-NPKBJ,2.5,0.0248,0.0201,0.0361,0.0197,Low,19.35,232.2,42,Two year,Mailed check,0,6643,Manual payment method | Low engagement (0 services),Maintain standard lifecycle communications. Quarterly loyalty rewards & early access to new features. Renewal reminder 60 days before contract expiry.
0936-NQLJU,2.5,0.0252,0.0215,0.0279,0.0307,Low,20.65,247.8,41,Two year,Credit card (automatic),0,6644,Low engagement (0 services),Maintain standard lifecycle communications. Quarterly loyalty rewards & early access to new features. Renewal reminder 60 days before contract expiry.
9372-TXXPS,2.5,0.0247,0.0217,0.0349,0.0167,Low,59.85,718.2,60,Two year,Bank transfer (automatic),0,6646,Standard risk profile,Maintain standard lifecycle communications. Quarterly loyalty rewards & early access to new features. Renewal reminder 60 days before contract expiry.
6961-MJKBO,2.5,0.0255,0.0215,0.0345,0.022,Low,20.45,245.4,47,Two year,Bank transfer (automatic),0,6648,Low engagement (0 services),Maintain standard lifecycle communications. Quarterly loyalty rewards & early access to new features. Renewal reminder 60 days before contract expiry.
4475-NVTLU,2.5,0.0254,0.0277,0.0213,0.0255,Low,19.2,230.4,45,Two year,Electronic check,0,6655,Manual payment method | Electronic check payment | Low engagement (0 services),Maintain standard lifecycle communications. Quarterly loyalty rewards & early access to new features. Renewal reminder 60 days before contract expiry.
1395-WSWXR,2.4,0.0237,0.0231,0.0146,0.0387,Low,20.75,249.0,24,Two year,Mailed check,0,6658,Manual payment method | Low engagement (0 services),Maintain standard lifecycle communications. Quarterly loyalty rewards & early access to new features. Renewal reminder 60 days before contract expiry.
9975-GPKZU,2.4,0.0242,0.019,0.0355,0.0201,Low,19.75,237.0,46,Two year,Credit card (automatic),0,6664,Low engagement (0 services),Maintain standard lifecycle communications. Quarterly loyalty rewards & early access to new features. Renewal reminder 60 days before contract expiry.
5968-HYJRZ,2.4,0.0237,0.0211,0.0294,0.0214,Low,24.55,294.6,47,Two year,Mailed check,0,6667,Manual payment method | Low engagement (1 services),Maintain standard lifecycle communications. Quarterly loyalty rewards & early access to new features. Renewal reminder 60 days before contract expiry.
6997-UVGOX,2.4,0.0244,0.0276,0.0212,0.021,Low,85.45,1025.4,71,Two year,Bank transfer (automatic),0,6675,High charge ($85/mo),Maintain standard lifecycle communications. Quarterly loyalty rewards & early access to new features. Renewal reminder 60 days before contract expiry.
5821-MMEIL,2.4,0.0242,0.021,0.0362,0.0143,Low,19.9,238.8,57,Two year,Bank transfer (automatic),0,6677,Low engagement (0 services),Maintain standard lifecycle communications. Quarterly loyalty rewards & early access to new features. Renewal reminder 60 days before contract expiry.
4742-TXUEX,2.4,0.0244,0.019,0.0371,0.0188,Low,19.3,231.6,47,Two year,Bank transfer (automatic),0,6679,Low engagement (0 services),Maintain standard lifecycle communications. Quarterly loyalty rewards & early access to new features. Renewal reminder 60 days before contract expiry.
6139-ZZRBQ,2.4,0.0241,0.021,0.0344,0.0162,Low,20.05,240.6,64,Two year,Bank transfer (automatic),0,6681,Senior customer | Paperless billing | Low engagement (0 services),Maintain standard lifecycle communications. Quarterly loyalty rewards & early access to new features. Renewal reminder 60 days before contract expiry.
3308-DGHKL,2.4,0.0243,0.0225,0.0359,0.0114,Low,19.3,231.6,69,Two year,Bank transfer (automatic),0,6684,Paperless billing | Low engagement (0 services),Maintain standard lifecycle communications. Quarterly loyalty rewards & early access to new features. Renewal reminder 60 days before contract expiry.
2228-BZDEE,2.4,0.024,0.0215,0.035,0.0138,Low,20.1,241.2,54,Two year,Mailed check,0,6692,Manual payment method | Low engagement (0 services),Maintain standard lifecycle communications. Quarterly loyalty rewards & early access to new features. Renewal reminder 60 days before contract expiry.
4979-HPRFL,2.3,0.0235,0.0218,0.0299,0.0178,Low,24.15,289.8,56,Two year,Bank transfer (automatic),0,6699,Low engagement (1 services),Maintain standard lifecycle communications. Quarterly loyalty rewards & early access to new features. Renewal reminder 60 days before contract expiry.
9624-EGDEQ,2.3,0.0231,0.0227,0.0185,0.0308,Low,19.8,237.6,37,Two year,Mailed check,0,6708,Manual payment method | Low engagement (0 services),Maintain standard lifecycle communications. Quarterly loyalty rewards & early access to new features. Renewal reminder 60 days before contract expiry.
1047-RNXZV,2.3,0.0227,0.0215,0.0244,0.0233,Low,19.55,234.6,43,Two year,Mailed check,0,6720,Manual payment method | Low engagement (0 services),Maintain standard lifecycle communications. Quarterly loyalty rewards & early access to new features. Renewal reminder 60 days before contract expiry.
2418-TPEUN,2.3,0.0226,0.0209,0.0291,0.0169,Low,19.8,237.6,56,Two year,Credit card (automatic),0,6724,Paperless billing | Low engagement (0 services),Maintain standard lifecycle communications. Quarterly loyalty rewards & early access to new features. Renewal reminder 60 days before contract expiry.
3769-MHZNV,2.2,0.0223,0.0201,0.0262,0.0218,Low,20.1,241.2,33,Two year,Mailed check,0,6733,Manual payment method | Low engagement (0 services),Maintain standard lifecycle communications. Quarterly loyalty rewards & early access to new features. Renewal reminder 60 days before contract expiry.
9823-EALYC,2.2,0.022,0.0192,0.0249,0.025,Low,80.85,970.2,72,Two year,Bank transfer (automatic),0,6734,Paperless billing | High charge ($81/mo),Maintain standard lifecycle communications. Quarterly loyalty rewards & early access to new features. Renewal reminder 60 days before contract expiry.
8173-RXAYP,2.2,0.022,0.0204,0.0174,0.0331,Low,19.7,236.4,24,Two year,Mailed check,0,6737,Manual payment method | Low engagement (0 services),Maintain standard lifecycle communications. Quarterly loyalty rewards & early access to new features. Renewal reminder 60 days before contract expiry.
4785-FCIFB,2.2,0.0224,0.021,0.03,0.0143,Low,24.4,292.8,61,Two year,Mailed check,0,6744,Manual payment method | Low engagement (1 services),Maintain standard lifecycle communications. Quarterly loyalty rewards & early access to new features. Renewal reminder 60 days before contract expiry.
2208-NKVVH,2.2,0.0221,0.022,0.0196,0.0261,Low,24.25,291.0,43,Two year,Mailed check,0,6750,Manual payment method | Low engagement (1 services),Maintain standard lifecycle communications. Quarterly loyalty rewards & early access to new features. Renewal reminder 60 days before contract expiry.
4641-FROLU,2.2,0.0218,0.0201,0.0216,0.0262,Low,19.3,231.6,30,Two year,Mailed check,0,6752,Manual payment method | Low engagement (0 services),Maintain standard lifecycle communications. Quarterly loyalty rewards & early access to new features. Renewal reminder 60 days before contract expiry.
5743-KHMNA,2.1,0.021,0.0185,0.0319,0.0109,Low,25.55,306.6,71,Two year,Bank transfer (automatic),0,6756,Low engagement (1 services),Maintain standard lifecycle communications. Quarterly loyalty rewards & early access to new features. Renewal reminder 60 days before contract expiry.
0281-CNTZX,2.1,0.0214,0.0225,0.0248,0.0138,Low,19.95,239.4,63,Two year,Bank transfer (automatic),0,6767,Paperless billing | Low engagement (0 services),Maintain standard lifecycle communications. Quarterly loyalty rewards & early access to new features. Renewal reminder 60 days before contract expiry.
8711-LOBKY,2.1,0.0211,0.0208,0.0299,0.0088,Low,19.85,238.2,59,Two year,Mailed check,0,6769,Manual payment method | Low engagement (0 services),Maintain standard lifecycle communications. Quarterly loyalty rewards & early access to new features. Renewal reminder 60 days before contract expiry.
3612-YVGSJ,2.1,0.0207,0.0186,0.0278,0.0152,Low,24.45,293.4,71,Two year,Credit card (automatic),0,6772,Paperless billing | Low engagement (1 services),Maintain standard lifecycle communications. Quarterly loyalty rewards & early access to new features. Renewal reminder 60 days before contract expiry.
2696-RZVZW,2.1,0.0206,0.0222,0.023,0.0129,Low,25.05,300.6,68,Two year,Credit card (automatic),0,6785,Low engagement (1 services),Maintain standard lifecycle communications. Quarterly loyalty rewards & early access to new features. Renewal reminder 60 days before contract expiry.
8701-DGLVH,2.1,0.0208,0.0215,0.0232,0.0154,Low,20.45,245.4,51,Two year,Mailed check,0,6791,Manual payment method | Low engagement (0 services),Maintain standard lifecycle communications. Quarterly loyalty rewards & early access to new features. Renewal reminder 60 days before contract expiry.
9337-SRRNI,2.1,0.0207,0.0227,0.0211,0.015,Low,25.3,303.6,66,Two year,Credit card (automatic),0,6795,Paperless billing | Low engagement (1 services),Maintain standard lifecycle communications. Quarterly loyalty rewards & early access to new features. Renewal reminder 60 days before contract expiry.
2961-VNFKL,2.0,0.0204,0.0186,0.0276,0.0142,Low,25.95,311.4,71,Two year,Credit card (automatic),0,6798,Paperless billing | Low engagement (1 services),Maintain standard lifecycle communications. Quarterly loyalty rewards & early access to new features. Renewal reminder 60 days before contract expiry.
4779-ZGICK,2.0,0.0202,0.0211,0.0176,0.0217,Low,23.55,282.6,48,Two year,Mailed check,0,6799,Manual payment method | Low engagement (1 services),Maintain standard lifecycle communications. Quarterly loyalty rewards & early access to new features. Renewal reminder 60 days before contract expiry.
8957-THMOA,2.0,0.0201,0.0201,0.022,0.0171,Low,20.15,241.8,50,Two year,Credit card (automatic),0,6810,Low engagement (0 services),Maintain standard lifecycle communications. Quarterly loyalty rewards & early access to new features. Renewal reminder 60 days before contract expiry.
6000-UKLWI,2.0,0.0205,0.0215,0.0163,0.0243,Low,20.15,241.8,41,Two year,Mailed check,0,6814,Manual payment method | Low engagement (0 services),Maintain standard lifecycle communications. Quarterly loyalty rewards & early access to new features. Renewal reminder 60 days before contract expiry.
1270-XKUCC,2.0,0.0201,0.0201,0.0165,0.0255,Low,19.7,236.4,30,Two year,Mailed check,0,6819,Manual payment method | Low engagement (0 services),Maintain standard lifecycle communications. Quarterly loyalty rewards & early access to new features. Renewal reminder 60 days before contract expiry.
5699-BNCAS,2.0,0.02,0.0217,0.0206,0.0146,Low,24.65,295.8,71,Two year,Mailed check,0,6827,Manual payment method | Senior customer | Paperless billing,Maintain standard lifecycle communications. Quarterly loyalty rewards & early access to new features. Renewal reminder 60 days before contract expiry.
4817-KEQSP,1.9,0.0189,0.0147,0.0345,0.0061,Low,19.85,238.2,71,Two year,Bank transfer (automatic),0,6831,Low engagement (0 services),Maintain standard lifecycle communications. Quarterly loyalty rewards & early access to new features. Renewal reminder 60 days before contract expiry.
8727-JQFHV,1.9,0.0191,0.0208,0.023,0.009,Low,20.75,249.0,57,Two year,Mailed check,0,6837,Manual payment method | Low engagement (0 services),Maintain standard lifecycle communications. Quarterly loyalty rewards & early access to new features. Renewal reminder 60 days before contract expiry.
9397-TZSHA,1.9,0.0191,0.021,0.0199,0.0132,Low,24.6,295.2,69,Two year,Credit card (automatic),0,6839,Low engagement (1 services),Maintain standard lifecycle communications. Quarterly loyalty rewards & early access to new features. Renewal reminder 60 days before contract expiry.
9646-NMHXE,1.9,0.0188,0.0215,0.0142,0.019,Low,19.65,235.8,47,Two year,Mailed check,0,6842,Manual payment method | Low engagement (0 services),Maintain standard lifecycle communications. Quarterly loyalty rewards & early access to new features. Renewal reminder 60 days before contract expiry.
3635-QQRQD,1.9,0.0194,0.0225,0.0167,0.0156,Low,20.05,240.6,62,Two year,Credit card (automatic),0,6845,Paperless billing | Low engagement (0 services),Maintain standard lifecycle communications. Quarterly loyalty rewards & early access to new features. Renewal reminder 60 days before contract expiry.
6848-HJTXY,1.9,0.019,0.0179,0.0259,0.0114,Low,19.45,233.4,64,Two year,Credit card (automatic),0,6846,Low engagement (0 services),Maintain standard lifecycle communications. Quarterly loyalty rewards & early access to new features. Renewal reminder 60 days before contract expiry.
0397-ZXWQF,1.9,0.0186,0.0212,0.0208,0.0091,Low,20.5,246.0,67,Two year,Bank transfer (automatic),0,6849,Low engagement (0 services),Maintain standard lifecycle communications. Quarterly loyalty rewards & early access to new features. Renewal reminder 60 days before contract expiry.
1926-QUZNN,1.9,0.0186,0.0186,0.022,0.0133,Low,25.25,303.0,72,Two year,Bank transfer (automatic),0,6855,Paperless billing | Low engagement (1 services),Maintain standard lifecycle communications. Quarterly loyalty rewards & early access to new features. Renewal reminder 60 days before contract expiry.
0506-YLVKJ,1.9,0.0195,0.0214,0.0161,0.0198,Low,20.2,242.4,46,Two year,Mailed check,0,6863,Manual payment method | Paperless billing | Low engagement (0 services),Maintain standard lifecycle communications. Quarterly loyalty rewards & early access to new features. Renewal reminder 60 days before contract expiry.
5605-XNWEN,1.9,0.0192,0.0217,0.0171,0.0162,Low,25.0,300.0,72,Two year,Bank transfer (automatic),0,6864,Senior customer | Paperless billing | Low engagement (1 services),Maintain standard lifecycle communications. Quarterly loyalty rewards & early access to new features. Renewal reminder 60 days before contract expiry.
2984-RGEYA,1.8,0.0179,0.0192,0.0231,0.0068,Low,19.75,237.0,69,Two year,Bank transfer (automatic),0,6868,Low engagement (0 services),Maintain standard lifecycle communications. Quarterly loyalty rewards & early access to new features. Renewal reminder 60 days before contract expiry.
5970-GHJAW,1.8,0.0182,0.019,0.0157,0.0199,Low,19.95,239.4,46,Two year,Credit card (automatic),0,6869,Low engagement (0 services),Maintain standard lifecycle communications. Quarterly loyalty rewards & early access to new features. Renewal reminder 60 days before contract expiry.
9953-ZMKSM,1.8,0.0183,0.0222,0.0156,0.0127,Low,25.25,303.0,63,Two year,Mailed check,0,6873,Manual payment method | Low engagement (1 services),Maintain standard lifecycle communications. Quarterly loyalty rewards & early access to new features. Renewal reminder 60 days before contract expiry.
4589-IUAJB,1.8,0.0175,0.0222,0.0136,0.0117,Low,24.25,291.0,70,Two year,Bank transfer (automatic),0,6877,Low engagement (1 services),Maintain standard lifecycle communications. Quarterly loyalty rewards & early access to new features. Renewal reminder 60 days before contract expiry.
7601-GNDYK,1.8,0.018,0.0201,0.0131,0.0202,Low,19.6,235.2,35,Two year,Mailed check,0,6880,Manual payment method | Low engagement (0 services),Maintain standard lifecycle communications. Quarterly loyalty rewards & early access to new features. Renewal reminder 60 days before contract expiry.
2509-TFPJU,1.8,0.0181,0.018,0.0233,0.0107,Low,25.75,309.0,72,Two year,Credit card (automatic),0,6892,Low engagement (1 services),Maintain standard lifecycle communications. Quarterly loyalty rewards & early access to new features. Renewal reminder 60 days before contract expiry.
4707-MAXGU,1.8,0.0181,0.018,0.0233,0.0106,Low,25.85,310.2,72,Two year,Credit card (automatic),0,6894,Low engagement (1 services),Maintain standard lifecycle communications. Quarterly loyalty rewards & early access to new features. Renewal reminder 60 days before contract expiry.
8028-PNXHQ,1.8,0.0183,0.0227,0.0119,0.0169,Low,24.25,291.0,62,Two year,Bank transfer (automatic),0,6896,Paperless billing | Low engagement (1 services),Maintain standard lifecycle communications. Quarterly loyalty rewards & early access to new features. Renewal reminder 60 days before contract expiry.
0613-WUXUM,1.8,0.018,0.0187,0.024,0.0072,Low,19.2,230.4,70,Two year,Mailed check,0,6900,Manual payment method | Paperless billing | Low engagement (0 services),Maintain standard lifecycle communications. Quarterly loyalty rewards & early access to new features. Renewal reminder 60 days before contract expiry.
0603-TPMIB,1.7,0.0168,0.0207,0.0134,0.0123,Low,25.45,305.4,59,Two year,Mailed check,0,6904,Manual payment method | Low engagement (1 services),Maintain standard lifecycle communications. Quarterly loyalty rewards & early access to new features. Renewal reminder 60 days before contract expiry.
6857-TKDJV,1.7,0.0165,0.0213,0.0126,0.0105,Low,24.65,295.8,67,Two year,Bank transfer (automatic),0,6908,Low engagement (1 services),Maintain standard lifecycle communications. Quarterly loyalty rewards & early access to new features. Renewal reminder 60 days before contract expiry.
9251-AWQGT,1.7,0.017,0.0201,0.0135,0.0144,Low,20.0,240.0,48,Two year,Mailed check,0,6930,Manual payment method | Low engagement (0 services),Maintain standard lifecycle communications. Quarterly loyalty rewards & early access to new features. Renewal reminder 60 days before contract expiry.
6345-FZOQH,1.6,0.016,0.0212,0.0135,0.0068,Low,19.9,238.8,69,Two year,Mailed check,0,6935,Manual payment method | Low engagement (0 services),Maintain standard lifecycle communications. Quarterly loyalty rewards & early access to new features. Renewal reminder 60 days before contract expiry.
4231-LZUYM,1.6,0.0156,0.017,0.0167,0.0102,Low,25.65,307.8,72,Two year,Bank transfer (automatic),0,6942,Low engagement (1 services),Maintain standard lifecycle communications. Quarterly loyalty rewards & early access to new features. Renewal reminder 60 days before contract expiry.
8092-NLTGF,1.6,0.0155,0.018,0.0147,0.0106,Low,24.75,297.0,72,Two year,Bank transfer (automatic),0,6946,Low engagement (1 services),Maintain standard lifecycle communications. Quarterly loyalty rewards & early access to new features. Renewal reminder 60 days before contract expiry.
7673-BQGKU,1.6,0.0163,0.0192,0.0179,0.0066,Low,20.15,241.8,69,Two year,Bank transfer (automatic),0,6949,Low engagement (0 services),Maintain standard lifecycle communications. Quarterly loyalty rewards & early access to new features. Renewal reminder 60 days before contract expiry.
2718-YSKCS,1.6,0.0165,0.017,0.0213,0.0079,Low,19.6,235.2,71,Two year,Bank transfer (automatic),0,6953,Paperless billing | Low engagement (0 services),Maintain standard lifecycle communications. Quarterly loyalty rewards & early access to new features. Renewal reminder 60 days before contract expiry.
7695-PKLCZ,1.6,0.0162,0.0201,0.0142,0.0094,Low,20.5,246.0,68,Two year,Credit card (automatic),0,6955,Low engagement (0 services),Maintain standard lifecycle communications. Quarterly loyalty rewards & early access to new features. Renewal reminder 60 days before contract expiry.
6060-QBMGV,1.5,0.0149,0.0212,0.0088,0.0085,Low,19.85,238.2,70,Two year,Credit card (automatic),0,6961,Low engagement (0 services),Maintain standard lifecycle communications. Quarterly loyalty rewards & early access to new features. Renewal reminder 60 days before contract expiry.
7115-IRDHS,1.5,0.0147,0.017,0.0134,0.0107,Low,24.65,295.8,72,Two year,Bank transfer (automatic),0,6964,Low engagement (1 services),Maintain standard lifecycle communications. Quarterly loyalty rewards & early access to new features. Renewal reminder 60 days before contract expiry.
7463-IFMQU,1.5,0.0149,0.0162,0.0178,0.0072,Low,20.05,240.6,72,Two year,Bank transfer (automatic),0,6975,Low engagement (0 services),Maintain standard lifecycle communications. Quarterly loyalty rewards & early access to new features. Renewal reminder 60 days before contract expiry.
7969-FFOWG,1.5,0.0154,0.0203,0.013,0.0066,Low,19.9,238.8,65,Two year,Mailed check,0,6977,Manual payment method | Low engagement (0 services),Maintain standard lifecycle communications. Quarterly loyalty rewards & early access to new features. Renewal reminder 60 days before contract expiry.
9153-BTBVV,1.5,0.0146,0.017,0.0131,0.0108,Low,25.0,300.0,71,Two year,Bank transfer (automatic),0,6978,Low engagement (1 services),Maintain standard lifecycle communications. Quarterly loyalty rewards & early access to new features. Renewal reminder 60 days before contract expiry.
4086-WITJG,1.5,0.0151,0.0155,0.0201,0.0064,Low,19.7,236.4,71,Two year,Credit card (automatic),0,6982,Low engagement (0 services),Maintain standard lifecycle communications. Quarterly loyalty rewards & early access to new features. Renewal reminder 60 days before contract expiry.
0825-CPPQH,1.4,0.0143,0.0152,0.0168,0.0085,Low,19.1,229.2,71,Two year,Credit card (automatic),0,6987,Low engagement (0 services),Maintain standard lifecycle communications. Quarterly loyalty rewards & early access to new features. Renewal reminder 60 days before contract expiry.
1166-PQLGG,1.4,0.0143,0.0156,0.0176,0.0061,Low,19.55,234.6,72,Two year,Bank transfer (automatic),0,6988,Low engagement (0 services),Maintain standard lifecycle communications. Quarterly loyalty rewards & early access to new features. Renewal reminder 60 days before contract expiry.
7606-BPHHN,1.4,0.0139,0.0182,0.0093,0.0102,Low,19.8,237.6,72,Two year,Credit card (automatic),0,6990,Paperless billing | Low engagement (0 services),Maintain standard lifecycle communications. Quarterly loyalty rewards & early access to new features. Renewal reminder 60 days before contract expiry.
6285-FTQBF,1.4,0.0145,0.0172,0.0137,0.0088,Low,25.55,306.6,72,Two year,Credit card (automatic),0,6992,Low engagement (1 services),Maintain standard lifecycle communications. Quarterly loyalty rewards & early access to new features. Renewal reminder 60 days before contract expiry.
6980-IMXXE,1.4,0.0145,0.0192,0.0118,0.0067,Low,20.2,242.4,69,Two year,Bank transfer (automatic),0,6999,Low engagement (0 services),Maintain standard lifecycle communications. Quarterly loyalty rewards & early access to new features. Renewal reminder 60 days before contract expiry.
8224-KDLKN,1.3,0.0127,0.0172,0.0081,0.0082,Low,25.0,300.0,72,Two year,Bank transfer (automatic),0,7005,Low engagement (1 services),Maintain standard lifecycle communications. Quarterly loyalty rewards & early access to new features. Renewal reminder 60 days before contract expiry.
7684-XSZIY,1.3,0.0133,0.0172,0.0099,0.0084,Low,24.3,291.6,72,Two year,Bank transfer (automatic),0,7012,Low engagement (1 services),Maintain standard lifecycle communications. Quarterly loyalty rewards & early access to new features. Renewal reminder 60 days before contract expiry.
3996-ZNWYK,1.3,0.0131,0.0188,0.0072,0.008,Low,19.8,237.6,71,Two year,Credit card (automatic),0,7019,Senior customer | Low engagement (0 services),Maintain standard lifecycle communications. Quarterly loyalty rewards & early access to new features. Renewal reminder 60 days before contract expiry.
0480-KYJVA,1.2,0.0123,0.0163,0.0075,0.0094,Low,24.25,291.0,72,Two year,Credit card (automatic),0,7028,Low engagement (1 services),Maintain standard lifecycle communications. Quarterly loyalty rewards & early access to new features. Renewal reminder 60 days before contract expiry.
7711-GQBZC,1.2,0.0124,0.0163,0.0079,0.0091,Low,24.7,296.4,71,Two year,Bank transfer (automatic),0,7031,Low engagement (1 services),Maintain standard lifecycle communications. Quarterly loyalty rewards & early access to new features. Renewal reminder 60 days before contract expiry.
1052-QJIBV,1.1,0.0113,0.0156,0.0072,0.0066,Low,19.9,238.8,71,Two year,Credit card (automatic),0,7032,Low engagement (0 services),Maintain standard lifecycle communications. Quarterly loyalty rewards & early access to new features. Renewal reminder 60 days before contract expiry.
